id,name,position,age,country,league,tier,club,displayMarketValue,marketValueEstimated,marketValue,undervaluedScore,flag,acquirabilityScore,dealScore,hasAgent,contractExpires,minutes,systemFit,clubContactEmail,contactRoute
3385,Balazs Molnar,FW,24,Hungary,Hungary Amateur League,2,Kecskemet FC,60504,no,60504,67.7,High Priority - Unrepresented,45.27343409884238,57.61621446310184,No,2028,907,Counter-Attack / Transition,info@kecskemetfc.hu,Club sporting director / first-team office
4896,Christian Mbia,FW,19,Cameroon,Cameroon Third Tier - South,2,Garoua FC,60887,no,60887,67.2,High Priority,40.88354776296553,55.0614574366733,Yes,2027,1122,High Press / Gegenpressing,info@garouafc.cm,Go through the player's agent - ask the club to confirm representation first
1027,Ronaldo Rojas-Hernandez,DF,18,Venezuela,Venezuela Regional League,2,Barquisimeto Athletic,60792,no,60792,66.0,High Priority,29.017564920045853,47.529100641435086,Yes,2028,900,High Press / Gegenpressing,info@barquisimetoathletic.ve,Go through the player's agent - ask the club to confirm representation first
3329,Zsolt Kiss,FW,19,Hungary,Hungary Third Tier - South,2,Kecskemet Rangers,65996,no,65996,65.0,High Priority,40.59632165345872,53.85314732582879,Yes,2027,1163,High Press / Gegenpressing,info@kecskemetrangers.hu,Go through the player's agent - ask the club to confirm representation first
2464,Hussein Hassan-Mahmoud,DF,19,Iraq,Iraq Third Tier - South,2,Basra Wanderers,62166,no,62166,64.4,Watchlist - Unrepresented,55.916268536858205,60.846007820781544,No,2027,828,High Press / Gegenpressing,info@basrawanderers.iq,Club sporting director / first-team office
1954,Somchai Charoensuk-Boonmee,FW,17,Thailand,Thailand Third Tier - North,2,Nonthaburi Rovers,65182,no,65182,63.6,High Priority,16.256172355902613,36.84211168246454,Yes,2027,1459,High Press / Gegenpressing,info@nonthaburirovers.th,"Club youth/academy office ONLY - player is a minor, do not contact directly"
1538,Duc Pham-Vu,DF,19,Vietnam,Vietnam Second Division - East,2,Da Nang SC,62085,no,62085,62.7,High Priority - Unrepresented,55.922648030243344,59.896002469537336,No,2027,1257,High Press / Gegenpressing,info@danangsc.vn,Club sporting director / first-team office
744,Souleymane Diarra 90,MF,17,Mali,Mali Second Division - East,2,Bamako SC,65657,no,65657,62.0,Watchlist,11.529100587248287,31.640402646599984,Yes,2028,885,High Press / Gegenpressing,info@bamakosc.ml,"Club youth/academy office ONLY - player is a minor, do not contact directly"
3269,Luka Kovacevic-Novak,FW,17,Croatia,Croatia Second Division,2,Rudes Rangers,72986,no,72986,61.1,High Priority,18.32075795777255,37.73710856250949,Yes,2026,993,High Press / Gegenpressing,info@rudesrangers.hr,"Club youth/academy office ONLY - player is a minor, do not contact directly"
908,Kevin Mejia,MF,17,Honduras,Honduras Amateur League,2,Tegucigalpa FC,67694,no,67694,60.9,High Priority,9.668382501004302,29.167859342339405,Unknown,2029,943,High Press / Gegenpressing,info@tegucigalpafc.hn,"Club youth/academy office ONLY - player is a minor, do not contact directly"
4440,Serge Toure-Traore,MF,20,Ivory Coast,Ivory Coast Third Tier - South,2,Bouake City,64594,no,64594,60.6,High Priority,24.270300701669015,42.01226915463165,Unknown,2029,1095,High Press / Gegenpressing,info@bouakecity.ci,Club sporting director / first-team office
3230,Kwame Owusu-Appiah,FW,19,Ghana,Ghana Reserve League,2,Tamale United,70009,no,70009,60.1,High Priority - Unrepresented,62.98621774886969,61.21886035839459,No,2026,1175,High Press / Gegenpressing,info@tamaleunited.gh,Club sporting director / first-team office
1597,Omar Salim,FW,18,Iraq,Iraq Regional League,2,Erbil Wanderers,63765,no,63765,59.4,High Priority - Unrepresented,27.041862734395977,43.35344547562437,No,2029,1538,High Press / Gegenpressing,info@erbilwanderers.iq,Club sporting director / first-team office
875,Somchai Sanguan,MF,19,Thailand,Thailand Third Tier - North,2,Chiang Mai FC,65982,no,65982,58.7,High Priority,40.59707527839327,50.65979526021111,Yes,2027,1188,High Press / Gegenpressing,info@chiangmaifc.th,Go through the player's agent - ask the club to confirm representation first
1041,Tomas Novak-Cerny,FW,17,Czechia,Czechia Third Tier - South,2,Pardubice Rangers,73829,no,73829,58.2,High Priority,9.59526785851967,28.29677222335037,Unknown,2029,1316,High Press / Gegenpressing,info@pardubicerangers.cz,"Club youth/academy office ONLY - player is a minor, do not contact directly"
741,Anthony Mendoza-Quinonez,MF,19,Ecuador,Ecuador Reserve League,2,Cuenca Athletic,69513,no,69513,58.0,High Priority - Unrepresented,39.29581824655795,49.63176490820776,No,2028,925,High Press / Gegenpressing,info@cuencaathletic.ec,Club sporting director / first-team office
1585,Mateusz Kaminski,MF,19,Poland,Poland Second Division,3,Gdynia Athletic,61824,no,61824,56.3,High Priority,39.057552928558955,48.626190117878274,Unknown,2028,1097,High Press / Gegenpressing,info@gdyniaathletic.pl,Club sporting director / first-team office
178,Jack Wilson-Mitchell,MF,17,New Zealand,New Zealand Second Division - East,2,Wellington Athletic,63943,no,63943,55.9,High Priority - Unrepresented,15.833619980538893,33.76654361765192,No,2028,1350,Possession / Build-from-the-Back,info@wellingtonathletic.nz,"Club youth/academy office ONLY - player is a minor, do not contact directly"
268,Noah Brown-Clarke,DF,24,New Zealand,New Zealand Provincial League,2,Wellington City,65251,no,65251,55.5,High Priority,22.41836976445424,38.61264129583119,Yes,2029,1027,Counter-Attack / Transition,info@wellingtoncity.nz,Go through the player's agent - ask the club to confirm representation first
2982,Min-jun Kim-Choi,MF,25,South Korea,South Korea Reserve League,2,Busan Wanderers,63087,no,63087,55.3,High Priority - Unrepresented,30.808123967921563,43.75481490173596,No,2029,1054,Possession / Build-from-the-Back,info@busanwanderers.kr,Club sporting director / first-team office
4813,Uros Milic-Jovanovic,FW,24,Serbia,Serbia Second Division,2,Backa Topola Wanderers,64993,no,64993,54.6,High Priority,32.83553772936924,44.554243139368296,Yes,2028,1304,Flexible / Multi-System,info@backatopolawanderers.rs,Go through the player's agent - ask the club to confirm representation first
1304,Yves Kouassi-Diabate,DF,23,Ivory Coast,Ivory Coast Second Division,2,Bouake United,63224,no,63224,54.1,High Priority,64.99368563202778,58.247933387704435,Unknown,2026,1008,Possession / Build-from-the-Back,info@bouakeunited.ci,Club sporting director / first-team office
4616,Fidel Barrios-Murillo,FW,20,Panama,Panama Reserve League,3,Santiago Rangers,75620,no,75620,53.8,Watchlist,54.07512299592758,53.93368010588279,Unknown,2027,829,High Press / Gegenpressing,info@santiagorangers.pa,Club sporting director / first-team office
745,Abdoulaye Sow-Gueye,FW,26,Senegal,Senegal Second Division - West,2,Dakar Rovers,68272,no,68272,53.5,Watchlist - Unrepresented,44.79745232412754,49.83165187257906,No,2028,832,Counter-Attack / Transition,info@dakarrovers.sn,Club sporting director / first-team office
973,Giorgi Kiknadze,FW,21,Georgia,Georgia Provincial League,2,Tbilisi SC,82412,no,82412,53.2,High Priority - Unrepresented,57.20259997413101,54.7924215282638,No,2027,901,High Press / Gegenpressing,info@tbilisisc.ge,Club sporting director / first-team office
4058,Arturs Berzins 17,MF,20,Latvia,Latvia Second Division - East,3,Riga City,65119,no,65119,53.1,High Priority,38.88050082689623,46.87819101900096,Unknown,2028,1169,High Press / Gegenpressing,info@rigacity.lv,Club sporting director / first-team office
3665,Mateusz Mazur-Zielinski,MF,20,Poland,Poland Reserve League,2,Gdynia Wanderers,68979,no,68979,52.9,High Priority - Unrepresented,26.85652589889567,40.338887582306555,No,2029,1246,High Press / Gegenpressing,info@gdyniawanderers.pl,Club sporting director / first-team office
1668,Santiago Martinez-Rodriguez,MF,22,Bolivia,Bolivia Reserve League,2,Sucre Athletic,71482,no,71482,52.8,Watchlist,26.329483581345478,39.960367988263776,Unknown,2029,873,Possession / Build-from-the-Back,info@sucreathletic.bo,Club sporting director / first-team office
2585,Luka Matic,MF,18,Croatia,Croatia Third Tier - North,2,Osijek FC,66993,no,66993,52.4,High Priority - Unrepresented,63.22937943381613,56.474963000959605,No,2026,1262,Flexible / Multi-System,info@osijekfc.hr,Club sporting director / first-team office
3927,Chai Charoensuk,DF,17,Thailand,Thailand Regional League,2,Chiang Mai Wanderers,77913,no,77913,52.3,High Priority - Unrepresented,15.56220876124693,32.220078626016885,No,2028,1172,High Press / Gegenpressing,info@chiangmaiwanderers.th,"Club youth/academy office ONLY - player is a minor, do not contact directly"
2861,Kevin Pikk-Kukk,MF,19,Estonia,Estonia Regional League,4,Tartu Town,62532,no,62532,52.2,Watchlist - Unrepresented,65.73355486390939,57.228923599907574,No,2027,845,High Press / Gegenpressing,info@tartutown.ee,Club sporting director / first-team office
1975,Szymon Mazur,FW,19,Poland,Poland Provincial League,3,Rzeszow Town,63191,no,63191,52.0,High Priority - Unrepresented,43.385492498028015,48.392621231477115,No,2028,1108,High Press / Gegenpressing,info@rzeszowtown.pl,Club sporting director / first-team office
1252,Callum Wilson-Smith,MF,19,New Zealand,New Zealand Provincial League,2,Auckland Town,75302,no,75302,52.0,Watchlist,49.406365290977284,50.974546111624846,Unknown,2027,837,High Press / Gegenpressing,info@aucklandtown.nz,Club sporting director / first-team office
2784,Luis Ramirez,FW,23,Costa Rica,Costa Rica Regional League,3,Heredia Town,66381,no,66381,51.9,High Priority,44.17991500778185,48.64918072853522,Unknown,2028,1047,Counter-Attack / Transition,info@herediatown.cr,Club sporting director / first-team office
1678,Junior Martinez-Rondon,DF,21,Venezuela,Venezuela Third Tier - South,2,Maracaibo Athletic,73493,no,73493,51.5,High Priority,42.168565170959745,47.56299569465624,Yes,2027,1081,High Press / Gegenpressing,info@maracaiboathletic.ve,Go through the player's agent - ask the club to confirm representation first
1403,Edgars Kalns-Berzins,FW,18,Latvia,Latvia Second Division - West,3,Liepaja SC,69334,no,69334,51.5,High Priority - Unrepresented,43.03472844341673,47.950509141626306,No,2028,1443,High Press / Gegenpressing,info@liepajasc.lv,Club sporting director / first-team office
3689,Oumar Camara-Keita,DF,18,Mali,Mali Third Tier - South,2,Bamako United,72454,no,72454,51.2,High Priority - Unrepresented,39.15359616160419,45.99249486162381,No,2028,1119,High Press / Gegenpressing,info@bamakounited.ml,Club sporting director / first-team office
4352,Darko Mitrovski,DF,18,North Macedonia,North Macedonia Provincial League,2,Negotino Town,70437,no,70437,51.1,High Priority,56.56441915406075,53.20033802837043,Unknown,2026,1023,High Press / Gegenpressing,info@negotinotown.mk,Club sporting director / first-team office
1043,Domagoj Kovacevic,DF,21,Croatia,Croatia Reserve League,2,Bijelo Brdo Town,68089,no,68089,50.6,High Priority - Unrepresented,41.278485175214904,46.64317144861643,No,2028,1298,High Press / Gegenpressing,info@bijelobrdotown.hr,Club sporting director / first-team office
4171,Nicolas Rodriguez-Ferreira,MF,25,Uruguay,Uruguay Third Tier - North,2,Salto Wanderers,66051,no,66051,50.6,High Priority,46.20377500066483,48.79021375430376,Yes,2027,1116,Counter-Attack / Transition,info@saltowanderers.uy,Go through the player's agent - ask the club to confirm representation first
4273,Devon Bailey-Reid,GK,22,Jamaica,Jamaica Amateur League,2,Spanish Town Athletic,61400,yes,0,50.2,High Priority,31.732213972526324,41.807409715489726,Yes,2028,2458,Sweeper-Keeper / Build-from-the-Back,info@spanishtownathletic.jm,Go through the player's agent - ask the club to confirm representation first
2896,Hussein Salim-Kareem,DF,20,Iraq,Iraq Second Division,3,Erbil Rovers,65405,no,65405,50.2,High Priority,44.48394222237039,47.830653356737926,Yes,2027,1257,High Press / Gegenpressing,info@erbilrovers.iq,Go through the player's agent - ask the club to confirm representation first
4916,Ronaldo Gonzalez-Martinez,DF,17,Venezuela,Venezuela Regional League,2,Maracaibo United,77840,no,77840,50.0,High Priority,13.984156324042928,30.035613741657823,Unknown,2028,1175,Possession / Build-from-the-Back,info@maracaibounited.ve,"Club youth/academy office ONLY - player is a minor, do not contact directly"
4141,Rasmus Tamm-Pikk,FW,19,Estonia,Estonia Second Division - East,2,Tartu FC,80038,no,80038,49.9,High Priority - Unrepresented,38.81402616234059,45.136972949626276,No,2028,1138,Counter-Attack / Transition,info@tartufc.ee,Club sporting director / first-team office
2561,Andrej Kovacevic-Jovanovic,FW,17,Montenegro,Montenegro Reserve League,2,Berane Town,85317,no,85317,49.7,High Priority,15.877746159020914,31.503594417265123,Yes,2027,1060,High Press / Gegenpressing,info@beranetown.me,"Club youth/academy office ONLY - player is a minor, do not contact directly"
1560,Marlon Campbell,FW,22,Jamaica,Jamaica Reserve League,3,Spanish Town Rangers,77840,no,77840,49.6,Watchlist,41.895618663952945,46.34645869851677,Unknown,2028,875,Counter-Attack / Transition,info@spanishtownrangers.jm,Club sporting director / first-team office
1638,Petar Ilic-Nikolic,FW,26,Montenegro,Montenegro Regional League,2,Berane City,72077,no,72077,49.5,High Priority,45.85214911647449,48.00031722711539,Yes,2027,947,Counter-Attack / Transition,info@beranecity.me,Go through the player's agent - ask the club to confirm representation first
1482,Carlos Zambrano-Mendoza,DF,26,Ecuador,Ecuador Second Division - West,2,Cuenca Wanderers,70886,no,70886,49.3,High Priority,40.11944500202009,45.379896726748974,Unknown,2028,1024,Counter-Attack / Transition,info@cuencawanderers.ec,Club sporting director / first-team office
168,Matias Gonzalez-Cardozo,DF,19,Paraguay,Paraguay Third Tier - South,2,Luque Wanderers,71285,no,71285,49.1,High Priority,56.5052196891685,51.91514925538455,Unknown,2026,1352,High Press / Gegenpressing,info@luquewanderers.py,Club sporting director / first-team office
4981,Jose Morales-Solano,DF,17,Costa Rica,Costa Rica Second Division - East,3,Cartago City,75255,no,75255,48.8,High Priority,12.473416521717732,28.27671339072437,Yes,2028,1033,High Press / Gegenpressing,info@cartagocity.cr,"Club youth/academy office ONLY - player is a minor, do not contact directly"
467,Randall Vargas-Solano,DF,17,Costa Rica,Costa Rica Second Division,2,San Jose FC,82357,no,82357,48.7,High Priority - Unrepresented,10.577274050459554,26.450084486511287,No,2029,923,High Press / Gegenpressing,info@sanjosefc.cr,"Club youth/academy office ONLY - player is a minor, do not contact directly"
1212,Vladimir Milic,FW,21,Serbia,Serbia Second Division - West,3,Backa Topola SC,75604,no,75604,48.7,High Priority,56.70174543837223,51.76827204939751,Unknown,2027,1316,High Press / Gegenpressing,info@backatopolasc.rs,Club sporting director / first-team office
281,Yaw Owusu-Appiah,MF,17,Ghana,Ghana Provincial League,2,Kumasi Wanderers,82169,no,82169,48.6,High Priority,22.32281435069347,35.60825918930606,Unknown,2026,985,High Press / Gegenpressing,info@kumasiwanderers.gh,"Club youth/academy office ONLY - player is a minor, do not contact directly"
2478,Bjarni Einarsson,FW,24,Iceland,Iceland Second Division - West,2,Reykjavik FC,74521,no,74521,48.5,High Priority - Unrepresented,30.362365803364156,40.196355428994764,No,2029,927,Counter-Attack / Transition,info@reykjavikfc.is,Club sporting director / first-team office
507,Rok Kranjc-Horvat,MF,18,Slovenia,Slovenia Third Tier - North,3,Celje Athletic,60276,no,60276,48.0,High Priority - Unrepresented,43.56515134720444,46.184985570091456,No,2028,1267,High Press / Gegenpressing,info@celjeathletic.si,Club sporting director / first-team office
1138,Minh Le-Hoang,DF,20,Vietnam,Vietnam Third Tier - South,2,Hai Phong FC,61723,no,61723,48.0,High Priority,50.27352760252825,48.89353686249534,Unknown,2027,1618,High Press / Gegenpressing,info@haiphongfc.vn,Club sporting director / first-team office
4806,Milan Varga-Toth,FW,17,Slovakia,Slovakia Second Division - East,3,Nitra Wanderers,60009,no,60009,48.0,High Priority - Unrepresented,24.564892619790626,36.69536149108434,No,2027,1667,High Press / Gegenpressing,info@nitrawanderers.sk,"Club youth/academy office ONLY - player is a minor, do not contact directly"
4658,Jan Bianchi-Meier,DF,18,Switzerland,Switzerland Third Tier - South,4,Aarau Rangers,65864,no,65864,47.9,Watchlist,54.357216349030004,50.402887894900246,Yes,2026,820,High Press / Gegenpressing,info@aaraurangers.ch,Go through the player's agent - ask the club to confirm representation first
1207,Ethan Mitchell-Smith,DF,21,New Zealand,New Zealand Regional League,2,Christchurch Town,66162,no,66162,47.5,High Priority - Unrepresented,58.31250238257589,51.534815391199466,No,2027,1108,High Press / Gegenpressing,info@christchurchtown.nz,Club sporting director / first-team office
668,Ivan Lopez-Sanchez,MF,21,Paraguay,Paraguay Third Tier - North,2,Encarnacion Wanderers,72118,no,72118,47.2,High Priority,59.18858471751798,51.6896131862852,Unknown,2026,1308,High Press / Gegenpressing,info@encarnacionwanderers.py,Club sporting director / first-team office
4428,Bekzod Karimov-Yusupov,DF,21,Uzbekistan,Uzbekistan Second Division - West,2,Samarkand Town,77050,no,77050,47.1,High Priority - Unrepresented,57.54032721300258,51.000398585303735,No,2027,1435,High Press / Gegenpressing,info@samarkandtown.uz,Club sporting director / first-team office
1717,Erion Krasniqi,DF,19,Albania,Albania Third Tier - South,3,Durres Rangers,73505,no,73505,46.9,Watchlist,50.117445921316346,48.17690354605295,Yes,2026,858,High Press / Gegenpressing,info@durresrangers.al,Go through the player's agent - ask the club to confirm representation first
4609,Bryan Preciado-Suarez,MF,22,Ecuador,Ecuador Provincial League,2,Guayaquil Rovers,81003,no,81003,46.8,High Priority - Unrepresented,68.06443232685565,54.339109902842594,No,2026,935,Possession / Build-from-the-Back,info@guayaquilrovers.ec,Club sporting director / first-team office
3068,Milan Horvath,DF,20,Slovakia,Slovakia Second Division - West,2,Trencin Athletic,60618,no,60618,46.5,High Priority - Unrepresented,56.03978010327891,50.11931845581735,No,2027,1811,Flexible / Multi-System,info@trencinathletic.sk,Club sporting director / first-team office
169,Petr Horak,FW,24,Czechia,Czechia Regional League,2,Jihlava Rovers,68958,no,68958,46.5,High Priority,27.467127710440906,37.67095525087126,Unknown,2029,1427,Flexible / Multi-System,info@jihlavarovers.cz,Club sporting director / first-team office
229,Nicolas Rodriguez-Vargas,GK,17,Bolivia,Bolivia Second Division,2,Oruro Town,62686,no,62686,46.5,High Priority - Unrepresented,15.861150342329063,30.224007506184748,No,2028,2509,Sweeper-Keeper / Build-from-the-Back,info@orurotown.bo,"Club youth/academy office ONLY - player is a minor, do not contact directly"
1286,Emmanuel Appiah-Mensah,GK,18,Ghana,Ghana Provincial League,2,Accra Town,65800,yes,0,46.3,High Priority,46.21916996438925,46.2871456691131,Yes,2026,2050,Sweeper-Keeper / Build-from-the-Back,info@accratown.gh,Go through the player's agent - ask the club to confirm representation first
3161,Andres Kukk-Pikk,DF,17,Estonia,Estonia Second Division - East,2,Tartu Rangers,81331,no,81331,46.3,High Priority,9.514359437020394,24.594206002041517,Unknown,2029,1183,High Press / Gegenpressing,info@tarturangers.ee,"Club youth/academy office ONLY - player is a minor, do not contact directly"
635,Modibo Keita,MF,24,Mali,Mali Regional League,2,Kayes SC,74187,no,74187,46.3,High Priority - Unrepresented,30.374302162424936,39.11630369362718,No,2029,981,Possession / Build-from-the-Back,info@kayessc.ml,Club sporting director / first-team office
4083,Noah Muller,DF,22,Switzerland,Switzerland Provincial League,2,St. Gallen Wanderers,68190,no,68190,46.1,High Priority,50.429414534907785,47.799578700012,Yes,2026,1272,Flexible / Multi-System,info@stgallenwanderers.ch,Go through the player's agent - ask the club to confirm representation first
8,Kevin Preciado-Suarez,MF,21,Ecuador,Ecuador Third Tier - South,3,Guayaquil Rovers,62048,no,62048,46.0,High Priority - Unrepresented,64.20605732200306,52.58895519809344,No,2027,1334,Possession / Build-from-the-Back,info@guayaquilrovers.ec,Club sporting director / first-team office
924,Sardor Yuldashev-Rashidov,GK,26,Uzbekistan,Uzbekistan Reserve League,2,Andijan Rangers,63743,no,63743,46.0,High Priority - Unrepresented,63.50510677326923,52.30993555407464,No,2027,1668,Sweeper-Keeper / Build-from-the-Back,info@andijanrangers.uz,Club sporting director / first-team office
2541,Omar Jabbar-Hassan,FW,18,Iraq,Iraq Regional League,2,Baghdad Athletic,75391,no,75391,45.9,High Priority,23.944265323738673,35.38289835902306,Unknown,2029,1821,High Press / Gegenpressing,info@baghdadathletic.iq,Club sporting director / first-team office
2009,Saba Gelashvili,DF,18,Georgia,Georgia Second Division,2,Batumi United,73505,no,73505,45.4,Watchlist,49.510891640703576,46.99408601919228,Unknown,2027,851,High Press / Gegenpressing,info@batumiunited.ge,Club sporting director / first-team office
1719,Miguel Castillo-Vargas,MF,20,Costa Rica,Costa Rica Second Division,3,Alajuela FC,61678,no,61678,45.3,High Priority - Unrepresented,69.7324372286688,53.83849140763417,No,2026,1151,High Press / Gegenpressing,info@alajuelafc.cr,Club sporting director / first-team office
3213,Kemar Lowe,DF,17,Jamaica,Jamaica Second Division - West,3,Kingston SC,67429,no,67429,45.3,High Priority,20.19889264737768,32.77368456758606,Yes,2026,1387,High Press / Gegenpressing,info@kingstonsc.jm,"Club youth/academy office ONLY - player is a minor, do not contact directly"
493,Dusan Krstic-Nikolic,DF,17,Serbia,Serbia Second Division - East,2,Vojvodina Wanderers,83854,no,83854,44.9,High Priority,15.901794483453745,29.651117254496672,Yes,2027,1144,Counter-Attack / Transition,info@vojvodinawanderers.rs,"Club youth/academy office ONLY - player is a minor, do not contact directly"
3086,Ethan Clarke-Wilson,DF,20,New Zealand,New Zealand Provincial League,2,Hamilton United,86498,no,86498,44.8,High Priority - Unrepresented,38.55130495560274,42.17951278258304,No,2028,998,High Press / Gegenpressing,info@hamiltonunited.nz,Club sporting director / first-team office
3059,Michael Bauer-Huber,MF,21,Austria,Austria Third Tier - North,2,Graz City,68300,no,68300,44.8,High Priority,20.57012985432399,32.80628885963972,Yes,2029,1360,Possession / Build-from-the-Back,info@grazcity.at,Go through the player's agent - ask the club to confirm representation first
3131,Bryan Figueroa-Martinez,FW,19,Honduras,Honduras Third Tier - North,2,San Pedro Sula United,75648,no,75648,44.7,High Priority - Unrepresented,39.00608270623117,42.33456874938977,No,2028,1385,Counter-Attack / Transition,info@sanpedrosulaunited.hn,Club sporting director / first-team office
73,Jean Ngoy-Onana,FW,18,Cameroon,Cameroon Amateur League,2,Bafoussam Athletic,91368,no,91368,44.5,High Priority,23.544934545467363,34.51474982138407,Unknown,2029,1027,Counter-Attack / Transition,info@bafoussamathletic.cm,Club sporting director / first-team office
403,Otabek Yuldashev-Yusupov,DF,20,Uzbekistan,Uzbekistan Regional League,3,Samarkand United,61348,no,61348,44.2,High Priority - Unrepresented,43.49800395986908,43.90860615337192,No,2028,1488,High Press / Gegenpressing,info@samarkandunited.uz,Club sporting director / first-team office
4311,Somchai Boonmee-Charoensuk,MF,20,Thailand,Thailand Second Division - East,2,Bangkok FC,78214,no,78214,44.0,High Priority,28.384753954407813,36.91841658152247,Yes,2028,1383,High Press / Gegenpressing,info@bangkokfc.th,Go through the player's agent - ask the club to confirm representation first
2835,Ziga Kovac-Horvat,FW,26,Slovenia,Slovenia Second Division - West,2,Ljubljana United,85160,no,85160,43.6,Watchlist,39.480563081742574,41.90340440739286,Unknown,2028,871,Counter-Attack / Transition,info@ljubljanaunited.si,Club sporting director / first-team office
1100,Chanda Tembo-Zulu,MF,22,Zambia,Zambia Second Division,2,Ndola FC,86228,no,86228,43.4,High Priority - Unrepresented,67.69316903275192,51.841986544376624,No,2026,959,Possession / Build-from-the-Back,info@ndolafc.zm,Club sporting director / first-team office
3926,Jefferson Mendoza-Preciado,GK,17,Ecuador,Ecuador Second Division,2,Guayaquil Wanderers,67532,no,67532,43.2,High Priority,22.70930308358931,33.380617293978446,Unknown,2026,2240,Sweeper-Keeper / High Line,info@guayaquilwanderers.ec,"Club youth/academy office ONLY - player is a minor, do not contact directly"
4269,Ji-ho Choi-Jung,FW,22,South Korea,South Korea Second Division,2,Incheon Athletic,91525,no,91525,43.1,Watchlist - Unrepresented,67.34096666159317,51.51456042986309,No,2026,834,Counter-Attack / Transition,info@incheonathletic.kr,Club sporting director / first-team office
3245,Erion Bardhi-Meta,GK,19,Albania,Albania Provincial League,2,Elbasan City,64800,yes,0,43.0,High Priority,35.52578745733246,39.8557605649977,Unknown,2028,1936,Shot-Stopper / Traditional,info@elbasancity.al,Club sporting director / first-team office
929,Jan Kucera,FW,19,Czechia,Czechia Provincial League,4,Olomouc SC,72199,no,72199,43.0,High Priority,58.32490042180776,48.57841685326682,Unknown,2027,978,High Press / Gegenpressing,info@olomoucsc.cz,Club sporting director / first-team office
3351,Abdoulaye Ndiaye-Diallo,FW,22,Senegal,Senegal Amateur League,2,Thies SC,88113,no,88113,43.0,High Priority,53.33718056473599,46.87203149481487,Unknown,2027,910,Counter-Attack / Transition,info@thiessc.sn,Club sporting director / first-team office
4385,Romell Chirinos-Figueroa,FW,24,Honduras,Honduras Amateur League,3,Tegucigalpa City,71583,no,71583,42.9,Watchlist,43.8892179030416,43.30393485786638,Unknown,2028,863,Counter-Attack / Transition,info@tegucigalpacity.hn,Club sporting director / first-team office
1834,Ronaldo Rojas,MF,24,Venezuela,Venezuela Provincial League,2,Valencia FC,82820,no,82820,42.7,High Priority,51.55876508171005,46.06680007161769,Yes,2026,952,Possession / Build-from-the-Back,info@valenciafc.ve,Go through the player's agent - ask the club to confirm representation first
4962,Filip Ilic,MF,18,Montenegro,Montenegro Regional League,2,Niksic Town,86235,no,86235,42.5,High Priority,48.82375330854243,44.90591228302208,Unknown,2027,1123,High Press / Gegenpressing,info@niksictown.me,Club sporting director / first-team office
2024,Gergo Nagy,FW,24,Hungary,Hungary Reserve League,2,Kecskemet Athletic,82032,no,82032,42.1,High Priority,45.33601765796537,43.34399444923179,Yes,2027,1232,Counter-Attack / Transition,info@kecskemetathletic.hu,Go through the player's agent - ask the club to confirm representation first
2356,Andre Murillo-Godoy,FW,23,Panama,Panama Reserve League,2,David Rangers,90457,no,90457,41.8,Watchlist,31.899308463069005,37.52092947752526,Yes,2028,856,Counter-Attack / Transition,info@davidrangers.pa,Go through the player's agent - ask the club to confirm representation first
4560,Marko Nikolic-Ilic,GK,21,Montenegro,Montenegro Regional League,2,Danilovgrad Rangers,60700,yes,0,41.7,High Priority - Unrepresented,66.87416224694965,50.36211808647277,No,2026,1166,Shot-Stopper / Traditional,info@danilovgradrangers.me,Club sporting director / first-team office
2183,Mateo Torres-Flores,MF,22,Bolivia,Bolivia Second Division - East,2,La Paz Rangers,87176,no,87176,41.7,High Priority - Unrepresented,59.416478683375544,48.02914487021826,No,2027,995,Counter-Attack / Transition,info@lapazrangers.bo,Club sporting director / first-team office
2160,Karim Jabbar-Hassan,GK,23,Iraq,Iraq Third Tier - South,2,Baghdad FC,65578,no,65578,41.4,High Priority,64.78612402322587,49.551937010637495,Unknown,2026,2179,Shot-Stopper / Traditional,info@baghdadfc.iq,Club sporting director / first-team office
4577,Sebastian Lopez-Cardozo,MF,25,Paraguay,Paraguay Third Tier - North,2,Luque SC,68779,no,68779,41.4,High Priority,32.673267731342264,37.66708637845149,Yes,2028,1322,Possession / Build-from-the-Back,info@luquesc.py,Go through the player's agent - ask the club to confirm representation first
1857,Callum Wilson-Taylor,MF,20,New Zealand,New Zealand Second Division - West,3,Auckland Wanderers,80048,no,80048,41.3,High Priority - Unrepresented,42.49704147759999,41.803491232047335,No,2028,1021,High Press / Gegenpressing,info@aucklandwanderers.nz,Club sporting director / first-team office
3714,Peter Sedlak,GK,19,Slovakia,Slovakia Second Division - West,2,Presov Rangers,66400,yes,0,41.3,High Priority - Unrepresented,55.594823504127426,46.52772096317826,No,2027,2568,Flexible / Multi-System,info@presovrangers.sk,Club sporting director / first-team office
3120,Andrej Perovic-Jovanovic,DF,19,Montenegro,Montenegro Reserve League,2,Danilovgrad Athletic,91626,no,91626,41.1,Watchlist - Unrepresented,38.35751605913573,39.98584733811542,No,2028,872,High Press / Gegenpressing,info@danilovgradathletic.me,Club sporting director / first-team office
2851,Jefferson Zambrano-Chavez,GK,22,Ecuador,Ecuador Third Tier - South,2,Guayaquil Rangers,63800,yes,0,41.1,High Priority - Unrepresented,43.333411789028105,41.96437292148398,No,2028,1576,Shot-Stopper / Traditional,info@guayaquilrangers.ec,Club sporting director / first-team office
3637,Michael Wagner,DF,19,Austria,Austria Reserve League,2,Linz Athletic,88116,no,88116,40.8,High Priority,34.58312492278531,38.21302895623274,Unknown,2028,1202,High Press / Gegenpressing,info@linzathletic.at,Club sporting director / first-team office
2862,Moussa Ndiaye-Diop,DF,17,Senegal,Senegal Third Tier - South,2,Saint-Louis City,85091,no,85091,40.8,High Priority,9.476809414487333,22.74593551509671,Unknown,2029,1242,Counter-Attack / Transition,info@saintlouiscity.sn,"Club youth/academy office ONLY - player is a minor, do not contact directly"
3469,Andres Preciado-Zambrano,MF,20,Ecuador,Ecuador Provincial League,2,Manta FC,90894,no,90894,40.3,Watchlist,23.55565263933155,32.50576808147806,Unknown,2029,866,High Press / Gegenpressing,info@mantafc.ec,Club sporting director / first-team office
3081,Shamar Powell-Brown,MF,19,Jamaica,Jamaica Provincial League,3,Kingston United,63215,no,63215,40.2,High Priority - Unrepresented,61.13318887426549,47.556038571645416,No,2027,1308,Possession / Build-from-the-Back,info@kingstonunited.jm,Club sporting director / first-team office
4194,Kevin Tamm,MF,20,Estonia,Estonia Third Tier - North,2,Parnu United,75263,no,75263,40.1,High Priority - Unrepresented,39.023501100275475,39.66141293336627,No,2028,1105,Possession / Build-from-the-Back,info@parnuunited.ee,Club sporting director / first-team office
3669,Emiliano Ramirez-Sanchez,MF,17,Paraguay,Paraguay Second Division,2,Encarnacion Athletic,66997,no,66997,40.0,High Priority,16.21715336102076,27.8867497157773,Yes,2027,1432,High Press / Gegenpressing,info@encarnacionathletic.py,"Club youth/academy office ONLY - player is a minor, do not contact directly"
4571,Max Kouassi-Toure,MF,25,Ivory Coast,Ivory Coast Third Tier - North,2,San Pedro Athletic,87989,no,87989,40.0,Watchlist,55.47386468470556,45.56307944695252,Unknown,2027,800,Possession / Build-from-the-Back,info@sanpedroathletic.ci,Club sporting director / first-team office
3335,Cristian Ramirez-Gonzalez,FW,22,Paraguay,Paraguay Provincial League,2,Ciudad del Este FC,64858,no,64858,39.8,Watchlist - Unrepresented,69.40124517229164,49.74855449662583,No,2026,1242,Counter-Attack / Transition,info@ciudaddelestefc.py,Club sporting director / first-team office
491,Andrej Jovanovic-Ilic,FW,26,Montenegro,Montenegro Provincial League,3,Bar Rovers,74717,no,74717,39.8,Watchlist,70.12920053105638,49.9566280097748,Unknown,2026,1081,Counter-Attack / Transition,info@barrovers.me,Club sporting director / first-team office
3072,Esteban Morales-Castillo,DF,23,Costa Rica,Costa Rica Amateur League,2,San Jose Town,69581,no,69581,39.6,Watchlist,64.45111046201784,48.14664412214609,Unknown,2026,1286,Counter-Attack / Transition,info@sanjosetown.cr,Club sporting director / first-team office
1242,Serge Traore-Diabate,MF,23,Ivory Coast,Ivory Coast Reserve League,2,Abidjan Wanderers,61597,no,61597,39.5,Watchlist,32.99008977607306,36.753489965008356,Yes,2028,1526,Flexible / Multi-System,info@abidjanwanderers.ci,Go through the player's agent - ask the club to confirm representation first
2467,Nejc Novak,FW,25,Slovenia,Slovenia Third Tier - North,2,Celje SC,66958,no,66958,39.4,Watchlist,40.32006664526248,39.777466150470346,Unknown,2028,1209,Flexible / Multi-System,info@celjesc.si,Club sporting director / first-team office
2309,Tim Kranjc,DF,19,Slovenia,Slovenia Second Division,3,Celje SC,74924,no,74924,39.3,Watchlist,38.406253369954555,38.9428934691124,Unknown,2028,1302,Possession / Build-from-the-Back,info@celjesc.si,Club sporting director / first-team office
3938,Franco Martinez-Flores,GK,18,Bolivia,Bolivia Third Tier - South,2,La Paz Town,61045,no,61045,39.1,Watchlist,46.523515464345955,41.928276854773976,Yes,2026,1608,Sweeper-Keeper / High Line,info@lapaztown.bo,Go through the player's agent - ask the club to confirm representation first
3127,Andres Mets,DF,17,Estonia,Estonia Regional League,3,Narva Rovers,86727,no,86727,39.1,Watchlist,8.414033022619241,21.15126022375661,Yes,2029,837,High Press / Gegenpressing,info@narvarovers.ee,"Club youth/academy office ONLY - player is a minor, do not contact directly"
4935,Marlon Lowe-Reid,MF,22,Jamaica,Jamaica Reserve League,3,Spanish Town United,73818,no,73818,39.0,Watchlist - Unrepresented,75.13194369311283,50.72321972428852,No,2026,947,Possession / Build-from-the-Back,info@spanishtownunited.jm,Club sporting director / first-team office
4968,Marek Mets,FW,25,Estonia,Estonia Second Division - West,3,Tartu FC,67323,no,67323,38.9,Watchlist,70.7715626435065,49.427182218122525,Unknown,2026,828,Counter-Attack / Transition,info@tartufc.ee,Club sporting director / first-team office
379,Ji-ho Park-Kang,DF,18,South Korea,South Korea Amateur League,2,Daejeon Rangers,93703,no,93703,38.8,Watchlist - Unrepresented,61.39995648968709,46.64595067101939,No,2026,1042,High Press / Gegenpressing,info@daejeonrangers.kr,Club sporting director / first-team office
969,Matias Gonzalez,FW,17,Paraguay,Paraguay Third Tier - South,3,Asuncion Town,73065,no,73065,38.7,Watchlist - Unrepresented,24.145390447936247,32.06347860950764,No,2027,1172,Counter-Attack / Transition,info@asunciontown.py,"Club youth/academy office ONLY - player is a minor, do not contact directly"
458,Andre Fotso-Njie,MF,20,Cameroon,Cameroon Regional League,2,Garoua Town,82133,no,82133,38.6,Watchlist,34.79655335736918,37.0537772162348,Unknown,2028,1288,Possession / Build-from-the-Back,info@garouatown.cm,Club sporting director / first-team office
788,Mustafa Kareem-Hassan,DF,17,Iraq,Iraq Second Division - West,2,Erbil Athletic,91325,no,91325,38.6,Watchlist - Unrepresented,15.34742460093045,26.706190975827813,No,2028,1312,High Press / Gegenpressing,info@erbilathletic.iq,"Club youth/academy office ONLY - player is a minor, do not contact directly"
3352,Cheikh Gueye,DF,25,Senegal,Senegal Amateur League,2,Saint-Louis FC,79942,no,79942,38.6,Watchlist,22.023563570397073,30.856934870446945,Yes,2029,1273,Counter-Attack / Transition,info@saintlouisfc.sn,Go through the player's agent - ask the club to confirm representation first
4183,Bekzod Yuldashev-Tashkentov,DF,17,Uzbekistan,Uzbekistan Third Tier - North,2,Samarkand Wanderers,94562,no,94562,38.6,Watchlist - Unrepresented,10.450145694268437,22.900590718958085,No,2029,1048,High Press / Gegenpressing,info@samarkandwanderers.uz,"Club youth/academy office ONLY - player is a minor, do not contact directly"
1128,Jan Schmid,MF,17,Switzerland,Switzerland Amateur League,4,Sion Athletic,78724,no,78724,38.2,Watchlist,16.431573407516755,27.249142401382663,Unknown,2028,931,High Press / Gegenpressing,info@sionathletic.ch,"Club youth/academy office ONLY - player is a minor, do not contact directly"
2411,Amadou Coulibaly-Camara,DF,18,Mali,Mali Second Division - East,2,Kayes Athletic,77978,no,77978,38.2,Watchlist,23.873682552011047,31.636648896424994,Unknown,2029,1515,Flexible / Multi-System,info@kayesathletic.ml,Club sporting director / first-team office
1781,Nikola Nikolic-Vukotic,DF,17,Montenegro,Montenegro Regional League,2,Danilovgrad Rangers,95936,no,95936,38.2,Watchlist - Unrepresented,24.509423437041704,31.970979852905522,No,2026,1041,High Press / Gegenpressing,info@danilovgradrangers.me,"Club youth/academy office ONLY - player is a minor, do not contact directly"
2569,Noah Taylor-Mitchell,MF,22,New Zealand,New Zealand Provincial League,3,Auckland SC,80577,no,80577,38.1,Watchlist,33.92707242643316,36.378812392116174,Yes,2028,1097,Counter-Attack / Transition,info@aucklandsc.nz,Go through the player's agent - ask the club to confirm representation first
4175,Jan Horak,DF,18,Czechia,Czechia Provincial League,2,Olomouc Rovers,86705,no,86705,38.0,Watchlist - Unrepresented,61.81838169710485,46.14207258337513,No,2026,910,High Press / Gegenpressing,info@olomoucrovers.cz,Club sporting director / first-team office
1664,Hussein Abbas,DF,22,Iraq,Iraq Amateur League,2,Baghdad Rangers,74271,no,74271,37.8,Watchlist - Unrepresented,60.255258728071645,45.57523165702146,No,2027,1309,Counter-Attack / Transition,info@baghdadrangers.iq,Club sporting director / first-team office
4542,Saba Kapanadze-Kiknadze,FW,24,Georgia,Georgia Regional League,2,Kutaisi Wanderers,92732,no,92732,37.8,Watchlist - Unrepresented,69.94977685395905,48.35041455706251,No,2026,825,Counter-Attack / Transition,info@kutaisiwanderers.ge,Club sporting director / first-team office
4590,Igor Angelovski-Ristovski,MF,17,North Macedonia,North Macedonia Provincial League,3,Stip Rangers,90495,no,90495,37.8,Watchlist,19.685524826058554,29.108571385181214,Yes,2026,1001,High Press / Gegenpressing,info@stiprangers.mk,"Club youth/academy office ONLY - player is a minor, do not contact directly"
3270,Lukas Bauer-Hofer,DF,19,Austria,Austria Provincial League,2,Wels Wanderers,65022,no,65022,37.6,Watchlist,24.25627984779166,31.536428724100286,Unknown,2029,1889,Flexible / Multi-System,info@welswanderers.at,Club sporting director / first-team office
1392,Juraj Molnar,FW,20,Slovakia,Slovakia Amateur League,2,Zilina FC,82998,no,82998,37.5,Watchlist,45.289600538671955,40.468250995250436,Yes,2026,1048,Counter-Attack / Transition,info@zilinafc.sk,Go through the player's agent - ask the club to confirm representation first
3032,Igor Ristovski-Mitrovski,MF,18,North Macedonia,North Macedonia Second Division - West,3,Bitola Wanderers,62394,no,62394,37.5,Watchlist,50.8413015526935,42.36626129079663,Yes,2026,1285,Flexible / Multi-System,info@bitolawanderers.mk,Go through the player's agent - ask the club to confirm representation first
3114,Kittipong Sanguan-Boonmee,MF,18,Thailand,Thailand Second Division,4,Chiang Mai Town,60485,no,60485,37.5,Watchlist - Unrepresented,31.953276542426366,35.18354823035951,No,2029,1422,Possession / Build-from-the-Back,info@chiangmaitown.th,Club sporting director / first-team office
2948,Anon Boonmee-Wongsa,MF,21,Thailand,Thailand Reserve League,2,Nonthaburi SC,82258,no,82258,37.5,Watchlist,51.406289509159215,42.50899263746178,Unknown,2027,833,High Press / Gegenpressing,info@nonthaburisc.th,Club sporting director / first-team office
2226,Milan Horvath-Balaz,DF,25,Slovakia,Slovakia Provincial League,4,Presov United,60687,no,60687,37.4,Watchlist,26.535760832873205,32.62018935920136,Yes,2029,829,Counter-Attack / Transition,info@presovunited.sk,Go through the player's agent - ask the club to confirm representation first
4552,Modibo Traore-Coulibaly,MF,26,Mali,Mali Reserve League,2,Bamako Rangers,67428,no,67428,37.4,Watchlist,27.521105803722826,33.07354029179344,Unknown,2029,1266,Possession / Build-from-the-Back,info@bamakorangers.ml,Club sporting director / first-team office
1830,Amadou Coulibaly,FW,26,Mali,Mali Reserve League,2,Bamako United,88756,no,88756,37.3,Watchlist,26.86718115827693,32.705525879174175,Unknown,2029,972,Counter-Attack / Transition,info@bamakounited.ml,Club sporting director / first-team office
3830,Agustin Rodriguez-Pereira,FW,22,Uruguay,Uruguay Amateur League,2,Rivera Athletic,64362,no,64362,36.9,Watchlist,26.572319638500932,32.3374275154508,Unknown,2029,1413,Flexible / Multi-System,info@riveraathletic.uy,Club sporting director / first-team office
1589,Fabian Meier-Baumann,MF,23,Switzerland,Switzerland Regional League,2,Winterthur FC,81372,no,81372,36.7,Watchlist - Unrepresented,30.129604481750004,33.928661126492486,No,2029,916,Possession / Build-from-the-Back,info@winterthurfc.ch,Club sporting director / first-team office
910,Mwansa Sakala-Phiri,DF,20,Zambia,Zambia Provincial League,2,Livingstone Rovers,73231,no,73231,36.6,Watchlist,40.22848400559626,37.988041725002454,Yes,2027,1260,Flexible / Multi-System,info@livingstonerovers.zm,Go through the player's agent - ask the club to confirm representation first
2255,Adam Szabo,DF,23,Hungary,Hungary Amateur League,2,Szombathely Town,86324,no,86324,36.4,Watchlist - Unrepresented,29.974260761038686,33.69599908421922,No,2029,1107,Flexible / Multi-System,info@szombathelytown.hu,Club sporting director / first-team office
1924,Liam Wilson-Mitchell,DF,25,New Zealand,New Zealand Amateur League,2,Christchurch Athletic,85347,no,85347,36.4,Watchlist,45.179137406880926,39.70581540293469,Yes,2027,890,Possession / Build-from-the-Back,info@christchurchathletic.nz,Go through the player's agent - ask the club to confirm representation first
2075,Rodrigo Cardozo,DF,21,Paraguay,Paraguay Reserve League,2,Luque City,95653,no,95653,36.4,Watchlist - Unrepresented,56.461681314276795,43.361261271857366,No,2027,824,High Press / Gegenpressing,info@luquecity.py,Club sporting director / first-team office
4622,Ethan Taylor-Wilson,FW,20,New Zealand,New Zealand Third Tier - South,2,Auckland SC,63848,no,63848,36.2,Watchlist,50.124850025579775,41.21774057250226,Unknown,2027,1346,Flexible / Multi-System,info@aucklandsc.nz,Club sporting director / first-team office
3974,Moussa Diop-Diallo,FW,25,Senegal,Senegal Reserve League,3,Thies Wanderers,62797,no,62797,36.2,Watchlist - Unrepresented,79.24539277535268,49.505397941188,No,2026,1130,Counter-Attack / Transition,info@thieswanderers.sn,Club sporting director / first-team office
361,Ardit Krasniqi-Duro,GK,25,Albania,Albania Second Division - East,2,Tirana Wanderers,72943,no,72943,35.9,Watchlist - Unrepresented,71.43447526292047,47.306362958562985,No,2026,2241,Sweeper-Keeper / Build-from-the-Back,info@tiranawanderers.al,Club sporting director / first-team office
2609,Amadou Camara-Coulibaly,GK,21,Mali,Mali Second Division,2,Kayes SC,76000,yes,0,35.8,Watchlist,25.089190798736826,31.06442016760806,Unknown,2029,1405,Shot-Stopper / Traditional,info@kayessc.ml,Club sporting director / first-team office
2375,Ante Kovac,DF,17,Croatia,Croatia Regional League,3,Osijek SC,74991,no,74991,35.8,Watchlist,24.637540287056996,30.81003928490889,Unknown,2026,982,High Press / Gegenpressing,info@osijeksc.hr,"Club youth/academy office ONLY - player is a minor, do not contact directly"
2568,Nemanja Ilic-Krstic,MF,18,Serbia,Serbia Second Division - West,2,Cacak Athletic,61193,no,61193,35.7,Watchlist,19.80713088627902,28.220939164012904,Yes,2029,1771,High Press / Gegenpressing,info@cacakathletic.rs,Go through the player's agent - ask the club to confirm representation first
1257,Aron Bjornsson,MF,20,Iceland,Iceland Regional League,3,Akureyri Athletic,89564,no,89564,35.7,Watchlist - Unrepresented,67.49312932003593,46.083627747167064,No,2026,967,High Press / Gegenpressing,info@akureyriathletic.is,Club sporting director / first-team office
2290,Mateo Rodriguez-Vargas,MF,21,Bolivia,Bolivia Regional League,4,La Paz Wanderers,60892,no,60892,35.5,Watchlist,70.65448998145627,46.77887214615027,Unknown,2026,1055,Counter-Attack / Transition,info@lapazwanderers.bo,Club sporting director / first-team office
484,Dusan Petrovic-Stankovic,FW,25,Serbia,Serbia Third Tier - South,2,Dobanovci Rovers,76228,no,76228,35.5,Watchlist,63.93862856585223,44.91638110539225,Unknown,2026,1602,Counter-Attack / Transition,info@dobanovcirovers.rs,Club sporting director / first-team office
1546,Wuilker Rondon-Perez,FW,21,Venezuela,Venezuela Reserve League,2,Maracaibo FC,70001,no,70001,35.4,Watchlist - Unrepresented,41.17857973764064,37.61324791104911,No,2028,1032,Counter-Attack / Transition,info@maracaibofc.ve,Club sporting director / first-team office
4675,Enock Zulu-Mwansa,MF,22,Zambia,Zambia Second Division - East,2,Ndola Town,87554,no,87554,35.4,Watchlist,53.36689121268165,41.71882907278282,Unknown,2027,897,Possession / Build-from-the-Back,info@ndolatown.zm,Club sporting director / first-team office
3105,Marco Bianchi,DF,17,Switzerland,Switzerland Third Tier - South,3,St. Gallen Rangers,68900,no,68900,35.2,Watchlist - Unrepresented,24.269711971114294,30.315053517589057,No,2027,1161,High Press / Gegenpressing,info@stgallenrangers.ch,"Club youth/academy office ONLY - player is a minor, do not contact directly"
2252,Kofi Agyemang-Appiah,MF,19,Ghana,Ghana Second Division - East,2,Sekondi Athletic,86760,no,86760,35.1,Watchlist - Unrepresented,26.322952541762685,31.304393537982428,No,2029,1302,Counter-Attack / Transition,info@sekondiathletic.gh,Club sporting director / first-team office
189,Michael Murillo-Perez,GK,21,Panama,Panama Third Tier - North,2,Santiago United,63333,no,63333,35.1,Watchlist - Unrepresented,58.53590042197397,43.05722902858107,No,2027,1495,Sweeper-Keeper / High Line,info@santiagounited.pa,Club sporting director / first-team office
4312,Adalberto Murillo-Barrios,DF,26,Panama,Panama Second Division,3,David Athletic,60973,no,60973,34.9,Watchlist,36.153069179301696,35.39169923271677,Yes,2028,940,Possession / Build-from-the-Back,info@davidathletic.pa,Go through the player's agent - ask the club to confirm representation first
3439,Ali Mahmoud-Kareem,DF,19,Iraq,Iraq Provincial League,2,Basra City,70267,no,70267,34.8,Watchlist - Unrepresented,26.813086686783905,31.33154239725402,No,2029,1733,Flexible / Multi-System,info@basracity.iq,Club sporting director / first-team office
3231,Ivan Perez-Sanchez,FW,17,Paraguay,Paraguay Third Tier - South,2,Ciudad del Este Rovers,101111,no,101111,34.6,Watchlist,15.643524508116673,25.205359488910005,Yes,2027,985,High Press / Gegenpressing,info@ciudaddelesterovers.py,"Club youth/academy office ONLY - player is a minor, do not contact directly"
1652,Nicolas Acosta-Rodriguez,DF,26,Uruguay,Uruguay Third Tier - North,2,Rivera United,67257,no,67257,34.6,Watchlist,56.79353165292747,42.15556554514023,Unknown,2027,1516,Flexible / Multi-System,info@riveraunited.uy,Club sporting director / first-team office
3019,Mamadou Diop-Faye,DF,20,Senegal,Senegal Amateur League,3,Ziguinchor Town,82847,no,82847,34.5,Watchlist - Unrepresented,67.9550952368256,45.239695701553316,No,2026,1286,High Press / Gegenpressing,info@ziguinchortown.sn,Club sporting director / first-team office
322,Sebastian Ramirez-Sanchez,DF,18,Paraguay,Paraguay Regional League,2,Luque Rovers,90178,no,90178,34.5,Watchlist,39.50237192226027,36.414984909586266,Yes,2027,1339,High Press / Gegenpressing,info@luquerovers.py,Go through the player's agent - ask the club to confirm representation first
4229,Facundo Acosta 76,MF,24,Uruguay,Uruguay Provincial League,3,Paysandu Athletic,62898,no,62898,34.5,Watchlist - Unrepresented,49.401890936248634,39.81293599707003,No,2028,1092,Possession / Build-from-the-Back,info@paysanduathletic.uy,Club sporting director / first-team office
3145,Lukas Molnar,GK,23,Slovakia,Slovakia Second Division - East,2,Presov City,82100,yes,0,34.5,Watchlist,55.81113826224581,41.80091946900707,Unknown,2027,2660,Sweeper-Keeper / Build-from-the-Back,info@presovcity.sk,Club sporting director / first-team office
287,Zsolt Molnar-Nagy,GK,20,Hungary,Hungary Reserve League,2,Pecs Rangers,62200,yes,0,34.5,Watchlist - Unrepresented,55.913593417874395,41.831596954195895,No,2027,1916,Flexible / Multi-System,info@pecsrangers.hu,Club sporting director / first-team office
4569,Agustin Acosta-Ferreira,MF,18,Uruguay,Uruguay Third Tier - North,3,Rivera Rovers,80961,no,80961,34.4,Watchlist,61.18240129281987,43.31892953918834,Unknown,2026,1007,High Press / Gegenpressing,info@riverarovers.uy,Club sporting director / first-team office
953,Yuto Suzuki,FW,26,Japan,Japan Provincial League,2,Fukuoka United,67622,no,67622,34.4,Watchlist,22.348465284990187,28.941800298236082,Yes,2029,1128,Counter-Attack / Transition,info@fukuokaunited.jp,Go through the player's agent - ask the club to confirm representation first
2591,Lukas Sedlak-Horvath,MF,19,Slovakia,Slovakia Second Division,2,Zilina City,75878,no,75878,34.2,Watchlist,40.10369022667119,36.45827072760811,Yes,2027,1746,Flexible / Multi-System,info@zilinacity.sk,Go through the player's agent - ask the club to confirm representation first
644,Levente Horvath-Nagy,FW,19,Hungary,Hungary Provincial League,3,Gyor Athletic,92939,no,92939,34.0,Watchlist,43.13719498901178,37.36922033076608,Yes,2027,1086,High Press / Gegenpressing,info@gyorathletic.hu,Go through the player's agent - ask the club to confirm representation first
4461,Kwame Mensah,DF,26,Ghana,Ghana Second Division - West,3,Kumasi SC,80917,no,80917,34.0,Watchlist - Unrepresented,33.005115904611436,33.57312567272558,No,2029,873,Counter-Attack / Transition,info@kumasisc.gh,Club sporting director / first-team office
495,Diyorbek Tashkentov-Karimov,GK,24,Uzbekistan,Uzbekistan Reserve League,2,Andijan FC,70300,yes,0,33.9,Watchlist,56.57405590839632,41.57983918933294,Unknown,2027,1117,Sweeper-Keeper / High Line,info@andijanfc.uz,Club sporting director / first-team office
4403,Michael Godoy,GK,19,Panama,Panama Provincial League,2,David Town,63600,yes,0,33.5,Watchlist - Unrepresented,39.60268364765113,35.81691713282487,No,2028,953,Shot-Stopper / Traditional,info@davidtown.pa,Club sporting director / first-team office
2393,Gunnar Halldorsson-Einarsson,FW,24,Iceland,Iceland Second Division - West,3,Keflavik Rovers,89403,no,89403,33.4,Watchlist,29.398207184617167,31.764601530095312,Unknown,2029,882,Counter-Attack / Transition,info@keflavikrovers.is,Club sporting director / first-team office
2728,Karl Olafsson,DF,22,Iceland,Iceland Reserve League,2,Reykjavik Town,96808,no,96808,33.4,Watchlist - Unrepresented,28.535658943214624,31.33693620927858,No,2029,1039,Counter-Attack / Transition,info@reykjaviktown.is,Club sporting director / first-team office
1445,Pongsak Boonmee,MF,19,Thailand,Thailand Regional League,2,Bangkok Athletic,77653,no,77653,33.4,Watchlist - Unrepresented,38.91690267909088,35.47763073488919,No,2028,1541,Possession / Build-from-the-Back,info@bangkokathletic.th,Club sporting director / first-team office
3763,Bence Varga-Kovacs,MF,26,Hungary,Hungary Amateur League,2,Szombathely Rangers,67786,no,67786,33.3,Watchlist,40.27673031209227,35.92563718231603,Unknown,2028,964,Possession / Build-from-the-Back,info@szombathelyrangers.hu,Club sporting director / first-team office
2215,Nam Pham-Vu,DF,18,Vietnam,Vietnam Second Division,2,Hanoi United,100220,no,100220,33.3,Watchlist - Unrepresented,25.992859001047023,30.15228781182284,No,2029,903,High Press / Gegenpressing,info@hanoiunited.vn,Club sporting director / first-team office
4480,Fabian Meier-Frei,DF,21,Switzerland,Switzerland Second Division - West,2,Aarau United,82496,no,82496,33.3,Watchlist - Unrepresented,57.19750112619608,41.33609738908283,No,2027,1134,High Press / Gegenpressing,info@aarauunited.ch,Club sporting director / first-team office
3601,Junior Rondon-Rojas,GK,22,Venezuela,Venezuela Third Tier - South,2,Barquisimeto Town,66439,no,66439,33.3,Watchlist,50.54433261321878,39.3150060485049,Yes,2026,1216,Flexible / Multi-System,info@barquisimetotown.ve,Go through the player's agent - ask the club to confirm representation first
4447,Milos Krstic-Milic,GK,18,Serbia,Serbia Third Tier - South,3,Dobanovci Town,80257,no,80257,33.3,Watchlist - Unrepresented,42.4873465032134,36.676949191811815,No,2028,1611,Shot-Stopper / Traditional,info@dobanovcitown.rs,Club sporting director / first-team office
987,Duc Le,MF,24,Vietnam,Vietnam Regional League,2,Hai Phong Wanderers,92732,no,92732,33.2,Watchlist - Unrepresented,69.94977685395905,44.748635725052694,No,2026,825,Possession / Build-from-the-Back,info@haiphongwanderers.vn,Club sporting director / first-team office
3209,Kevin Figueroa-Elvir,MF,23,Honduras,Honduras Amateur League,2,Tegucigalpa Town,99714,no,99714,33.2,Watchlist,26.594892684606332,30.393769308852917,Unknown,2029,845,Possession / Build-from-the-Back,info@tegucigalpatown.hn,Club sporting director / first-team office
3297,Bekzod Yusupov-Karimov,DF,22,Uzbekistan,Uzbekistan Third Tier - South,2,Tashkent Rovers,73181,no,73181,33.2,Watchlist - Unrepresented,68.67192451823755,44.41877370517045,No,2026,1295,Possession / Build-from-the-Back,info@tashkentrovers.uz,Club sporting director / first-team office
1283,Kristijan Stojanovski,MF,17,North Macedonia,North Macedonia Reserve League,2,Bitola Wanderers,70044,no,70044,33.2,Watchlist,11.464036539828486,21.681120832679866,Yes,2028,1840,Flexible / Multi-System,info@bitolawanderers.mk,"Club youth/academy office ONLY - player is a minor, do not contact directly"
3470,Ardit Shala-Duro,MF,18,Albania,Albania Third Tier - South,2,Vlore Rangers,94744,no,94744,33.0,Watchlist - Unrepresented,26.12096911289126,30.031741462281254,No,2029,972,High Press / Gegenpressing,info@vlorerangers.al,Club sporting director / first-team office
1130,Agustin Gonzalez-Acosta,MF,17,Uruguay,Uruguay Second Division - East,2,Montevideo Rangers,74823,no,74823,32.9,Watchlist - Unrepresented,22.006753624184196,28.00815318802703,No,2027,1779,Flexible / Multi-System,info@montevideorangers.uy,"Club youth/academy office ONLY - player is a minor, do not contact directly"
3215,Cole Smith-Wilson,DF,18,New Zealand,New Zealand Reserve League,2,Hamilton Rovers,90718,no,90718,32.9,Watchlist - Unrepresented,26.220404211296444,30.03833514570312,No,2029,1288,Possession / Build-from-the-Back,info@hamiltonrovers.nz,Club sporting director / first-team office
1292,Milan Urban-Varga,FW,24,Slovakia,Slovakia Second Division - West,3,Banska Bystrica Town,81871,no,81871,32.8,Watchlist - Unrepresented,77.42742076660595,46.21682261120848,No,2026,1032,Counter-Attack / Transition,info@banskabystricatown.sk,Club sporting director / first-team office
4346,Karl Mets-Tamm,MF,21,Estonia,Estonia Second Division - East,2,Tartu Rovers,92054,no,92054,32.8,Watchlist - Unrepresented,64.4812773131535,42.952350364708906,No,2026,1239,Possession / Build-from-the-Back,info@tarturovers.ee,Club sporting director / first-team office
2184,Kristers Kalns 52,DF,18,Latvia,Latvia Second Division - West,4,Liepaja Athletic,74538,no,74538,32.8,Watchlist - Unrepresented,45.937364141241375,37.49946922719188,No,2028,1081,High Press / Gegenpressing,info@liepajaathletic.lv,Club sporting director / first-team office
2078,Filip Vukotic-Nikolic,DF,23,Montenegro,Montenegro Second Division,2,Budva Rovers,79350,no,79350,32.7,Watchlist - Unrepresented,44.211901033498286,36.88434155765128,No,2028,1472,Flexible / Multi-System,info@budvarovers.me,Club sporting director / first-team office
3108,Modibo Keita-Diarra,FW,20,Mali,Mali Amateur League,3,Mopti Town,95573,no,95573,32.7,Watchlist - Unrepresented,41.84297285131661,36.07544612038018,No,2028,945,High Press / Gegenpressing,info@moptitown.ml,Club sporting director / first-team office
3538,Dusan Ilic-Stankovic,MF,22,Serbia,Serbia Provincial League,3,Nis Wanderers,72517,no,72517,32.6,Watchlist,59.40285506044562,41.41479862632551,Unknown,2027,1424,Flexible / Multi-System,info@niswanderers.rs,Club sporting director / first-team office
3610,Marek Sedlak,DF,17,Slovakia,Slovakia Amateur League,2,Presov Town,86100,yes,0,32.5,Watchlist,7.689625506761768,18.255127952396858,Yes,2029,1267,High Press / Gegenpressing,info@presovtown.sk,"Club youth/academy office ONLY - player is a minor, do not contact directly"
2735,Kevin Elvir-Palacios,FW,18,Honduras,Honduras Amateur League,2,Tegucigalpa Athletic,92438,no,92438,32.4,Watchlist,34.438529879930435,33.21478400089489,Unknown,2028,1226,Counter-Attack / Transition,info@tegucigalpaathletic.hn,Club sporting director / first-team office
3860,Shamar Powell-Reid,DF,21,Jamaica,Jamaica Second Division,2,Spanish Town City,81076,no,81076,32.4,Watchlist - Unrepresented,40.65274796149283,35.491311666191464,No,2028,1140,High Press / Gegenpressing,info@spanishtowncity.jm,Club sporting director / first-team office
2847,Sebastian Gonzalez-Lopez,DF,26,Paraguay,Paraguay Third Tier - South,3,Luque SC,79149,no,79149,32.4,Watchlist - Unrepresented,77.65683751848624,45.92193093177802,No,2026,1074,Counter-Attack / Transition,info@luquesc.py,Club sporting director / first-team office
3484,Franco Rodriguez-Vargas,FW,18,Bolivia,Bolivia Regional League,3,Cochabamba SC,88918,no,88918,32.3,Watchlist - Unrepresented,42.108063263281636,35.882659136955645,No,2028,1258,Counter-Attack / Transition,info@cochabambasc.bo,Club sporting director / first-team office
2560,Janis Liepa-Vitols,FW,26,Latvia,Latvia Second Division - East,3,Jelgava Rovers,63807,no,63807,32.2,Watchlist - Unrepresented,79.13483428402385,46.11002121232317,No,2026,1265,Counter-Attack / Transition,info@jelgavarovers.lv,Club sporting director / first-team office
1636,Ibrahima Sow-Faye,MF,19,Senegal,Senegal Second Division,2,Ziguinchor SC,85017,no,85017,32.2,Watchlist,23.693827233886534,28.464000515219166,Unknown,2029,1190,Counter-Attack / Transition,info@ziguinchorsc.sn,Club sporting director / first-team office
490,Ousmane Diop,GK,19,Senegal,Senegal Second Division,2,Thies SC,61860,no,61860,32.2,Watchlist,40.826872117372496,35.37528197344138,Yes,2027,2057,Sweeper-Keeper / High Line,info@thiessc.sn,Go through the player's agent - ask the club to confirm representation first
3865,Ivan Ramirez-Perez,GK,20,Paraguay,Paraguay Reserve League,2,Luque Athletic,85891,no,85891,32.2,Watchlist - Unrepresented,38.575067441919636,34.581525264580826,No,2028,1888,Shot-Stopper / Traditional,info@luqueathletic.py,Club sporting director / first-team office
4377,Samuel Njie-Onana,DF,21,Cameroon,Cameroon Third Tier - North,2,Bafoussam Athletic,93459,no,93459,32.0,Watchlist,29.302795174474113,30.90337925373082,Yes,2028,1162,High Press / Gegenpressing,info@bafoussamathletic.cm,Go through the player's agent - ask the club to confirm representation first
1586,Martin Cerny-Horak,FW,23,Czechia,Czechia Reserve League,2,Ostrava Rovers,61296,no,61296,31.9,Watchlist,27.751668077886354,30.177414721116623,Unknown,2029,1416,Flexible / Multi-System,info@ostravarovers.cz,Club sporting director / first-team office
531,Michael Godoy-Torres,DF,24,Panama,Panama Provincial League,2,David Wanderers,68785,no,68785,31.9,Watchlist - Unrepresented,63.08350159618452,41.890774319883306,No,2027,1312,Possession / Build-from-the-Back,info@davidwanderers.pa,Club sporting director / first-team office
1002,Jean Fotso-Mbia,DF,17,Cameroon,Cameroon Second Division - West,4,Yaounde Athletic,67292,no,67292,31.8,Watchlist - Unrepresented,18.54011034211128,25.6359928230784,No,2028,1355,High Press / Gegenpressing,info@yaoundeathletic.cm,"Club youth/academy office ONLY - player is a minor, do not contact directly"
4668,Bakary Keita-Coulibaly,DF,23,Mali,Mali Second Division - West,2,Sikasso SC,98956,no,98956,31.8,Watchlist,31.64963985067772,31.710618925076865,Yes,2028,860,Counter-Attack / Transition,info@sikassosc.ml,Go through the player's agent - ask the club to confirm representation first
1520,Edgars Berzins-Liepa,MF,17,Latvia,Latvia Regional League,3,Liepaja Rovers,78076,no,78076,31.7,Watchlist - Unrepresented,27.32347609598788,29.873327299313996,No,2026,1390,High Press / Gegenpressing,info@liepajarovers.lv,"Club youth/academy office ONLY - player is a minor, do not contact directly"
3140,Thomas Moser,DF,18,Austria,Austria Second Division - West,2,Innsbruck Athletic,97727,no,97727,31.5,Watchlist - Unrepresented,61.17447059092572,41.06593127451227,No,2026,1267,High Press / Gegenpressing,info@innsbruckathletic.at,Club sporting director / first-team office
1530,Piotr Kowalski,MF,22,Poland,Poland Third Tier - South,2,Olsztyn Rangers,73415,no,73415,31.3,Watchlist - Unrepresented,60.31640818169659,40.69730664899234,No,2027,1468,Counter-Attack / Transition,info@olsztynrangers.pl,Club sporting director / first-team office
693,Marko Radovic,MF,19,Montenegro,Montenegro Reserve League,3,Podgorica Rovers,67395,no,67395,31.2,Watchlist,38.76380091724195,34.05741654797196,Unknown,2028,1414,Flexible / Multi-System,info@podgoricarovers.me,Club sporting director / first-team office
1825,Diego Flores-Torres,FW,21,Bolivia,Bolivia Third Tier - South,2,La Paz Wanderers,99934,no,99934,31.1,Watchlist - Unrepresented,39.91563785636737,34.336932337360324,No,2028,853,Counter-Attack / Transition,info@lapazwanderers.bo,Club sporting director / first-team office
2492,Kristijan Stojanovski-Naumovski,FW,22,North Macedonia,North Macedonia Second Division - West,2,Tetovo United,96171,no,96171,31.1,Watchlist,60.24584828233911,40.48322597331404,Unknown,2026,1128,Flexible / Multi-System,info@tetovounited.mk,Club sporting director / first-team office
2876,Cole Brown,FW,25,New Zealand,New Zealand Second Division - East,2,Auckland Athletic,104443,no,104443,31.0,Watchlist,62.200860900396734,40.9360530024728,Unknown,2026,846,Counter-Attack / Transition,info@aucklandathletic.nz,Club sporting director / first-team office
4795,Franck Toure,FW,17,Ivory Coast,Ivory Coast Second Division - West,2,Bouake FC,105379,no,105379,30.9,Watchlist - Unrepresented,15.156402293062857,23.233092684259383,No,2028,1279,High Press / Gegenpressing,info@bouakefc.ci,"Club youth/academy office ONLY - player is a minor, do not contact directly"
1980,Milan Urban,GK,23,Slovakia,Slovakia Third Tier - North,3,Zilina Athletic,67300,yes,0,30.8,Watchlist - Unrepresented,49.11034415677016,37.124236724383096,No,2028,888,Sweeper-Keeper / Build-from-the-Back,info@zilinaathletic.sk,Club sporting director / first-team office
4445,Ondrej Horak-Dvorak,GK,17,Czechia,Czechia Reserve League,2,Jihlava United,69800,yes,0,30.8,Watchlist - Unrepresented,10.73149438481794,20.204700787304173,No,2029,2671,Shot-Stopper / Traditional,info@jihlavaunited.cz,"Club youth/academy office ONLY - player is a minor, do not contact directly"
3468,Olafur Gudmundsson,DF,22,Iceland,Iceland Third Tier - North,2,Reykjavik Town,93782,no,93782,30.7,Watchlist,20.88406795957877,26.340364593492225,Yes,2029,1075,Counter-Attack / Transition,info@reykjaviktown.is,Go through the player's agent - ask the club to confirm representation first
1312,Roman Escobar-Perez,FW,22,Panama,Panama Regional League,2,Santiago Rovers,80134,no,80134,30.5,Watchlist,31.001387721199187,30.675864907768045,Yes,2028,1192,Counter-Attack / Transition,info@santiagorovers.pa,Go through the player's agent - ask the club to confirm representation first
3251,Jose Escobar-Barrios,MF,21,Panama,Panama Reserve League,3,Santiago SC,82187,no,82187,30.4,Watchlist - Unrepresented,62.64615343905895,40.63523672076781,No,2027,1251,High Press / Gegenpressing,info@santiagosc.pa,Club sporting director / first-team office
4257,Stefan Hofer-Gruber,FW,22,Austria,Austria Regional League,3,Graz City,69886,no,69886,30.4,Watchlist,55.096637567919096,38.5445935127067,Yes,2026,1139,Counter-Attack / Transition,info@grazcity.at,Go through the player's agent - ask the club to confirm representation first
4237,Kwabena Owusu-Asante,DF,19,Ghana,Ghana Third Tier - North,2,Sekondi FC,90995,no,90995,30.3,Watchlist,44.926529745158085,35.503870850110346,Yes,2026,1582,Possession / Build-from-the-Back,info@sekondifc.gh,Go through the player's agent - ask the club to confirm representation first
72,Erion Bardhi-Krasniqi,FW,26,Albania,Albania Third Tier - North,3,Vlore FC,81288,no,81288,30.2,Watchlist,43.403664154319465,34.91852963510557,Unknown,2028,911,Counter-Attack / Transition,info@vlorefc.al,Club sporting director / first-team office
441,Nikola Nikolic,MF,18,Montenegro,Montenegro Amateur League,2,Berane United,80198,no,80198,30.1,Watchlist - Unrepresented,26.504721868759145,28.617565203073323,No,2029,1529,Flexible / Multi-System,info@beraneunited.me,Club sporting director / first-team office
32,Gentian Meta,DF,17,Albania,Albania Amateur League,2,Elbasan Wanderers,90228,no,90228,30.0,Watchlist - Unrepresented,24.641328537596813,27.736681281864207,No,2026,1334,Flexible / Multi-System,info@elbasanwanderers.al,"Club youth/academy office ONLY - player is a minor, do not contact directly"
4535,Souleymane Keita-Diarra,FW,20,Mali,Mali Third Tier - North,3,Kayes Wanderers,74540,no,74540,29.9,Watchlist - Unrepresented,68.58626810519088,41.646559440120846,No,2026,1330,High Press / Gegenpressing,info@kayeswanderers.ml,Club sporting director / first-team office
1270,Chanda Banda,FW,17,Zambia,Zambia Amateur League,3,Livingstone FC,73765,no,73765,29.9,Watchlist,20.040785677738707,25.459516810476774,Yes,2026,1659,Counter-Attack / Transition,info@livingstonefc.zm,"Club youth/academy office ONLY - player is a minor, do not contact directly"
2370,Shamar Lowe-Brown,FW,22,Jamaica,Jamaica Third Tier - South,2,Montego Bay Town,100684,no,100684,29.9,Watchlist,25.55203605233813,28.057854852661006,Unknown,2029,1058,Counter-Attack / Transition,info@montegobaytown.jm,Club sporting director / first-team office
22,Miguel Vargas-Morales,GK,24,Costa Rica,Costa Rica Second Division - East,3,San Jose Rangers,75300,yes,0,29.8,Watchlist,70.08152236635554,41.978152848316036,Unknown,2026,1980,Sweeper-Keeper / Build-from-the-Back,info@sanjoserangers.cr,Club sporting director / first-team office
4032,Emiliano Ramirez-Lopez,DF,19,Paraguay,Paraguay Second Division - East,2,Encarnacion Rovers,64552,no,64552,29.8,Watchlist,24.271682020430294,27.458822432882897,Unknown,2029,1733,Flexible / Multi-System,info@encarnacionrovers.py,Club sporting director / first-team office
1935,Adam Kiss-Toth,DF,18,Hungary,Hungary Third Tier - North,2,Szeged Wanderers,106545,no,106545,29.8,Watchlist,54.55276432803714,37.963711469526416,Unknown,2026,1045,High Press / Gegenpressing,info@szegedwanderers.hu,Club sporting director / first-team office
290,Roman Escobar,GK,19,Panama,Panama Amateur League,2,Colon FC,74944,no,74944,29.5,Watchlist,35.076564454654964,31.591122923141324,Unknown,2028,1445,Shot-Stopper / Traditional,info@colonfc.pa,Club sporting director / first-team office
452,Ivan Sanchez-Cardozo,FW,17,Paraguay,Paraguay Second Division - East,3,Ciudad del Este Rangers,92345,no,92345,29.4,Watchlist,24.19284686028524,27.2150840922112,Unknown,2026,1434,High Press / Gegenpressing,info@ciudaddelesterangers.py,"Club youth/academy office ONLY - player is a minor, do not contact directly"
3875,Federico Ferreira-Acosta,DF,26,Uruguay,Uruguay Third Tier - North,2,Paysandu SC,101231,no,101231,29.4,Watchlist - Unrepresented,43.2797369053468,34.32626054749125,No,2028,812,Counter-Attack / Transition,info@paysandusc.uy,Club sporting director / first-team office
3119,Janis Ozols-Kalns,MF,19,Latvia,Latvia Third Tier - South,2,Liepaja FC,91676,no,91676,29.3,Watchlist - Unrepresented,61.51756323502262,39.388220489742885,No,2026,1771,Possession / Build-from-the-Back,info@liepajafc.lv,Club sporting director / first-team office
1811,Samuel Njie-Mbia,DF,24,Cameroon,Cameroon Reserve League,4,Garoua City,64345,no,64345,29.2,Watchlist - Unrepresented,36.17320224369041,31.818865341119185,No,2029,996,Counter-Attack / Transition,info@garouacity.cm,Club sporting director / first-team office
252,Aron Sigurdsson-Halldorsson,MF,22,Iceland,Iceland Amateur League,3,Akureyri United,85221,no,85221,29.0,Watchlist,41.5648316244572,33.488338222702914,Unknown,2028,876,Possession / Build-from-the-Back,info@akureyriunited.is,Club sporting director / first-team office
2490,Pongsak Sanguan-Rattanakosin,FW,24,Thailand,Thailand Second Division - East,2,Bangkok Athletic,102255,no,102255,28.9,Watchlist,50.61648008255274,36.18095518671388,Yes,2026,1074,Counter-Attack / Transition,info@bangkokathletic.th,Go through the player's agent - ask the club to confirm representation first
3902,Yoon-seo Lee-Jung,MF,18,South Korea,South Korea Third Tier - South,4,Incheon City,85374,no,85374,28.9,Watchlist - Unrepresented,31.004060657883155,29.701663139390355,No,2029,995,High Press / Gegenpressing,info@incheoncity.kr,Club sporting director / first-team office
4028,Rodrigo Gonzalez-Cardozo,DF,25,Paraguay,Paraguay Second Division,2,Luque Rangers,87066,no,87066,28.8,Watchlist - Unrepresented,29.95182160960849,29.261507885746138,No,2029,1233,Counter-Attack / Transition,info@luquerangers.py,Club sporting director / first-team office
3085,Fidel Torres-Escobar,MF,23,Panama,Panama Amateur League,2,David Rovers,102072,no,102072,28.8,Watchlist,44.47721422267943,34.26663034706761,Yes,2027,912,Counter-Attack / Transition,info@davidrovers.pa,Go through the player's agent - ask the club to confirm representation first
4076,Kelvin Sakala-Tembo,MF,22,Zambia,Zambia Third Tier - South,3,Lusaka United,91749,no,91749,28.7,Watchlist,58.19265696435971,38.050957291408025,Unknown,2027,1099,Counter-Attack / Transition,info@lusakaunited.zm,Club sporting director / first-team office
4207,Mamadou Faye-Diallo,FW,23,Senegal,Senegal Second Division,2,Dakar SC,82463,no,82463,28.6,Watchlist - Unrepresented,44.063285028449336,33.98607926083856,No,2028,1471,Flexible / Multi-System,info@dakarsc.sn,Club sporting director / first-team office
2157,Saba Kiknadze-Lomidze,FW,20,Georgia,Georgia Amateur League,2,Batumi FC,92243,no,92243,28.5,Watchlist - Unrepresented,61.4843831217743,38.76120243558945,No,2026,1286,High Press / Gegenpressing,info@batumifc.ge,Club sporting director / first-team office
2926,Stefan Wagner-Bauer,DF,22,Austria,Austria Second Division - East,4,Linz United,69072,no,69072,28.4,Watchlist,45.47861049180684,34.292352302322875,Unknown,2028,892,Counter-Attack / Transition,info@linzunited.at,Club sporting director / first-team office
1641,Arturs Berzins-Ozols,DF,17,Latvia,Latvia Regional League,2,Jelgava SC,65100,yes,0,28.3,Watchlist,18.504977542453798,23.89879383499566,Yes,2026,2050,Flexible / Multi-System,info@jelgavasc.lv,"Club youth/academy office ONLY - player is a minor, do not contact directly"
216,Ardit Meta-Duro,FW,17,Albania,Albania Third Tier - North,2,Shkoder Rovers,106909,no,106909,28.3,Watchlist,9.289411803490504,18.135167431205534,Unknown,2029,1214,High Press / Gegenpressing,info@shkoderrovers.al,"Club youth/academy office ONLY - player is a minor, do not contact directly"
3101,Uros Stankovic-Jovanovic,FW,18,Serbia,Serbia Amateur League,2,Vojvodina Rovers,104514,no,104514,28.2,Watchlist,23.26961547524015,26.089603542386477,Unknown,2029,1090,Counter-Attack / Transition,info@vojvodinarovers.rs,Club sporting director / first-team office
3485,Cristian Sanchez-Ramirez,MF,20,Paraguay,Paraguay Second Division - West,4,Asuncion Rovers,83226,no,83226,28.1,Watchlist,53.2557190448475,36.31756608634176,Yes,2026,842,High Press / Gegenpressing,info@asuncionrovers.py,Go through the player's agent - ask the club to confirm representation first
4369,Lukas Svoboda-Kucera,MF,17,Czechia,Czechia Third Tier - North,2,Jihlava SC,108726,no,108726,28.1,Watchlist,17.69284714239442,23.37164734080937,Yes,2026,993,Possession / Build-from-the-Back,info@jihlavasc.cz,"Club youth/academy office ONLY - player is a minor, do not contact directly"
302,Wilfried Diabate-Traore,DF,20,Ivory Coast,Ivory Coast Second Division - West,2,Abidjan SC,108333,no,108333,28.1,Watchlist,47.858811282183886,34.7516461165256,Unknown,2027,902,High Press / Gegenpressing,info@abidjansc.ci,Club sporting director / first-team office
2439,Mwansa Zulu-Sakala,DF,18,Zambia,Zambia Reserve League,2,Kitwe United,104797,no,104797,28.0,Watchlist - Unrepresented,37.909371978212675,31.613173408299463,No,2028,1420,High Press / Gegenpressing,info@kitweunited.zm,Club sporting director / first-team office
2908,Sora Suzuki-Watanabe,DF,17,Japan,Japan Second Division - East,2,Osaka SC,65600,yes,0,28.0,Watchlist,14.195066505480339,21.34147491323529,Unknown,2028,1610,Flexible / Multi-System,info@osakasc.jp,"Club youth/academy office ONLY - player is a minor, do not contact directly"
2079,Jose Ramirez-Castillo,GK,17,Costa Rica,Costa Rica Second Division,4,San Jose United,67458,no,67458,28.0,Watchlist - Unrepresented,12.659866732366389,20.38078749771516,No,2029,1288,Shot-Stopper / Traditional,info@sanjoseunited.cr,"Club youth/academy office ONLY - player is a minor, do not contact directly"
1465,Kristers Kalns,DF,20,Latvia,Latvia Third Tier - North,4,Daugavpils City,75925,no,75925,27.9,Watchlist - Unrepresented,31.32390516500619,29.206064301946114,No,2029,1193,High Press / Gegenpressing,info@daugavpilscity.lv,Club sporting director / first-team office
4722,Sekou Keita-Coulibaly,FW,25,Mali,Mali Provincial League,2,Bamako FC,90131,no,90131,27.8,Watchlist - Unrepresented,70.12412159311579,40.26437541691867,No,2026,1580,Counter-Attack / Transition,info@bamakofc.ml,Club sporting director / first-team office
1527,Serge Traore-Kone,GK,22,Ivory Coast,Ivory Coast Regional League,3,Bouake Wanderers,74800,yes,0,27.8,Watchlist,48.119423477397916,34.585312030988575,Yes,2027,2646,Sweeper-Keeper / Build-from-the-Back,info@bouakewanderers.ci,Go through the player's agent - ask the club to confirm representation first
1161,Jan Kranjc-Horvat,DF,17,Slovenia,Slovenia Provincial League,2,Kranj Town,73900,yes,0,27.7,Watchlist,16.078594371961863,22.303300382064688,Yes,2027,1806,Flexible / Multi-System,info@kranjtown.si,"Club youth/academy office ONLY - player is a minor, do not contact directly"
2392,Josip Matic-Barisic,FW,18,Croatia,Croatia Second Division - East,2,Medimurje SC,116176,no,116176,27.7,Watchlist,33.75661103272385,29.999705085886447,Unknown,2028,944,High Press / Gegenpressing,info@medimurjesc.hr,Club sporting director / first-team office
3378,Marlon Chirinos-Elvir,DF,17,Honduras,Honduras Amateur League,2,La Ceiba SC,66747,no,66747,27.6,Watchlist,9.68030823199894,18.15376667388245,Unknown,2029,1858,Flexible / Multi-System,info@laceibasc.hn,"Club youth/academy office ONLY - player is a minor, do not contact directly"
3024,Petr Svoboda,GK,17,Czechia,Czechia Regional League,3,Pardubice Wanderers,62654,no,62654,27.5,Watchlist,15.604801454104589,21.926071581249747,Unknown,2028,1784,Flexible / Multi-System,info@pardubicewanderers.cz,"Club youth/academy office ONLY - player is a minor, do not contact directly"
2384,Janis Berzins-Liepa,MF,19,Latvia,Latvia Third Tier - South,2,Daugavpils Wanderers,104749,no,104749,27.5,Watchlist - Unrepresented,60.80417205569313,37.75320488597552,No,2026,1126,High Press / Gegenpressing,info@daugavpilswanderers.lv,Club sporting director / first-team office
3328,Jack Brown,MF,17,New Zealand,New Zealand Regional League,2,Hamilton Town,75538,no,75538,27.3,Watchlist,16.04778095269931,22.062793541860238,Yes,2027,1568,Flexible / Multi-System,info@hamiltontown.nz,"Club youth/academy office ONLY - player is a minor, do not contact directly"
1889,Stefan Einarsson,MF,24,Iceland,Iceland Reserve League,2,Keflavik SC,67337,no,67337,27.3,Watchlist - Unrepresented,44.851538139731325,33.28169546832025,No,2028,1256,Counter-Attack / Transition,info@keflaviksc.is,Club sporting director / first-team office
3035,Karlo Barisic-Radic,FW,23,Croatia,Croatia Provincial League,2,Osijek SC,96805,no,96805,27.2,Watchlist,55.01230595442452,36.06631593337709,Unknown,2027,942,Counter-Attack / Transition,info@osijeksc.hr,Club sporting director / first-team office
478,Samuel Mbia,DF,25,Cameroon,Cameroon Second Division - East,3,Bafoussam FC,66439,no,66439,27.1,Watchlist - Unrepresented,78.85543932343934,41.58046351504144,No,2026,1612,Counter-Attack / Transition,info@bafoussamfc.cm,Club sporting director / first-team office
333,Florian Wagner,MF,23,Austria,Austria Second Division - West,2,Wels Athletic,109718,no,109718,27.1,Watchlist,54.412864764472495,35.79937342760804,Unknown,2027,872,Possession / Build-from-the-Back,info@welsathletic.at,Club sporting director / first-team office
398,Chai Wongsa-Rattanakosin,MF,23,Thailand,Thailand Provincial League,2,Bangkok Athletic,71347,no,71347,27.1,Watchlist,45.89300889019558,33.44208927203759,Yes,2027,1288,Possession / Build-from-the-Back,info@bangkokathletic.th,Go through the player's agent - ask the club to confirm representation first
4877,Luca Schmid-Keller,DF,22,Switzerland,Switzerland Second Division,3,Lucerne FC,70677,no,70677,27.1,Watchlist,42.251002787245596,32.34810664360339,Unknown,2028,1460,Flexible / Multi-System,info@lucernefc.ch,Club sporting director / first-team office
3839,Facundo Rodriguez-Ferreira,FW,21,Uruguay,Uruguay Provincial League,3,Salto United,91576,no,91576,27.0,Watchlist,63.46519677674707,38.04461930707931,Unknown,2026,1105,High Press / Gegenpressing,info@saltounited.uy,Club sporting director / first-team office
283,Mwansa Zulu-Tembo,MF,19,Zambia,Zambia Amateur League,2,Livingstone SC,91240,no,91240,26.9,Watchlist - Unrepresented,26.207243815256657,26.61029321962568,No,2029,1288,Flexible / Multi-System,info@livingstonesc.zm,Club sporting director / first-team office
2606,Ji-ho Kang-Choi,DF,17,South Korea,South Korea Second Division - East,3,Busan FC,81600,yes,0,26.9,Watchlist,21.486482660574282,24.572130131726215,Unknown,2027,917,High Press / Gegenpressing,info@busanfc.kr,"Club youth/academy office ONLY - player is a minor, do not contact directly"
4617,Nattapong Srisawat,DF,17,Thailand,Thailand Second Division,4,Chiang Mai SC,83163,no,83163,26.8,Watchlist - Unrepresented,25.645559353034315,26.334952405249577,No,2027,1052,High Press / Gegenpressing,info@chiangmaisc.th,"Club youth/academy office ONLY - player is a minor, do not contact directly"
1279,Seo-jun Jung-Kang,GK,20,South Korea,South Korea Third Tier - South,2,Daejeon Rangers,77478,no,77478,26.8,Watchlist - Unrepresented,62.43000707049391,37.56400073287732,No,2026,1616,Sweeper-Keeper / Build-from-the-Back,info@daejeonrangers.kr,Club sporting director / first-team office
4471,Milan Toth-Kovac,FW,18,Slovakia,Slovakia Third Tier - South,3,Nitra FC,94635,no,94635,26.7,Watchlist,53.024147337102676,35.13658206493879,Unknown,2027,1065,High Press / Gegenpressing,info@nitrafc.sk,Club sporting director / first-team office
1071,Nikola Vukotic-Perovic,FW,18,Montenegro,Montenegro Second Division,3,Budva Rovers,90358,no,90358,26.6,Watchlist,25.804452236714557,26.291420255609843,Unknown,2029,1365,High Press / Gegenpressing,info@budvarovers.me,Club sporting director / first-team office
810,Rasmus Kukk-Kask,FW,18,Estonia,Estonia Second Division - West,4,Narva Athletic,80364,no,80364,26.6,Watchlist - Unrepresented,64.3062503990717,37.88239815331228,No,2027,1579,High Press / Gegenpressing,info@narvaathletic.ee,Club sporting director / first-team office
1969,Andre Fotso-Ngoy,MF,17,Cameroon,Cameroon Regional League,2,Yaounde Rovers,93300,yes,0,26.6,Watchlist,19.395403643937513,23.4174518357735,Unknown,2027,1306,Possession / Build-from-the-Back,info@yaounderovers.cm,"Club youth/academy office ONLY - player is a minor, do not contact directly"
1479,Jan Keller-Weber,DF,21,Switzerland,Switzerland Reserve League,3,Aarau City,61317,no,61317,26.5,Watchlist,53.39114071173919,35.099669555549724,Yes,2026,1274,High Press / Gegenpressing,info@aaraucity.ch,Go through the player's agent - ask the club to confirm representation first
2182,Daniel Szabo,DF,23,Hungary,Hungary Provincial League,3,Debrecen City,81912,no,81912,26.5,Watchlist,61.11991582049017,36.99399677865276,Unknown,2027,894,Possession / Build-from-the-Back,info@debrecencity.hu,Club sporting director / first-team office
3722,Marko Nikolic-Radovic,FW,17,Montenegro,Montenegro Provincial League,2,Bar Rangers,102500,yes,0,26.5,Watchlist,19.236458852819894,23.286836848189225,Unknown,2027,1445,Counter-Attack / Transition,info@barrangers.me,"Club youth/academy office ONLY - player is a minor, do not contact directly"
4288,Amadou Diarra-Traore,DF,18,Mali,Mali Second Division - East,2,Mopti Wanderers,92827,no,92827,26.4,Watchlist - Unrepresented,53.988661466132974,35.14959499781875,No,2027,1299,High Press / Gegenpressing,info@moptiwanderers.ml,Club sporting director / first-team office
1345,Diego Martinez,FW,21,Bolivia,Bolivia Second Division,2,Sucre Rovers,105031,no,105031,26.2,Watchlist,40.87145188682713,31.29640725104092,Yes,2027,1392,High Press / Gegenpressing,info@sucrerovers.bo,Go through the player's agent - ask the club to confirm representation first
2037,Jon Karlsson,MF,21,Iceland,Iceland Amateur League,2,Hafnarfjordur Rangers,109839,no,109839,26.1,Watchlist - Unrepresented,63.492315419463466,37.23670106755785,No,2026,963,High Press / Gegenpressing,info@hafnarfjordurrangers.is,Club sporting director / first-team office
2771,Tomas Balaz-Horvath,MF,21,Slovakia,Slovakia Amateur League,3,Nitra United,96732,no,96732,26.0,Watchlist,39.380820223113574,30.667184646374526,Unknown,2028,987,High Press / Gegenpressing,info@nitraunited.sk,Club sporting director / first-team office
1149,Bjarni Karlsson,DF,18,Iceland,Iceland Second Division - East,2,Akureyri Town,74171,no,74171,25.9,Watchlist,23.97847096889513,25.095521055497834,Unknown,2029,1881,Flexible / Multi-System,info@akureyritown.is,Club sporting director / first-team office
3341,Juraj Molnar-Varga,FW,19,Slovakia,Slovakia Regional League,2,Trencin SC,108372,no,108372,25.9,Watchlist - Unrepresented,25.81560548763267,25.838181007485947,No,2029,1341,High Press / Gegenpressing,info@trencinsc.sk,Club sporting director / first-team office
4275,Karlo Radic-Matic,GK,24,Croatia,Croatia Reserve League,2,Bijelo Brdo United,82330,no,82330,25.8,Watchlist,27.044444739639086,26.28746567751088,Unknown,2029,1218,Sweeper-Keeper / High Line,info@bijelobrdounited.hr,Club sporting director / first-team office
1667,Bruno Ferreira,FW,17,Uruguay,Uruguay Second Division - East,2,Montevideo FC,114210,no,114210,25.8,Watchlist,15.477661912796314,21.01501678027631,Yes,2027,834,High Press / Gegenpressing,info@montevideofc.uy,"Club youth/academy office ONLY - player is a minor, do not contact directly"
2361,Marco Weber-Bianchi,FW,18,Switzerland,Switzerland Third Tier - North,3,Lucerne City,66111,no,66111,25.6,Watchlist,62.276859701938434,36.52976412190863,Unknown,2026,1638,Counter-Attack / Transition,info@lucernecity.ch,Club sporting director / first-team office
3815,Ibrahima Ndiaye-Faye,GK,22,Senegal,Senegal Second Division - West,2,Ziguinchor FC,82900,yes,0,25.6,Watchlist,61.033737274670024,36.19626632631199,Unknown,2026,2396,Shot-Stopper / Traditional,info@ziguinchorfc.sn,Club sporting director / first-team office
1308,Seo-jun Choi-Kang,FW,24,South Korea,South Korea Regional League,4,Daejeon Rangers,69538,no,69538,25.5,Watchlist - Unrepresented,52.60501069486484,34.076657659196584,No,2028,1265,Counter-Attack / Transition,info@daejeonrangers.kr,Club sporting director / first-team office
4870,Devon Lowe,FW,17,Jamaica,Jamaica Second Division,2,Kingston Athletic,87069,no,87069,25.5,Watchlist,13.847725828110377,19.980094064673256,Unknown,2028,1738,Counter-Attack / Transition,info@kingstonathletic.jm,"Club youth/academy office ONLY - player is a minor, do not contact directly"
3684,Kristers Liepa-Berzins,DF,17,Latvia,Latvia Amateur League,2,Daugavpils FC,80300,yes,0,25.4,Watchlist,15.962167257252796,21.09346587705517,Yes,2027,1531,High Press / Gegenpressing,info@daugavpilsfc.lv,"Club youth/academy office ONLY - player is a minor, do not contact directly"
876,Duc Pham-Tran,MF,17,Vietnam,Vietnam Third Tier - South,2,Can Tho United,75088,no,75088,25.4,Watchlist,11.394495385434519,18.41625196779737,Yes,2028,1708,Flexible / Multi-System,info@canthounited.vn,"Club youth/academy office ONLY - player is a minor, do not contact directly"
2251,Nam Hoang-Vu,MF,17,Vietnam,Vietnam Provincial League,2,Da Nang Town,103211,no,103211,25.4,Watchlist - Unrepresented,15.183996037930683,20.657494330054472,No,2028,946,High Press / Gegenpressing,info@danangtown.vn,"Club youth/academy office ONLY - player is a minor, do not contact directly"
4148,Fidel Godoy-Barrios,DF,17,Panama,Panama Reserve League,2,Colon Rangers,103317,no,103317,25.2,Watchlist - Unrepresented,10.369492952343451,17.666432659514594,No,2029,1396,Counter-Attack / Transition,info@colonrangers.pa,"Club youth/academy office ONLY - player is a minor, do not contact directly"
2144,Milos Jovanovic,MF,22,Serbia,Serbia Amateur League,3,Dobanovci SC,99992,no,99992,25.1,Watchlist,57.75623091474579,35.02951872266867,Unknown,2027,989,Possession / Build-from-the-Back,info@dobanovcisc.rs,Club sporting director / first-team office
2622,Fidel Torres-Godoy,MF,25,Panama,Panama Second Division,2,Santiago City,94047,no,94047,25.1,Watchlist,21.71264455138592,23.685345379004154,Yes,2029,1244,Possession / Build-from-the-Back,info@santiagocity.pa,Go through the player's agent - ask the club to confirm representation first
1046,Noah Clarke-Brown,GK,17,New Zealand,New Zealand Reserve League,2,Hamilton Wanderers,96086,no,96086,24.9,Watchlist - Unrepresented,21.530360126480407,23.515089491840023,No,2027,1306,Shot-Stopper / Traditional,info@hamiltonwanderers.nz,"Club youth/academy office ONLY - player is a minor, do not contact directly"
688,Fidel Murillo-Escobar,MF,17,Panama,Panama Third Tier - South,2,Panama City FC,89972,no,89972,24.9,Watchlist,19.45714300323856,22.561133395512464,Unknown,2027,1510,High Press / Gegenpressing,info@panamacityfc.pa,"Club youth/academy office ONLY - player is a minor, do not contact directly"
711,Ethan Mitchell-Brown,DF,17,New Zealand,New Zealand Third Tier - South,2,Christchurch Wanderers,110891,no,110891,24.9,Watchlist,19.10447202132296,22.377977031368438,Unknown,2027,1039,High Press / Gegenpressing,info@christchurchwanderers.nz,"Club youth/academy office ONLY - player is a minor, do not contact directly"
738,Klodian Shala,DF,17,Albania,Albania Second Division - West,2,Durres United,104200,yes,0,24.9,Watchlist - Unrepresented,15.171330876200782,20.40686445538359,No,2028,1324,High Press / Gegenpressing,info@durresunited.al,"Club youth/academy office ONLY - player is a minor, do not contact directly"
3641,Irakli Beridze-Kapanadze,FW,22,Georgia,Georgia Second Division - West,4,Batumi SC,77337,no,77337,24.8,Watchlist,45.03106562757895,31.505336033097166,Unknown,2028,885,Counter-Attack / Transition,info@batumisc.ge,Club sporting director / first-team office
1875,Andre Godoy-Barrios,FW,20,Panama,Panama Third Tier - South,2,David Rangers,101658,no,101658,24.8,Watchlist,48.12586939900887,32.354199691366595,Unknown,2027,1089,Counter-Attack / Transition,info@davidrangers.pa,Club sporting director / first-team office
2574,Cheikh Diallo-Gueye,GK,24,Senegal,Senegal Provincial League,2,Thies City,81400,yes,0,24.8,Watchlist - Unrepresented,30.128697490121983,26.818703772955864,No,2029,963,Sweeper-Keeper / High Line,info@thiescity.sn,Club sporting director / first-team office
933,Andri Karlsson,FW,21,Iceland,Iceland Second Division - West,2,Vestmannaeyjar United,61481,no,61481,24.7,Watchlist - Unrepresented,66.79939579194067,36.812155292144446,No,2026,2217,Flexible / Multi-System,info@vestmannaeyjarunited.is,Club sporting director / first-team office
4116,Phong Vu-Hoang,GK,18,Vietnam,Vietnam Third Tier - South,2,Da Nang Wanderers,77503,no,77503,24.7,Watchlist,19.401825944934163,22.42311174049524,Yes,2029,2422,Flexible / Multi-System,info@danangwanderers.vn,Go through the player's agent - ask the club to confirm representation first
4407,Milos Milic,GK,19,Serbia,Serbia Second Division,2,Kraljevo Rangers,75839,no,75839,24.6,Watchlist - Unrepresented,26.634647811409096,25.377242845845764,No,2029,957,Shot-Stopper / Traditional,info@kraljevorangers.rs,Club sporting director / first-team office
2723,Moussa Gueye,MF,25,Senegal,Senegal Provincial League,2,Ziguinchor SC,82195,no,82195,24.6,Watchlist,63.51837299558921,35.92609259709517,Unknown,2026,1330,Possession / Build-from-the-Back,info@ziguinchorsc.sn,Club sporting director / first-team office
4952,Maximiliano Gonzalez,MF,22,Uruguay,Uruguay Provincial League,3,Montevideo FC,61636,no,61636,24.6,Watchlist,68.5816171130112,37.045318016858076,Unknown,2026,1474,Counter-Attack / Transition,info@montevideofc.uy,Club sporting director / first-team office
1099,Enock Banda-Phiri,MF,23,Zambia,Zambia Third Tier - South,2,Lusaka Wanderers,65465,no,65465,24.5,Watchlist,64.7959012916831,36.15495578269504,Unknown,2026,1744,Flexible / Multi-System,info@lusakawanderers.zm,Club sporting director / first-team office
1472,Noah Schmid,GK,17,Switzerland,Switzerland Third Tier - South,3,Winterthur SC,88672,no,88672,24.4,Watchlist - Unrepresented,11.50644015614418,18.085995082795083,No,2029,1115,Sweeper-Keeper / Build-from-the-Back,info@winterthursc.ch,"Club youth/academy office ONLY - player is a minor, do not contact directly"
524,Chai Charoensuk-Srisawat,GK,22,Thailand,Thailand Regional League,2,Khon Kaen United,74600,yes,0,24.3,Watchlist,31.1961111596212,26.872003494616543,Yes,2028,2411,Sweeper-Keeper / High Line,info@khonkaenunited.th,Go through the player's agent - ask the club to confirm representation first
2074,Mateo Flores,GK,21,Bolivia,Bolivia Amateur League,3,La Paz Rangers,78860,no,78860,24.3,Watchlist,64.30082712269366,35.8877711985858,Unknown,2026,1145,Sweeper-Keeper / Build-from-the-Back,info@lapazrangers.bo,Club sporting director / first-team office
4666,Ziga Kovac-Krajnc,MF,22,Slovenia,Slovenia Reserve League,2,Maribor Rangers,112352,no,112352,24.3,Watchlist - Unrepresented,66.14366458355674,36.27675794065929,No,2026,1085,Possession / Build-from-the-Back,info@mariborrangers.si,Club sporting director / first-team office
2458,Filip Naumovski,FW,19,North Macedonia,North Macedonia Provincial League,3,Stip Athletic,94846,no,94846,24.2,Watchlist - Unrepresented,41.87093895181557,30.157790298242478,No,2028,1194,High Press / Gegenpressing,info@stipathletic.mk,Club sporting director / first-team office
1077,Duc Tran-Pham,DF,24,Vietnam,Vietnam Provincial League,3,Hanoi Rovers,66988,no,66988,23.9,Watchlist - Unrepresented,49.13031596966706,31.908815491053588,No,2028,1196,Possession / Build-from-the-Back,info@hanoirovers.vn,Club sporting director / first-team office
446,Kelvin Sakala-Zulu,DF,22,Zambia,Zambia Regional League,2,Livingstone SC,98163,no,98163,23.9,Watchlist,25.60879345656643,24.588186968567,Unknown,2029,1473,Counter-Attack / Transition,info@livingstonesc.zm,Club sporting director / first-team office
3849,Christian Etoo-Njie,MF,17,Cameroon,Cameroon Second Division,2,Yaounde Wanderers,90100,yes,0,23.9,Watchlist - Unrepresented,10.494436714618807,17.200191032679392,No,2029,1340,Flexible / Multi-System,info@yaoundewanderers.cm,"Club youth/academy office ONLY - player is a minor, do not contact directly"
4206,Tim Novak-Krajnc,MF,25,Slovenia,Slovenia Amateur League,2,Ljubljana Town,104612,no,104612,23.9,Watchlist,62.19206196832357,35.04641502450642,Unknown,2026,800,Possession / Build-from-the-Back,info@ljubljanatown.si,Club sporting director / first-team office
26,Toni Matic-Radic,DF,18,Croatia,Croatia Amateur League,2,Belisce SC,111786,no,111786,23.9,Watchlist - Unrepresented,37.69582176090425,28.652284821300412,No,2028,1000,High Press / Gegenpressing,info@beliscesc.hr,Club sporting director / first-team office
4822,Sota Takahashi-Tanaka,MF,18,Japan,Japan Amateur League,3,Fukuoka City,89396,no,89396,23.8,Watchlist - Unrepresented,67.50421817557162,36.154400176663025,No,2026,1233,Counter-Attack / Transition,info@fukuokacity.jp,Club sporting director / first-team office
1135,Marek Horvath,DF,18,Slovakia,Slovakia Third Tier - North,2,Banska Bystrica Wanderers,101300,yes,0,23.7,Watchlist,39.102421209325854,28.97740665815221,Yes,2027,1219,Possession / Build-from-the-Back,info@banskabystricawanderers.sk,Go through the player's agent - ask the club to confirm representation first
4078,Quang Tran-Hoang,MF,17,Vietnam,Vietnam Amateur League,3,Hanoi United,70712,no,70712,23.7,Watchlist,10.54559445940231,17.147845838808387,Unknown,2029,1521,High Press / Gegenpressing,info@hanoiunited.vn,"Club youth/academy office ONLY - player is a minor, do not contact directly"
4384,Santiago Torres-Fernandez,DF,20,Bolivia,Bolivia Amateur League,2,Oruro Athletic,99796,no,99796,23.7,Watchlist - Unrepresented,53.647768683244166,32.82945450206803,No,2027,1293,Possession / Build-from-the-Back,info@oruroathletic.bo,Club sporting director / first-team office
3802,Gunnar Bjornsson-Gudmundsson,FW,18,Iceland,Iceland Reserve League,2,Vestmannaeyjar Town,119869,no,119869,23.6,Watchlist,18.675452005332012,21.509966955078728,Yes,2029,992,High Press / Gegenpressing,info@vestmannaeyjartown.is,Go through the player's agent - ask the club to confirm representation first
4130,Ren Sato-Watanabe,MF,26,Japan,Japan Third Tier - North,3,Nagoya Athletic,90220,no,90220,23.6,Watchlist,60.605447077331625,34.39775257704019,Unknown,2027,870,Possession / Build-from-the-Back,info@nagoyaathletic.jp,Club sporting director / first-team office
2515,Michael Gruber,DF,18,Austria,Austria Amateur League,2,Graz Town,66000,yes,0,23.5,Watchlist,35.468794806809214,27.727148902492466,Unknown,2028,1803,Flexible / Multi-System,info@graztown.at,Club sporting director / first-team office
2516,Modibo Coulibaly-Camara,MF,19,Mali,Mali Second Division - East,4,Kayes FC,70472,no,70472,23.5,Watchlist - Unrepresented,31.52884912240219,26.44099055256715,No,2029,1241,High Press / Gegenpressing,info@kayesfc.ml,Club sporting director / first-team office
727,Wuilker Perez-Rojas,MF,21,Venezuela,Venezuela Provincial League,4,Maracaibo Athletic,60624,no,60624,23.5,Watchlist,44.06948802969353,30.230802482509443,Unknown,2028,1524,High Press / Gegenpressing,info@maracaiboathletic.ve,Club sporting director / first-team office
1504,Marton Varga,DF,17,Hungary,Hungary Provincial League,3,Szombathely United,108208,no,108208,23.4,Watchlist - Unrepresented,26.55421949254054,24.611341510252945,No,2026,998,High Press / Gegenpressing,info@szombathelyunited.hu,"Club youth/academy office ONLY - player is a minor, do not contact directly"
194,Andre Bailey-Lowe,DF,19,Jamaica,Jamaica Third Tier - North,3,Kingston FC,79918,no,79918,23.3,Watchlist - Unrepresented,29.02892195489334,25.460601713014768,No,2029,1385,Counter-Attack / Transition,info@kingstonfc.jm,Club sporting director / first-team office
4677,Yoon-seo Kim,GK,19,South Korea,South Korea Reserve League,2,Incheon City,96491,no,96491,23.1,Watchlist,48.346036894167206,31.04341222714795,Unknown,2027,1462,Sweeper-Keeper / High Line,info@incheoncity.kr,Club sporting director / first-team office
3154,Nicolas Fernandez-Vargas,MF,20,Bolivia,Bolivia Third Tier - North,2,Sucre Rangers,110682,no,110682,23.0,Watchlist,47.7690646324928,30.798581621969124,Unknown,2027,1074,Possession / Build-from-the-Back,info@sucrerangers.bo,Club sporting director / first-team office
894,Ahmed Jabbar-Kareem,GK,22,Iraq,Iraq Reserve League,3,Baghdad SC,61986,no,61986,23.0,Watchlist,60.224071476566394,33.78708874272814,Unknown,2027,2683,Flexible / Multi-System,info@baghdadsc.iq,Club sporting director / first-team office
1640,Rodrigo Gonzalez,FW,19,Paraguay,Paraguay Reserve League,2,Luque City,105416,no,105416,23.0,Watchlist - Unrepresented,53.391207269655546,32.172343535889354,No,2027,1693,High Press / Gegenpressing,info@luquecity.py,Club sporting director / first-team office
3614,Vuk Kovacevic,FW,18,Montenegro,Montenegro Second Division,4,Podgorica FC,66042,no,66042,23.0,Watchlist,58.78157460074212,33.43422703295833,Unknown,2027,1404,Flexible / Multi-System,info@podgoricafc.me,Club sporting director / first-team office
648,Emmanuel Mensah-Asante,FW,21,Ghana,Ghana Regional League,2,Tamale United,110244,no,110244,23.0,Watchlist,50.10583296775262,31.365348368266318,Unknown,2027,1301,High Press / Gegenpressing,info@tamaleunited.gh,Club sporting director / first-team office
3516,Florian Mayer,DF,22,Austria,Austria Amateur League,3,Salzburg Town,81706,no,81706,22.9,Watchlist,54.34843165530181,32.32447752738965,Yes,2026,1360,Flexible / Multi-System,info@salzburgtown.at,Go through the player's agent - ask the club to confirm representation first
3642,Sora Takahashi,MF,22,Japan,Japan Second Division,2,Nagoya FC,76609,no,76609,22.9,Watchlist,53.994132994238136,32.23359633908644,Unknown,2027,1418,Possession / Build-from-the-Back,info@nagoyafc.jp,Club sporting director / first-team office
2389,Kristers Ozols-Berzins,MF,21,Latvia,Latvia Third Tier - North,2,Jelgava FC,60610,no,60610,22.8,Watchlist,30.43447212025687,25.583634464593462,Yes,2028,1756,High Press / Gegenpressing,info@jelgavafc.lv,Go through the player's agent - ask the club to confirm representation first
820,Facundo Ferreira-Rodriguez,FW,23,Uruguay,Uruguay Provincial League,2,Rivera FC,107697,no,107697,22.7,Watchlist,38.67774467679832,28.09033197886023,Unknown,2028,1078,Counter-Attack / Transition,info@riverafc.uy,Club sporting director / first-team office
1334,Anthony Zambrano-Suarez,FW,17,Ecuador,Ecuador Third Tier - North,3,Cuenca City,93167,no,93167,22.7,Watchlist,10.29416865975126,16.54279647775707,Unknown,2029,1524,High Press / Gegenpressing,info@cuencacity.ec,"Club youth/academy office ONLY - player is a minor, do not contact directly"
3760,Nika Lomidze-Gelashvili,FW,22,Georgia,Georgia Third Tier - South,3,Rustavi Rangers,77336,no,77336,22.6,Watchlist,34.04916432338508,26.63382490566199,Yes,2028,1313,Counter-Attack / Transition,info@rustavirangers.ge,Go through the player's agent - ask the club to confirm representation first
585,Nam Le-Nguyen,DF,21,Vietnam,Vietnam Amateur League,3,Can Tho Rangers,102387,no,102387,22.6,Watchlist,55.21698305709513,32.301309841629035,Unknown,2027,995,High Press / Gegenpressing,info@canthorangers.vn,Club sporting director / first-team office
1455,Saba Kapanadze-Beridze,DF,24,Georgia,Georgia Amateur League,3,Rustavi Wanderers,86590,no,86590,22.6,Watchlist - Unrepresented,77.04868812047427,36.90601581127365,No,2026,1157,Counter-Attack / Transition,info@rustaviwanderers.ge,Club sporting director / first-team office
3048,Kaito Suzuki,DF,24,Japan,Japan Second Division - East,3,Sapporo Athletic,68918,no,68918,22.6,Watchlist,44.035162109098366,29.506038437922832,Unknown,2028,1236,Possession / Build-from-the-Back,info@sapporoathletic.jp,Club sporting director / first-team office
318,Pongsak Srisawat-Charoensuk,MF,23,Thailand,Thailand Third Tier - South,4,Nonthaburi City,69746,no,69746,22.3,Watchlist,54.08551607128445,31.805841199641915,Yes,2027,1205,Counter-Attack / Transition,info@nonthaburicity.th,Go through the player's agent - ask the club to confirm representation first
3611,Jefferson Mendoza,MF,22,Ecuador,Ecuador Reserve League,2,Guayaquil Town,83164,no,83164,22.3,Watchlist - Unrepresented,42.33995074108997,28.83863062234907,No,2028,1709,Flexible / Multi-System,info@guayaquiltown.ec,Club sporting director / first-team office
2697,Marco Meier-Frei,DF,18,Switzerland,Switzerland Third Tier - South,2,St. Gallen Town,111696,no,111696,22.3,Watchlist,47.73096150136248,30.201440460869204,Unknown,2027,976,High Press / Gegenpressing,info@stgallentown.ch,Club sporting director / first-team office
474,Seo-jun Jung-Kim,MF,17,South Korea,South Korea Third Tier - South,2,Daegu Rangers,105600,yes,0,22.3,Watchlist - Unrepresented,15.153624195005968,19.08574075789036,No,2028,1244,High Press / Gegenpressing,info@daegurangers.kr,"Club youth/academy office ONLY - player is a minor, do not contact directly"
1958,Marko Kovacevic-Horvat,MF,22,Croatia,Croatia Second Division - West,4,Bijelo Brdo City,68137,no,68137,22.3,Watchlist,31.098221201110128,25.444658986931987,Unknown,2029,1226,Possession / Build-from-the-Back,info@bijelobrdocity.hr,Club sporting director / first-team office
742,Duc Le-Nguyen,MF,17,Vietnam,Vietnam Third Tier - South,2,Can Tho FC,100900,yes,0,22.2,Watchlist - Unrepresented,21.438459595626995,21.88796936323969,No,2027,1497,High Press / Gegenpressing,info@canthofc.vn,"Club youth/academy office ONLY - player is a minor, do not contact directly"
1523,Ahmed Abbas-Kareem,MF,17,Iraq,Iraq Second Division,2,Erbil City,73900,yes,0,22.2,Watchlist - Unrepresented,22.03066799907954,22.12784433648814,No,2027,1576,Flexible / Multi-System,info@erbilcity.iq,"Club youth/academy office ONLY - player is a minor, do not contact directly"
4582,Yaw Asante-Appiah,DF,17,Ghana,Ghana Amateur League,2,Accra FC,112600,yes,0,22.2,Watchlist,10.99759974679696,16.75880539696249,Yes,2028,1093,High Press / Gegenpressing,info@accrafc.gh,"Club youth/academy office ONLY - player is a minor, do not contact directly"
2298,Romell Elvir-Palacios,FW,26,Honduras,Honduras Second Division - East,3,Choluteca FC,78813,no,78813,22.2,Watchlist - Unrepresented,68.25255782935848,34.77563063632569,No,2027,1584,Counter-Attack / Transition,info@cholutecafc.hn,Club sporting director / first-team office
2510,Wesly Martinez-Chirinos,FW,23,Honduras,Honduras Second Division,2,San Pedro Sula Town,108467,no,108467,22.2,Watchlist - Unrepresented,43.01906858744788,28.912912576504926,No,2028,1318,Counter-Attack / Transition,info@sanpedrosulatown.hn,Club sporting director / first-team office
610,Mamadou Diop-Ndiaye,DF,18,Senegal,Senegal Regional League,4,Thies SC,97535,no,97535,22.1,Watchlist - Unrepresented,71.96427611337222,35.46374737568592,No,2026,826,High Press / Gegenpressing,info@thiessc.sn,Club sporting director / first-team office
109,Karim Hassan,GK,17,Iraq,Iraq Second Division - West,3,Najaf City,87354,no,87354,22.0,Watchlist - Unrepresented,23.770951144743236,22.694997782399895,No,2027,1439,Shot-Stopper / Traditional,info@najafcity.iq,"Club youth/academy office ONLY - player is a minor, do not contact directly"
1196,Filip Angelovski,GK,21,North Macedonia,North Macedonia Amateur League,3,Ohrid Athletic,77557,no,77557,22.0,Watchlist - Unrepresented,44.683882111585646,29.21271217918519,No,2028,2696,Shot-Stopper / Traditional,info@ohridathletic.mk,Club sporting director / first-team office
3219,Vidar Bjornsson,GK,21,Iceland,Iceland Amateur League,2,Selfoss FC,91984,no,91984,21.9,Watchlist,36.126224085813,26.741690922508855,Unknown,2028,2031,Shot-Stopper / Traditional,info@selfossfc.is,Club sporting director / first-team office
4908,Facundo Silva,DF,18,Uruguay,Uruguay Amateur League,3,Paysandu United,79800,yes,0,21.9,Watchlist - Unrepresented,42.508581337240386,28.520710476582376,No,2028,1447,Flexible / Multi-System,info@paysanduunited.uy,Club sporting director / first-team office
1730,Sherzod Rashidov-Yuldashev,DF,23,Uzbekistan,Uzbekistan Third Tier - North,2,Andijan Town,92653,no,92653,21.9,Watchlist,62.856201548755955,33.351006771742135,Unknown,2026,1268,Counter-Attack / Transition,info@andijantown.uz,Club sporting director / first-team office
1501,Wuilker Perez,DF,18,Venezuela,Venezuela Second Division,2,Barquisimeto Rangers,85200,yes,0,21.8,Watchlist,23.689369842831155,22.53165056142516,Unknown,2029,1235,High Press / Gegenpressing,info@barquisimetorangers.ve,Club sporting director / first-team office
2036,Ivan Gonzalez-Ramirez,DF,19,Paraguay,Paraguay Second Division - West,2,Luque FC,117145,no,117145,21.7,Watchlist,38.608341619111464,27.34283359532962,Yes,2027,1173,High Press / Gegenpressing,info@luquefc.py,Go through the player's agent - ask the club to confirm representation first
2305,Kevin Tamm-Kukk,MF,17,Estonia,Estonia Second Division - West,2,Tartu Rovers,97304,no,97304,21.7,Watchlist - Unrepresented,24.47907764532333,22.749235213520265,No,2026,1512,Flexible / Multi-System,info@tarturovers.ee,"Club youth/academy office ONLY - player is a minor, do not contact directly"
1091,Tomas Vesely,MF,25,Czechia,Czechia Second Division,3,Jihlava Rangers,96951,no,96951,21.4,Watchlist,23.710015069791137,22.29585919576902,Yes,2029,834,Counter-Attack / Transition,info@jihlavarangers.cz,Go through the player's agent - ask the club to confirm representation first
38,Kittipong Rattanakosin-Charoensuk,GK,20,Thailand,Thailand Second Division - East,3,Nonthaburi Athletic,64630,no,64630,21.4,Watchlist,26.57227474687703,23.33148280247198,Unknown,2029,2138,Shot-Stopper / Traditional,info@nonthaburiathletic.th,Club sporting director / first-team office
3976,Giorgi Gelashvili-Beridze,DF,17,Georgia,Georgia Third Tier - North,3,Batumi Town,114780,no,114780,21.3,Watchlist,8.210212941705322,14.52911242656962,Yes,2029,807,High Press / Gegenpressing,info@batumitown.ge,"Club youth/academy office ONLY - player is a minor, do not contact directly"
1724,Bruno Ferreira-Rodriguez,FW,21,Uruguay,Uruguay Second Division - West,4,Rivera FC,92533,no,92533,21.2,Watchlist,59.843281358858306,32.149128225602794,Unknown,2027,805,High Press / Gegenpressing,info@riverafc.uy,Club sporting director / first-team office
4828,Kevin Pikk-Saar,MF,24,Estonia,Estonia Second Division,2,Tallinn Athletic,117370,no,117370,21.1,Watchlist - Unrepresented,60.20190687268989,32.126140985606796,No,2027,892,Possession / Build-from-the-Back,info@tallinnathletic.ee,Club sporting director / first-team office
3181,Bjarni Olafsson,MF,22,Iceland,Iceland Third Tier - North,3,Keflavik Athletic,75670,no,75670,21.1,Watchlist,54.714622848417704,30.863149937908208,Yes,2026,1619,Possession / Build-from-the-Back,info@keflavikathletic.is,Go through the player's agent - ask the club to confirm representation first
1532,Oumar Coulibaly-Keita,MF,25,Mali,Mali Third Tier - South,4,Mopti United,65566,no,65566,21.0,Watchlist,66.94814230658409,33.39459333139128,Unknown,2027,1149,Possession / Build-from-the-Back,info@moptiunited.ml,Club sporting director / first-team office
4404,Jefferson Quinonez-Mendoza,MF,17,Ecuador,Ecuador Third Tier - South,4,Guayaquil Town,63100,yes,0,21.0,Watchlist - Unrepresented,18.644749219426124,20.026422090023587,No,2028,1361,High Press / Gegenpressing,info@guayaquiltown.ec,"Club youth/academy office ONLY - player is a minor, do not contact directly"
4648,Igor Naumovski,FW,19,North Macedonia,North Macedonia Second Division,3,Stip Athletic,101721,no,101721,20.9,Watchlist - Unrepresented,66.74562666666135,33.2592314662456,No,2026,1332,High Press / Gegenpressing,info@stipathletic.mk,Club sporting director / first-team office
1233,Klodian Krasniqi-Hoxha,DF,17,Albania,Albania Reserve League,2,Tirana Athletic,102275,no,102275,20.9,Watchlist,21.89934206953899,21.26699981222615,Unknown,2026,1485,Counter-Attack / Transition,info@tiranaathletic.al,"Club youth/academy office ONLY - player is a minor, do not contact directly"
2077,Duc Nguyen-Vu,DF,23,Vietnam,Vietnam Second Division,2,Hanoi City,99567,no,99567,20.9,Watchlist - Unrepresented,43.34254874261056,27.944708183730928,No,2028,1148,Counter-Attack / Transition,info@hanoicity.vn,Club sporting director / first-team office
9,Fabian Weber,FW,22,Switzerland,Switzerland Third Tier - North,3,St. Gallen United,100399,no,100399,20.8,Watchlist,33.28039982980005,25.116131192103666,Yes,2028,969,Counter-Attack / Transition,info@stgallenunited.ch,Go through the player's agent - ask the club to confirm representation first
3668,Cristian Cardozo-Sanchez,FW,24,Paraguay,Paraguay Second Division - East,2,Ciudad del Este Wanderers,111273,no,111273,20.8,Watchlist - Unrepresented,42.92303657856393,27.806959488627328,No,2028,1074,Counter-Attack / Transition,info@ciudaddelestewanderers.py,Club sporting director / first-team office
2295,Tim Kovac-Kranjc,MF,17,Slovenia,Slovenia Reserve League,3,Koper Rovers,115082,no,115082,20.8,Watchlist - Unrepresented,26.41150128067059,22.88906446971919,No,2026,969,High Press / Gegenpressing,info@koperrovers.si,"Club youth/academy office ONLY - player is a minor, do not contact directly"
3196,Noah Meier-Muller,MF,26,Switzerland,Switzerland Second Division - West,3,Thun SC,68515,no,68515,20.8,Watchlist,44.05776501872142,28.087933749354416,Unknown,2028,1035,Possession / Build-from-the-Back,info@thunsc.ch,Club sporting director / first-team office
1901,Jasur Tashkentov-Yusupov,DF,20,Uzbekistan,Uzbekistan Second Division,2,Tashkent United,114253,no,114253,20.8,Watchlist,23.08891669131578,21.67997115257982,Unknown,2029,1078,High Press / Gegenpressing,info@tashkentunited.uz,Club sporting director / first-team office
3477,Zsolt Szabo-Molnar,DF,23,Hungary,Hungary Reserve League,2,Debrecen SC,113766,no,113766,20.8,Watchlist,38.492654794525095,26.5979658003794,Unknown,2028,1050,Counter-Attack / Transition,info@debrecensc.hu,Club sporting director / first-team office
4163,Jose Campos,FW,21,Costa Rica,Costa Rica Regional League,2,Cartago City,67043,no,67043,20.6,Watchlist,52.33454100196971,29.953530648111972,Unknown,2027,2018,High Press / Gegenpressing,info@cartagocity.cr,Club sporting director / first-team office
1943,Olafur Einarsson,MF,23,Iceland,Iceland Second Division - East,3,Reykjavik City,79419,no,79419,20.6,Watchlist,35.32655785570304,25.565704239810955,Yes,2028,1334,Possession / Build-from-the-Back,info@reykjavikcity.is,Go through the player's agent - ask the club to confirm representation first
3659,Karl Sigurdsson-Karlsson,MF,21,Iceland,Iceland Second Division - West,2,Reykjavik City,80255,no,80255,20.6,Watchlist,29.695940856696502,23.850421970725506,Yes,2028,1549,Flexible / Multi-System,info@reykjavikcity.is,Go through the player's agent - ask the club to confirm representation first
4279,Carlos Solano-Morales,MF,23,Costa Rica,Costa Rica Second Division - West,3,Cartago City,79627,no,79627,20.6,Watchlist,61.271410106729334,31.865473885694588,Unknown,2027,1098,Possession / Build-from-the-Back,info@cartagocity.cr,Club sporting director / first-team office
250,Jakub Vesely,DF,20,Czechia,Czechia Amateur League,3,Pardubice Rangers,113743,no,113743,20.6,Watchlist,37.02864898952219,26.0367408535745,Unknown,2028,874,High Press / Gegenpressing,info@pardubicerangers.cz,Club sporting director / first-team office
1117,Sota Sato,DF,17,Japan,Japan Third Tier - South,2,Sendai SC,117100,yes,0,20.6,Watchlist - Unrepresented,21.16095802753844,20.815440411694883,No,2027,1086,Counter-Attack / Transition,info@sendaisc.jp,"Club youth/academy office ONLY - player is a minor, do not contact directly"
1826,Phong Le-Hoang,MF,21,Vietnam,Vietnam Second Division - East,3,Hai Phong Athletic,66625,no,66625,20.5,Watchlist - Unrepresented,72.62628977238279,34.042249592081745,No,2026,1757,Flexible / Multi-System,info@haiphongathletic.vn,Club sporting director / first-team office
4315,Christian Ngoy-Onana,GK,22,Cameroon,Cameroon Third Tier - South,4,Bafoussam Athletic,62300,yes,0,20.5,Watchlist,45.891093988283515,28.32858949643306,Unknown,2028,2161,Shot-Stopper / Traditional,info@bafoussamathletic.cm,Club sporting director / first-team office
1030,Bakary Traore-Diarra,FW,23,Mali,Mali Second Division - West,2,Bamako Rangers,108216,no,108216,20.5,Watchlist,38.66147805938682,26.40471956673635,Unknown,2028,948,Counter-Attack / Transition,info@bamakorangers.ml,Club sporting director / first-team office
1871,Stefan Sigurdsson,MF,17,Iceland,Iceland Amateur League,3,Keflavik Wanderers,94982,no,94982,20.3,Watchlist - Unrepresented,26.858862813686187,22.73473797529859,No,2026,1338,High Press / Gegenpressing,info@keflavikwanderers.is,"Club youth/academy office ONLY - player is a minor, do not contact directly"
3743,Kwame Appiah-Agyemang,MF,17,Ghana,Ghana Provincial League,2,Sekondi FC,96149,no,96149,20.1,Watchlist,15.71255460132554,18.203183413412745,Yes,2027,1663,High Press / Gegenpressing,info@sekondifc.gh,"Club youth/academy office ONLY - player is a minor, do not contact directly"
2565,Yaw Agyemang-Mensah,FW,17,Ghana,Ghana Third Tier - South,2,Kumasi Athletic,106848,no,106848,19.9,,15.138053848374,17.82727664329568,No,2028,1471,Counter-Attack / Transition,info@kumasiathletic.gh,"Club youth/academy office ONLY - player is a minor, do not contact directly"
4328,Marko Vukotic,DF,18,Montenegro,Montenegro Provincial League,3,Berane Town,91200,yes,0,19.9,,59.2037565984968,30.73509920560368,No,2027,1453,Flexible / Multi-System,info@beranetown.me,Club sporting director / first-team office
2373,Yeferson Rondon-Rojas,DF,19,Venezuela,Venezuela Second Division,2,Caracas Athletic,80300,yes,0,19.8,,62.23488394662588,31.291733591061256,No,2026,1380,Flexible / Multi-System,info@caracasathletic.ve,Club sporting director / first-team office
3900,Hoang Nguyen-Pham,DF,18,Vietnam,Vietnam Third Tier - North,3,Hanoi City,81400,yes,0,19.7,,49.672042928040526,28.535077889367102,Yes,2026,1327,High Press / Gegenpressing,info@hanoicity.vn,Go through the player's agent - ask the club to confirm representation first
939,Arturs Vitols,MF,21,Latvia,Latvia Second Division - West,3,Daugavpils Wanderers,71807,no,71807,19.7,,64.83013613200033,31.707719440256884,Unknown,2026,1189,Flexible / Multi-System,info@daugavpilswanderers.lv,Club sporting director / first-team office
4281,Vladimir Petrovic,MF,21,Serbia,Serbia Reserve League,3,Dobanovci Athletic,62327,no,62327,19.7,,40.924933035407065,26.37845920503902,Unknown,2028,1430,High Press / Gegenpressing,info@dobanovciathletic.rs,Club sporting director / first-team office
4589,Jan Baumann,MF,18,Switzerland,Switzerland Second Division - East,2,St. Gallen City,62640,no,62640,19.7,,28.941630827231325,22.964840484998224,Yes,2028,1717,Flexible / Multi-System,info@stgallencity.ch,Go through the player's agent - ask the club to confirm representation first
1525,Karl Kukk,GK,26,Estonia,Estonia Reserve League,2,Parnu Rovers,69027,no,69027,19.7,,30.56650823236735,23.47155568296635,No,2029,2256,Sweeper-Keeper / Build-from-the-Back,info@parnurovers.ee,Club sporting director / first-team office
2371,Bojan Ilic-Stankovic,DF,17,Serbia,Serbia Regional League,2,Backa Topola Wanderers,86893,no,86893,19.7,,18.043290010458364,18.99222007002703,Yes,2026,1856,Counter-Attack / Transition,info@backatopolawanderers.rs,"Club youth/academy office ONLY - player is a minor, do not contact directly"
3877,Fidel Perez-Escobar,FW,17,Panama,Panama Provincial League,2,Panama City Rangers,92000,yes,0,19.5,,9.412294975880242,14.550655311501412,Unknown,2029,1812,Flexible / Multi-System,info@panamacityrangers.pa,"Club youth/academy office ONLY - player is a minor, do not contact directly"
882,Kacper Szymanski-Mazur,DF,26,Poland,Poland Second Division,2,Gdynia Town,94449,no,94449,19.5,,50.969405686961494,28.595695584669663,Yes,2026,1436,Counter-Attack / Transition,info@gdyniatown.pl,Go through the player's agent - ask the club to confirm representation first
603,Nicolas Gonzalez-Silva,DF,19,Uruguay,Uruguay Second Division - East,2,Rivera FC,107162,no,107162,19.4,,25.840980593503353,21.747204510128146,No,2029,1281,High Press / Gegenpressing,info@riverafc.uy,Club sporting director / first-team office
4209,Ziga Horvat-Kovac,MF,17,Slovenia,Slovenia Second Division,2,Celje City,110864,no,110864,19.4,,21.745366161509757,20.276441411517485,Unknown,2026,1368,Possession / Build-from-the-Back,info@celjecity.si,"Club youth/academy office ONLY - player is a minor, do not contact directly"
3621,Diyorbek Rustamov,MF,17,Uzbekistan,Uzbekistan Third Tier - North,2,Samarkand City,63500,yes,0,19.4,,22.32499411776163,20.490926162087554,No,2027,1816,Flexible / Multi-System,info@samarkandcity.uz,"Club youth/academy office ONLY - player is a minor, do not contact directly"
321,Rasmus Mets-Kask,DF,20,Estonia,Estonia Second Division,3,Tallinn City,98178,no,98178,19.3,,60.158834736779546,30.429829271491258,Unknown,2026,1277,Possession / Build-from-the-Back,info@tallinncity.ee,Club sporting director / first-team office
964,Bekzod Rustamov-Karimov,DF,18,Uzbekistan,Uzbekistan Reserve League,2,Andijan Rovers,112200,yes,0,19.3,,33.85962556863254,24.129559686676508,Unknown,2028,1463,Possession / Build-from-the-Back,info@andijanrovers.uz,Club sporting director / first-team office
1736,Mustafa Hassan,GK,25,Iraq,Iraq Amateur League,2,Najaf FC,63537,no,63537,19.2,,72.30262900538709,32.62491920690332,No,2026,1065,Sweeper-Keeper / High Line,info@najaffc.iq,Club sporting director / first-team office
2170,Duc Nguyen-Hoang,MF,22,Vietnam,Vietnam Amateur League,2,Da Nang City,101942,no,101942,19.2,,41.592381952198835,26.119736458728703,No,2028,1309,Counter-Attack / Transition,info@danangcity.vn,Club sporting director / first-team office
3397,Andre Reid,DF,18,Jamaica,Jamaica Third Tier - South,2,Kingston Town,84355,no,84355,19.1,,38.63602305903301,25.331308870588472,No,2028,1695,Flexible / Multi-System,info@kingstontown.jm,Club sporting director / first-team office
710,Tomas Molnar-Kovac,DF,20,Slovakia,Slovakia Third Tier - South,2,Trencin FC,97750,no,97750,19.1,,61.17321098130263,30.37892983216119,No,2026,1540,Possession / Build-from-the-Back,info@trencinfc.sk,Club sporting director / first-team office
4730,Given Tembo,DF,18,Zambia,Zambia Second Division - West,2,Ndola Town,85400,yes,0,19.1,,38.594422826829835,25.26723852160802,No,2028,1295,High Press / Gegenpressing,info@ndolatown.zm,Club sporting director / first-team office
4321,Emmanuel Appiah-Asante,MF,18,Ghana,Ghana Third Tier - South,2,Accra Wanderers,64700,no,64700,19.0,,56.98647341767072,29.503169898522664,Unknown,2026,2110,Flexible / Multi-System,info@accrawanderers.gh,Club sporting director / first-team office
687,Carlos Suarez,DF,20,Ecuador,Ecuador Second Division - East,2,Cuenca Rovers,73903,no,73903,19.0,,55.07647436431928,29.068224161486985,No,2027,2050,Flexible / Multi-System,info@cuencarovers.ec,Club sporting director / first-team office
568,Juraj Molnar-Toth,DF,18,Slovakia,Slovakia Provincial League,2,Nitra Rangers,69800,yes,0,19.0,,55.352432791754,29.126394885264205,No,2027,1501,Flexible / Multi-System,info@nitrarangers.sk,Club sporting director / first-team office
2199,Emmanuel Agyemang-Boateng,MF,18,Ghana,Ghana Second Division - East,2,Accra FC,86700,yes,0,19.0,,55.54554537000287,29.141594248936418,Unknown,2026,1570,Flexible / Multi-System,info@accrafc.gh,Club sporting director / first-team office
3617,Marlon Bailey,DF,18,Jamaica,Jamaica Second Division - East,3,Kingston Wanderers,95000,yes,0,18.9,,41.86499549257896,25.992815534865898,No,2028,1538,High Press / Gegenpressing,info@kingstonwanderers.jm,Club sporting director / first-team office
2405,Min-jun Kang-Kim,MF,22,South Korea,South Korea Third Tier - North,3,Daejeon Wanderers,63784,no,63784,18.8,,32.40541679837799,23.39259681641242,No,2029,1551,Possession / Build-from-the-Back,info@daejeonwanderers.kr,Club sporting director / first-team office
3584,Souleymane Keita-Sidibe,DF,23,Mali,Mali Third Tier - North,2,Sikasso City,78032,no,78032,18.8,,62.39109813553163,30.360847310566587,No,2027,1161,Possession / Build-from-the-Back,info@sikassocity.ml,Club sporting director / first-team office
1001,Ivan Barisic,DF,23,Croatia,Croatia Third Tier - North,3,Bijelo Brdo Town,61423,no,61423,18.8,,36.12981554918177,24.40119713612851,Yes,2028,1690,Flexible / Multi-System,info@bijelobrdotown.hr,Go through the player's agent - ask the club to confirm representation first
984,Stefan Hofer,DF,19,Austria,Austria Provincial League,2,Linz United,82200,yes,0,18.8,,38.72360934307996,25.08737189797392,No,2028,1227,High Press / Gegenpressing,info@linzunited.at,Club sporting director / first-team office
1404,Andre Lowe-Reid,FW,25,Jamaica,Jamaica Second Division,2,May Pen City,80747,no,80747,18.8,,44.14443737113414,26.42697390672354,No,2028,1415,Flexible / Multi-System,info@maypencity.jm,Club sporting director / first-team office
3515,Haruto Takahashi,MF,24,Japan,Japan Amateur League,2,Nagoya Wanderers,80650,no,80650,18.8,,27.093276036005793,21.730018078533575,Unknown,2029,1509,Possession / Build-from-the-Back,info@nagoyawanderers.jp,Club sporting director / first-team office
708,Ardit Hoxha-Bardhi,MF,17,Albania,Albania Amateur League,2,Tirana SC,102700,yes,0,18.7,,24.363746480348507,20.782316996854295,No,2026,1671,High Press / Gegenpressing,info@tiranasc.al,"Club youth/academy office ONLY - player is a minor, do not contact directly"
152,Bruno Ferreira-Acosta,MF,18,Uruguay,Uruguay Provincial League,3,Paysandu FC,60643,no,60643,18.7,,21.703981715252105,19.84321793360811,Yes,2029,1732,Flexible / Multi-System,info@paysandufc.uy,Go through the player's agent - ask the club to confirm representation first
4578,Piotr Mazur,MF,21,Poland,Poland Amateur League,4,Bytom Rovers,89673,no,89673,18.6,,60.00790384005616,29.74112022015648,Unknown,2027,853,High Press / Gegenpressing,info@bytomrovers.pl,Club sporting director / first-team office
1337,Quang Tran-Vu,FW,17,Vietnam,Vietnam Amateur League,2,Can Tho FC,112500,yes,0,18.6,,19.08040638831071,18.791107510487198,Unknown,2027,1544,High Press / Gegenpressing,info@canthofc.vn,"Club youth/academy office ONLY - player is a minor, do not contact directly"
1367,Hoang Le-Pham,GK,19,Vietnam,Vietnam Amateur League,2,Da Nang FC,91693,no,91693,18.6,,19.11848867748558,18.794708478591396,Yes,2029,915,Flexible / Multi-System,info@danangfc.vn,Go through the player's agent - ask the club to confirm representation first
3476,Jack Smith-Brown,DF,17,New Zealand,New Zealand Second Division - East,3,Hamilton City,62100,yes,0,18.5,,20.344926907069173,19.226992588071983,Yes,2026,2003,Flexible / Multi-System,info@hamiltoncity.nz,"Club youth/academy office ONLY - player is a minor, do not contact directly"
4946,Nattapong Rattanakosin-Srisawat,MF,17,Thailand,Thailand Third Tier - North,3,Nonthaburi Rangers,71522,no,71522,18.5,,24.7398566129569,20.77677635569112,Unknown,2026,1533,High Press / Gegenpressing,info@nonthaburirangers.th,"Club youth/academy office ONLY - player is a minor, do not contact directly"
2444,Anthony Chavez-Preciado,MF,20,Ecuador,Ecuador Provincial League,3,Quito FC,105252,no,105252,18.5,,37.28087698375076,24.480131236775442,Unknown,2028,931,High Press / Gegenpressing,info@quitofc.ec,Club sporting director / first-team office
3172,Bruno Pereira,DF,17,Uruguay,Uruguay Second Division,3,Salto City,60300,yes,0,18.4,,17.425453550919432,18.03267391580437,No,2028,1807,Flexible / Multi-System,info@saltocity.uy,"Club youth/academy office ONLY - player is a minor, do not contact directly"
3434,Jasur Yuldashev-Rashidov,MF,18,Uzbekistan,Uzbekistan Third Tier - North,4,Bukhara Rovers,93253,no,93253,18.4,,52.72825769817024,28.061078928667857,Yes,2026,1211,High Press / Gegenpressing,info@bukhararovers.uz,Go through the player's agent - ask the club to confirm representation first
4583,Tomas Horvath,GK,17,Slovakia,Slovakia Reserve League,2,Nitra United,107133,no,107133,18.3,,21.810599938013645,19.654853809384278,Unknown,2026,1937,Shot-Stopper / Traditional,info@nitraunited.sk,"Club youth/academy office ONLY - player is a minor, do not contact directly"
3315,Romell Palacios-Elvir,DF,19,Honduras,Honduras Second Division - East,2,Choluteca Rovers,110678,no,110678,18.3,,27.535449059014386,21.559974704997558,Yes,2028,1060,Counter-Attack / Transition,info@cholutecarovers.hn,Go through the player's agent - ask the club to confirm representation first
861,Michal Szymanski,DF,17,Poland,Poland Third Tier - South,2,Bytom Rovers,119000,yes,0,18.3,,24.051719286543236,20.42442468405586,No,2026,1455,High Press / Gegenpressing,info@bytomrovers.pl,"Club youth/academy office ONLY - player is a minor, do not contact directly"
566,Emiliano Lopez-Sanchez,DF,19,Paraguay,Paraguay Second Division - East,2,Encarnacion Wanderers,104783,no,104783,18.2,,34.06285758005632,23.423460876067608,Unknown,2028,1498,High Press / Gegenpressing,info@encarnacionwanderers.py,Club sporting director / first-team office
1485,Ahmed Kareem-Jabbar,DF,25,Iraq,Iraq Third Tier - North,2,Erbil City,60618,no,60618,18.2,,46.55209894340543,26.540820146319042,Yes,2027,1046,Possession / Build-from-the-Back,info@erbilcity.iq,Go through the player's agent - ask the club to confirm representation first
3190,Bojan Petrovic-Stankovic,DF,25,Serbia,Serbia Regional League,2,Dobanovci Wanderers,80061,no,80061,18.2,,32.241899548242465,22.914315071245166,Yes,2028,1598,Flexible / Multi-System,info@dobanovciwanderers.rs,Go through the player's agent - ask the club to confirm representation first
3410,Wilfried Diabate-Bamba,DF,21,Ivory Coast,Ivory Coast Amateur League,2,Bouake Rangers,113770,no,113770,18.1,,35.46050924098128,23.698486222109292,Unknown,2028,1152,High Press / Gegenpressing,info@bouakerangers.ci,Club sporting director / first-team office
1381,Patrick Ngoy-Njie,MF,17,Cameroon,Cameroon Second Division,3,Yaounde FC,95900,yes,0,18.0,,21.18503022841727,19.23240953700973,Unknown,2027,1297,Possession / Build-from-the-Back,info@yaoundefc.cm,"Club youth/academy office ONLY - player is a minor, do not contact directly"
3868,Aron Einarsson-Bjornsson,MF,20,Iceland,Iceland Amateur League,2,Vestmannaeyjar City,96569,no,96569,18.0,,26.077398222777468,20.899108793025288,No,2029,1507,High Press / Gegenpressing,info@vestmannaeyjarcity.is,Club sporting director / first-team office
4789,Franco Flores,FW,20,Bolivia,Bolivia Second Division - East,4,Oruro United,83927,no,83927,17.9,,53.21664833221844,27.694531150974434,Yes,2026,1154,High Press / Gegenpressing,info@orurounited.bo,Go through the player's agent - ask the club to confirm representation first
772,Devon Powell-Campbell,MF,18,Jamaica,Jamaica Second Division - East,2,May Pen Town,68075,no,68075,17.9,,35.37285442913252,23.505748881787603,Unknown,2028,1776,Flexible / Multi-System,info@maypentown.jm,Club sporting director / first-team office
4363,Tomas Horak,GK,24,Czechia,Czechia Reserve League,2,Ceske Budejovice SC,69800,yes,0,17.8,,44.710774831115494,25.770604728265486,No,2028,1026,Shot-Stopper / Traditional,info@ceskebudejovicesc.cz,Club sporting director / first-team office
1820,Kwame Appiah,DF,17,Ghana,Ghana Reserve League,4,Kumasi United,97900,yes,0,17.8,,12.253949219872588,15.355297364003729,No,2029,1208,High Press / Gegenpressing,info@kumasiunited.gh,"Club youth/academy office ONLY - player is a minor, do not contact directly"
3216,Domagoj Matic-Kovac,DF,23,Croatia,Croatia Second Division - West,2,Zagreb United,105247,no,105247,17.8,,69.1792062585782,30.685841014389023,No,2026,1153,Counter-Attack / Transition,info@zagrebunited.hr,Club sporting director / first-team office
1933,Stefan Jovanovic-Milic,MF,26,Serbia,Serbia Second Division,2,Dobanovci SC,75021,no,75021,17.8,,27.26533920226522,21.13426240710859,Unknown,2029,1641,Flexible / Multi-System,info@dobanovcisc.rs,Club sporting director / first-team office
3549,Adam Novak,DF,18,Czechia,Czechia Third Tier - North,3,Ceske Budejovice Rovers,103100,yes,0,17.8,,52.62814851785743,27.444622566651397,Unknown,2027,1491,Possession / Build-from-the-Back,info@ceskebudejovicerovers.cz,Club sporting director / first-team office
1408,Rok Kovac,MF,17,Slovenia,Slovenia Regional League,3,Kranj Rangers,74300,yes,0,17.8,,11.685862743469812,15.025888274309763,No,2029,1852,High Press / Gegenpressing,info@kranjrangers.si,"Club youth/academy office ONLY - player is a minor, do not contact directly"
4325,Thomas Steiner-Hofer,MF,18,Austria,Austria Third Tier - North,2,Klagenfurt United,88432,no,88432,17.7,,23.61231923509534,19.863730292896026,Unknown,2029,1542,Possession / Build-from-the-Back,info@klagenfurtunited.at,Club sporting director / first-team office
2827,Haruto Suzuki-Tanaka,MF,23,Japan,Japan Reserve League,3,Fukuoka Athletic,77946,no,77946,17.7,,33.11332425995477,22.740837983963043,No,2029,1375,Possession / Build-from-the-Back,info@fukuokaathletic.jp,Club sporting director / first-team office
4240,Souleymane Diarra-Coulibaly,GK,22,Mali,Mali Amateur League,3,Kayes Athletic,68300,yes,0,17.6,,67.96830252975451,30.219556235391387,Unknown,2026,2452,Sweeper-Keeper / High Line,info@kayesathletic.ml,Club sporting director / first-team office
2831,Souleymane Camara-Traore,MF,26,Mali,Mali Second Division - East,4,Bamako Rangers,66971,no,66971,17.6,,84.64978157359444,32.953670399680725,No,2026,1336,Possession / Build-from-the-Back,info@bamakorangers.ml,Club sporting director / first-team office
1244,Souleymane Keita-Camara,DF,22,Mali,Mali Second Division,4,Sikasso City,89842,no,89842,17.4,,44.444360996547516,25.360161497399755,Unknown,2028,848,Possession / Build-from-the-Back,info@sikassocity.ml,Club sporting director / first-team office
3371,Dusan Nikolic,MF,25,Serbia,Serbia Amateur League,2,Backa Topola City,69745,no,69745,17.4,,45.98429294626595,25.699852826203713,Yes,2027,1074,Possession / Build-from-the-Back,info@backatopolacity.rs,Go through the player's agent - ask the club to confirm representation first
4976,Bakary Sidibe-Traore,FW,17,Mali,Mali Third Tier - North,3,Sikasso FC,92500,yes,0,17.4,,8.366721516561498,12.98505097904754,Yes,2029,1294,Counter-Attack / Transition,info@sikassofc.ml,"Club youth/academy office ONLY - player is a minor, do not contact directly"
4561,Kaito Sato-Ito,MF,17,Japan,Japan Second Division - West,2,Sapporo FC,110200,yes,0,17.2,,10.311139503128317,14.03561491726936,No,2029,1892,High Press / Gegenpressing,info@sapporofc.jp,"Club youth/academy office ONLY - player is a minor, do not contact directly"
4816,Yaw Mensah-Owusu,MF,20,Ghana,Ghana Second Division,2,Kumasi Wanderers,116221,no,116221,17.2,,37.567708983737944,23.541528851917896,No,2028,1134,High Press / Gegenpressing,info@kumasiwanderers.gh,Club sporting director / first-team office
672,Luis Campos,FW,20,Costa Rica,Costa Rica Reserve League,2,Alajuela Wanderers,88088,no,88088,17.2,,28.09100725489228,20.954687060701318,Yes,2028,1893,Direct / Target Approach,info@alajuelawanderers.cr,Go through the player's agent - ask the club to confirm representation first
3412,Darko Stojanovski-Angelovski,DF,23,North Macedonia,North Macedonia Second Division,4,Stip City,83466,no,83466,17.2,,51.7713470659146,26.70771320369297,No,2028,971,Possession / Build-from-the-Back,info@stipcity.mk,Club sporting director / first-team office
2776,Luka Novak-Zupan,DF,22,Slovenia,Slovenia Amateur League,2,Ljubljana Wanderers,64046,no,64046,17.2,,62.42742683815055,28.78399639595276,Unknown,2026,1615,Possession / Build-from-the-Back,info@ljubljanawanderers.si,Club sporting director / first-team office
3943,Damion Lowe,DF,26,Jamaica,Jamaica Second Division - East,4,Montego Bay Athletic,60837,no,60837,17.2,,36.35108016426549,23.185039814368533,No,2029,1531,Counter-Attack / Transition,info@montegobayathletic.jm,Club sporting director / first-team office
2347,Carlos Castillo-Campos,FW,23,Costa Rica,Costa Rica Second Division - West,3,Alajuela Town,115502,no,115502,17.2,,46.843324979037256,25.634222706035114,No,2028,812,Counter-Attack / Transition,info@alajuelatown.cr,Club sporting director / first-team office
3794,Petr Dvorak,MF,17,Czechia,Czechia Third Tier - North,3,Pardubice SC,104800,yes,0,17.1,,16.602758215026117,16.903491933184974,No,2028,1121,High Press / Gegenpressing,info@pardubicesc.cz,"Club youth/academy office ONLY - player is a minor, do not contact directly"
68,Tomas Toth-Horvath,FW,21,Slovakia,Slovakia Third Tier - South,3,Nitra FC,113626,no,113626,17.1,,26.520291495151838,20.356014318912997,Unknown,2029,1138,High Press / Gegenpressing,info@nitrafc.sk,Club sporting director / first-team office
1981,Mustafa Jabbar-Abbas,FW,25,Iraq,Iraq Third Tier - North,4,Najaf Wanderers,77551,no,77551,17.1,,35.58714142750197,22.897004637322716,No,2029,1296,Counter-Attack / Transition,info@najafwanderers.iq,Club sporting director / first-team office
2720,Lukas Toth,DF,19,Slovakia,Slovakia Second Division,3,Presov Wanderers,70600,yes,0,17.0,,44.18743728812154,24.95081166522461,Yes,2027,1340,Flexible / Multi-System,info@presovwanderers.sk,Go through the player's agent - ask the club to confirm representation first
4576,Michael Barrios-Escobar,FW,19,Panama,Panama Second Division,3,David Athletic,105195,no,105195,17.0,,20.682743837094545,18.37378118746639,Yes,2029,1605,High Press / Gegenpressing,info@davidathletic.pa,Go through the player's agent - ask the club to confirm representation first
3727,Carlos Solano-Vargas,DF,18,Costa Rica,Costa Rica Provincial League,3,Alajuela FC,94100,yes,0,17.0,,28.61694170504564,20.921391255307864,No,2029,1511,High Press / Gegenpressing,info@alajuelafc.cr,Club sporting director / first-team office
595,Petr Novak-Horak,MF,22,Czechia,Czechia Third Tier - South,3,Olomouc Rovers,68756,no,68756,17.0,,66.420434783955,29.29577790675393,No,2027,1670,Flexible / Multi-System,info@olomoucrovers.cz,Club sporting director / first-team office
2214,Igor Ilic-Vukotic,FW,23,Montenegro,Montenegro Regional League,3,Danilovgrad City,95613,no,95613,16.9,,32.526662966226496,21.955248195981834,No,2029,1037,Counter-Attack / Transition,info@danilovgradcity.me,Club sporting director / first-team office
1507,Ha-joon Park-Kang,GK,20,South Korea,South Korea Second Division,3,Daegu SC,67498,no,67498,16.9,,69.18441772249987,29.667352081391616,No,2026,2477,Shot-Stopper / Traditional,info@daegusc.kr,Club sporting director / first-team office
1852,Oumar Sidibe-Keita,MF,25,Mali,Mali Regional League,2,Bamako Wanderers,111824,no,111824,16.8,,31.312889430313774,21.584293654253067,Yes,2028,1204,Possession / Build-from-the-Back,info@bamakowanderers.ml,Go through the player's agent - ask the club to confirm representation first
3205,Gentian Meta-Krasniqi,MF,24,Albania,Albania Third Tier - North,2,Durres Rangers,90025,no,90025,16.8,,70.13134238830105,29.79980648822857,No,2026,1565,Flexible / Multi-System,info@durresrangers.al,Club sporting director / first-team office
1226,Ren Suzuki-Watanabe,MF,21,Japan,Japan Second Division,3,Sendai Rovers,75746,no,75746,16.7,,52.41294398448476,26.398072016345044,Yes,2026,1509,Possession / Build-from-the-Back,info@sendairovers.jp,Go through the player's agent - ask the club to confirm representation first
2595,Bekzod Karimov-Rustamov,DF,18,Uzbekistan,Uzbekistan Provincial League,3,Bukhara FC,80493,no,80493,16.6,,38.16606989303299,23.14104830487631,Unknown,2028,1753,Possession / Build-from-the-Back,info@bukharafc.uz,Club sporting director / first-team office
3021,Andre Mbia-Njie,DF,19,Cameroon,Cameroon Amateur League,2,Garoua Town,87500,yes,0,16.6,,54.26856753110816,26.639826720671678,No,2027,1942,Flexible / Multi-System,info@garouatown.cm,Club sporting director / first-team office
4581,Gentian Bardhi-Hoxha,DF,24,Albania,Albania Third Tier - North,2,Elbasan Athletic,106336,no,106336,16.6,,26.445688389869588,19.982692386959695,Unknown,2029,1248,Counter-Attack / Transition,info@elbasanathletic.al,Club sporting director / first-team office
1296,Kristijan Ristovski-Trajkovski,FW,22,North Macedonia,North Macedonia Second Division - East,2,Stip City,76152,no,76152,16.6,,21.26808749212919,18.298514994605505,Yes,2029,1496,Low Block / Park the Bus,info@stipcity.mk,Go through the player's agent - ask the club to confirm representation first
2102,Didier Diabate-Kone,MF,22,Ivory Coast,Ivory Coast Provincial League,3,Yamoussoukro City,101831,no,101831,16.5,,22.70182661798938,18.75481571388249,Yes,2029,955,Possession / Build-from-the-Back,info@yamoussoukrocity.ci,Go through the player's agent - ask the club to confirm representation first
1716,Levan Lomidze-Beridze,DF,18,Georgia,Georgia Second Division - West,2,Tbilisi SC,64800,yes,0,16.4,,63.41378578627708,28.21470933910431,No,2026,2031,Flexible / Multi-System,info@tbilisisc.ge,Club sporting director / first-team office
4507,Federico Gonzalez-Pereira,DF,22,Uruguay,Uruguay Second Division - East,2,Rivera Rovers,64501,no,64501,16.4,,62.388769651157595,28.031392764309533,Unknown,2026,2353,Flexible / Multi-System,info@riverarovers.uy,Club sporting director / first-team office
1276,Bryan Martinez-Palacios,MF,18,Honduras,Honduras Second Division,3,San Pedro Sula Town,81000,yes,0,16.3,,28.994783595735974,20.533859946554998,No,2029,1545,Flexible / Multi-System,info@sanpedrosulatown.hn,Club sporting director / first-team office
4645,Luka Radic,MF,26,Croatia,Croatia Reserve League,3,Medimurje Rovers,69027,no,69027,16.2,,33.46729254134959,21.693707047841418,No,2029,1294,Counter-Attack / Transition,info@medimurjerovers.hr,Club sporting director / first-team office
3700,Nico Frei,GK,22,Switzerland,Switzerland Amateur League,4,Winterthur FC,72691,no,72691,16.1,,51.82084716392458,25.733222785797896,Yes,2027,1588,Sweeper-Keeper / Build-from-the-Back,info@winterthurfc.ch,Go through the player's agent - ask the club to confirm representation first
1855,Abdoulaye Diop-Sow,MF,25,Senegal,Senegal Provincial League,3,Dakar Rovers,98162,no,98162,16.1,,32.45186756629998,21.270814346733545,No,2029,1145,Possession / Build-from-the-Back,info@dakarrovers.sn,Club sporting director / first-team office
4143,Tim Zupan-Krajnc,MF,19,Slovenia,Slovenia Amateur League,4,Kranj Athletic,83396,no,83396,16.1,,65.5537754459816,28.179113266018778,Unknown,2026,1170,High Press / Gegenpressing,info@kranjathletic.si,Club sporting director / first-team office
2806,Nicolas Vargas-Fernandez,MF,22,Bolivia,Bolivia Second Division - East,4,La Paz Rangers,72169,no,72169,16.1,,51.853536296908025,25.65662880360227,Yes,2027,1378,Possession / Build-from-the-Back,info@lapazrangers.bo,Go through the player's agent - ask the club to confirm representation first
3038,Ali Mahmoud-Salim,FW,22,Iraq,Iraq Second Division - West,2,Baghdad City,104226,no,104226,16.0,,66.57959777343487,28.344879131026637,No,2026,1360,Counter-Attack / Transition,info@baghdadcity.iq,Club sporting director / first-team office
1592,Filip Nikolic,GK,21,Montenegro,Montenegro Amateur League,3,Bar FC,79942,no,79942,16.0,,22.214205319537726,18.254212749012435,Yes,2029,1094,Sweeper-Keeper / High Line,info@barfc.me,Go through the player's agent - ask the club to confirm representation first
3036,Franck Kone-Bamba,DF,21,Ivory Coast,Ivory Coast Reserve League,4,Abidjan Athletic,79767,no,79767,15.8,,67.47259415981,28.28401212268417,No,2027,1394,High Press / Gegenpressing,info@abidjanathletic.ci,Club sporting director / first-team office
3881,Wojciech Nowak,MF,21,Poland,Poland Second Division - West,4,Rzeszow Town,62940,no,62940,15.8,,30.00017330972521,20.408576839625987,Unknown,2029,1315,High Press / Gegenpressing,info@rzeszowtown.pl,Club sporting director / first-team office
4782,Ousmane Diallo,MF,18,Senegal,Senegal Second Division - East,2,Saint-Louis SC,89200,yes,0,15.8,,38.44768447938608,22.53778809505763,No,2028,1697,Flexible / Multi-System,info@saintlouissc.sn,Club sporting director / first-team office
993,Bryan Elvir-Figueroa,MF,17,Honduras,Honduras Reserve League,2,Tegucigalpa Rovers,83664,no,83664,15.6,,22.287623768457753,17.984450955806057,Unknown,2026,1575,Possession / Build-from-the-Back,info@tegucigalparovers.hn,"Club youth/academy office ONLY - player is a minor, do not contact directly"
2472,Luka Kovacevic-Matic,DF,19,Croatia,Croatia Third Tier - North,2,Bijelo Brdo Athletic,98300,yes,0,15.6,,44.62399772030981,23.72913933048611,Yes,2026,1958,Flexible / Multi-System,info@bijelobrdoathletic.hr,Go through the player's agent - ask the club to confirm representation first
3214,Lukas Dvorak,DF,22,Czechia,Czechia Second Division - West,4,Ostrava Rangers,97108,no,97108,15.5,,30.148919225955563,20.232173196557696,Unknown,2029,919,Counter-Attack / Transition,info@ostravarangers.cz,Club sporting director / first-team office
3170,Yoon-seo Lee-Kim,MF,18,South Korea,South Korea Second Division,3,Busan Wanderers,88200,yes,0,15.5,,53.35187951273669,25.369615129630937,Unknown,2027,1542,High Press / Gegenpressing,info@busanwanderers.kr,Club sporting director / first-team office
4122,Adalberto Godoy,FW,18,Panama,Panama Third Tier - South,3,Santiago Town,83200,yes,0,15.4,,67.92981834809582,27.93024589544027,No,2026,1446,Counter-Attack / Transition,info@santiagotown.pa,Club sporting director / first-team office
4623,Somchai Charoensuk-Srisawat,DF,18,Thailand,Thailand Provincial League,3,Bangkok City,71700,yes,0,15.4,,61.836191030189916,26.827168531658106,Unknown,2026,2087,Flexible / Multi-System,info@bangkokcity.th,Club sporting director / first-team office
3260,Nico Schmid,FW,18,Switzerland,Switzerland Provincial League,3,Thun FC,76500,yes,0,15.4,,43.87820476759059,23.372570383193864,Yes,2027,1376,Flexible / Multi-System,info@thunfc.ch,Go through the player's agent - ask the club to confirm representation first
4599,Jon Olafsson,DF,22,Iceland,Iceland Third Tier - South,3,Vestmannaeyjar Town,80008,no,80008,15.3,,46.51524037371071,23.87703747879744,No,2028,1541,Possession / Build-from-the-Back,info@vestmannaeyjartown.is,Club sporting director / first-team office
44,Ha-joon Jung-Kang,FW,18,South Korea,South Korea Provincial League,4,Gwangju Wanderers,83990,no,83990,15.3,,53.21315437797463,25.163025233920436,Yes,2026,1217,Counter-Attack / Transition,info@gwangjuwanderers.kr,Go through the player's agent - ask the club to confirm representation first
2340,Mamadou Diallo-Diop,MF,19,Senegal,Senegal Regional League,3,Saint-Louis United,96549,no,96549,15.2,,67.05108556819452,27.512084831407506,No,2026,1458,High Press / Gegenpressing,info@saintlouisunited.sn,Club sporting director / first-team office
3534,Jan Bianchi-Muller,MF,18,Switzerland,Switzerland Second Division - East,3,Winterthur SC,61900,yes,0,15.2,,31.721180835984885,20.393929554751217,Yes,2028,1540,Flexible / Multi-System,info@winterthursc.ch,Go through the player's agent - ask the club to confirm representation first
1634,Lukas Mayer,FW,24,Austria,Austria Third Tier - North,4,Klagenfurt Wanderers,91671,no,91671,15.2,,31.51128522109307,20.336765508266065,Unknown,2029,897,Counter-Attack / Transition,info@klagenfurtwanderers.at,Club sporting director / first-team office
3758,Carlos Chavez-Suarez,DF,22,Ecuador,Ecuador Provincial League,3,Guayaquil City,118373,no,118373,15.2,,72.09069561274883,28.301421186702473,No,2026,844,Possession / Build-from-the-Back,info@guayaquilcity.ec,Club sporting director / first-team office
3806,Mateo Vargas-Fernandez,FW,20,Bolivia,Bolivia Second Division - West,3,La Paz FC,76336,no,76336,15.0,,61.49811919076874,26.39342598349349,Unknown,2026,1644,High Press / Gegenpressing,info@lapazfc.bo,Club sporting director / first-team office
4136,Einar Olafsson-Halldorsson,DF,19,Iceland,Iceland Third Tier - South,3,Selfoss United,87229,no,87229,15.0,,42.17878215727838,22.65830765198403,No,2028,1497,Flexible / Multi-System,info@selfossunited.is,Club sporting director / first-team office
284,Kittipong Sanguan-Srisawat,FW,17,Thailand,Thailand Regional League,3,Bangkok Athletic,90622,no,90622,14.9,,21.290226040592362,17.208315947400003,Unknown,2027,2063,High Press / Gegenpressing,info@bangkokathletic.th,"Club youth/academy office ONLY - player is a minor, do not contact directly"
1911,Esteban Morales-Campos,DF,24,Costa Rica,Costa Rica Reserve League,3,San Jose FC,80971,no,80971,14.9,,24.086645681645233,18.060696365268885,Yes,2029,1288,Counter-Attack / Transition,info@sanjosefc.cr,Go through the player's agent - ask the club to confirm representation first
2711,Rasmus Pikk,DF,22,Estonia,Estonia Second Division - West,4,Parnu United,66982,no,66982,14.8,,81.39819007992634,29.31559598961698,No,2026,1607,Flexible / Multi-System,info@parnuunited.ee,Club sporting director / first-team office
1019,Igor Stojanovski-Ristovski,MF,17,North Macedonia,North Macedonia Second Division - East,3,Ohrid SC,108200,yes,0,14.7,,19.38013346630953,16.438042469967563,Yes,2026,1199,High Press / Gegenpressing,info@ohridsc.mk,"Club youth/academy office ONLY - player is a minor, do not contact directly"
3968,Roberts Kalns-Liepa,DF,18,Latvia,Latvia Provincial League,2,Riga Athletic,108900,yes,0,14.7,,33.948187074054765,20.550447674721543,Unknown,2028,1532,Flexible / Multi-System,info@rigaathletic.lv,Club sporting director / first-team office
3728,Maximiliano Pereira-Ferreira,GK,24,Uruguay,Uruguay Second Division,2,Montevideo FC,103412,no,103412,14.7,,44.42648469953502,22.85143857840074,Yes,2027,1368,Sweeper-Keeper / Build-from-the-Back,info@montevideofc.uy,Go through the player's agent - ask the club to confirm representation first
4786,Milos Ilic-Perovic,DF,17,Montenegro,Montenegro Provincial League,2,Berane SC,115669,no,115669,14.6,,15.460480294605702,14.92121309319636,Yes,2027,1065,Flexible / Multi-System,info@beranesc.me,"Club youth/academy office ONLY - player is a minor, do not contact directly"
3623,Max Bamba,GK,21,Ivory Coast,Ivory Coast Second Division,4,Bouake FC,73246,no,73246,14.5,,32.94821178559973,20.174785882149102,No,2029,2416,Sweeper-Keeper / Build-from-the-Back,info@bouakefc.ci,Club sporting director / first-team office
1,Noah Mitchell-Clarke,MF,18,New Zealand,New Zealand Regional League,3,Wellington Town,73500,yes,0,14.5,,60.33213173366454,25.680149733767486,No,2027,1692,Flexible / Multi-System,info@wellingtontown.nz,Club sporting director / first-team office
207,Duc Pham-Hoang,MF,17,Vietnam,Vietnam Third Tier - North,2,Can Tho SC,66500,yes,0,14.5,,18.47055753771528,15.950817487244745,Yes,2026,1974,Flexible / Multi-System,info@canthosc.vn,"Club youth/academy office ONLY - player is a minor, do not contact directly"
3492,Sekou Camara-Sidibe,MF,19,Mali,Mali Second Division - East,2,Bamako Rangers,110300,yes,0,14.5,,44.176524965915576,22.608282117786747,Yes,2026,1410,Possession / Build-from-the-Back,info@bamakorangers.ml,Go through the player's agent - ask the club to confirm representation first
4742,Kelvin Banda-Sakala,GK,21,Zambia,Zambia Third Tier - South,3,Livingstone United,67900,yes,0,14.4,,46.49127874346669,23.036994511059063,Yes,2027,1213,Sweeper-Keeper / High Line,info@livingstoneunited.zm,Go through the player's agent - ask the club to confirm representation first
3803,Klodian Meta,DF,18,Albania,Albania Provincial League,4,Vlore Wanderers,86800,yes,0,14.4,,27.817526250356206,18.716796671541076,Unknown,2029,1444,Counter-Attack / Transition,info@vlorewanderers.al,Club sporting director / first-team office
3947,Philipp Gruber,GK,24,Austria,Austria Second Division - East,2,Graz Rovers,65900,yes,0,14.3,,44.936275334534685,22.609885530570377,No,2028,1982,Flexible / Multi-System,info@grazrovers.at,Club sporting director / first-team office
3845,Diyorbek Rustamov-Tashkentov,DF,19,Uzbekistan,Uzbekistan Amateur League,2,Bukhara Wanderers,76800,yes,0,14.2,,62.47803865732091,25.725259298552835,No,2026,2043,Flexible / Multi-System,info@bukharawanderers.uz,Club sporting director / first-team office
3353,Luka Radic-Kovac,DF,26,Croatia,Croatia Second Division,2,Medimurje Wanderers,119935,no,119935,14.2,,29.124080486530595,18.903553444298606,No,2029,889,Possession / Build-from-the-Back,info@medimurjewanderers.hr,Club sporting director / first-team office
1020,Jean Etoo,DF,19,Cameroon,Cameroon Third Tier - South,4,Douala Town,71100,yes,0,14.1,,47.438166568405535,22.91193008197609,Yes,2027,1439,Flexible / Multi-System,info@doualatown.cm,Go through the player's agent - ask the club to confirm representation first
1458,Noah Weber,MF,24,Switzerland,Switzerland Third Tier - South,3,Lucerne FC,89203,no,89203,14.1,,32.724765228403875,19.719815747509656,No,2029,1097,Possession / Build-from-the-Back,info@lucernefc.ch,Club sporting director / first-team office
1926,Nika Gelashvili,MF,22,Georgia,Georgia Provincial League,3,Batumi Rovers,117653,no,117653,14.1,,40.40834768699892,21.4556004907732,Unknown,2028,926,Counter-Attack / Transition,info@batumirovers.ge,Club sporting director / first-team office
404,Carlos Morales-Solano,MF,26,Costa Rica,Costa Rica Reserve League,3,San Jose Rovers,73065,no,73065,14.0,,43.81059346339714,22.0982379640409,Unknown,2028,1331,Counter-Attack / Transition,info@sanjoserovers.cr,Club sporting director / first-team office
1515,Roman Murillo-Escobar,MF,20,Panama,Panama Regional League,2,Santiago Rovers,69811,no,69811,14.0,,28.668448481449847,18.650379246032717,Yes,2028,2003,Flexible / Multi-System,info@santiagorovers.pa,Go through the player's agent - ask the club to confirm representation first
2942,Stefan Mayer,FW,21,Austria,Austria Second Division - East,3,Linz Wanderers,80692,no,80692,14.0,,40.010546188080795,21.301958478401275,Unknown,2028,1417,Counter-Attack / Transition,info@linzwanderers.at,Club sporting director / first-team office
4252,Kemar Lowe-Campbell,FW,25,Jamaica,Jamaica Reserve League,2,Kingston Wanderers,71365,no,71365,13.9,,56.49967440812414,24.36544646538665,Unknown,2027,1828,Low Block / Park the Bus,info@kingstonwanderers.jm,Club sporting director / first-team office
841,Eric Ngoy,FW,20,Cameroon,Cameroon Second Division - East,4,Garoua SC,103736,no,103736,13.9,,22.245191703473267,16.782260447994677,Yes,2029,863,High Press / Gegenpressing,info@garouasc.cm,Go through the player's agent - ask the club to confirm representation first
366,Jasur Yusupov-Rustamov,DF,17,Uzbekistan,Uzbekistan Third Tier - South,2,Tashkent United,76587,no,76587,13.9,,16.028426860774093,14.717546098479392,Yes,2027,2024,Flexible / Multi-System,info@tashkentunited.uz,"Club youth/academy office ONLY - player is a minor, do not contact directly"
4543,Philipp Hofer-Gruber,MF,23,Austria,Austria Amateur League,4,Graz Wanderers,77235,no,77235,13.9,,38.04155232429544,20.766310527845445,Yes,2028,982,Possession / Build-from-the-Back,info@grazwanderers.at,Go through the player's agent - ask the club to confirm representation first
1216,Einar Petursson-Gudmundsson,MF,26,Iceland,Iceland Regional League,4,Selfoss FC,64043,no,64043,13.8,,84.98155321825598,28.558941862816866,No,2026,1584,Possession / Build-from-the-Back,info@selfossfc.is,Club sporting director / first-team office
1600,Junior Rondon-Hernandez,MF,17,Venezuela,Venezuela Reserve League,3,Caracas FC,114000,yes,0,13.8,,26.43334115624934,17.900825994781535,No,2026,1242,High Press / Gegenpressing,info@caracasfc.ve,"Club youth/academy office ONLY - player is a minor, do not contact directly"
3823,Randall Castillo,MF,23,Costa Rica,Costa Rica Second Division - East,4,Alajuela Athletic,69670,no,69670,13.7,,75.79731801384325,27.203451615040162,Unknown,2026,1129,Counter-Attack / Transition,info@alajuelaathletic.cr,Club sporting director / first-team office
4155,Bryan Chavez-Preciado,MF,26,Ecuador,Ecuador Third Tier - North,4,Manta Athletic,69148,no,69148,13.7,,75.84721353441736,27.210613147717858,Unknown,2026,1169,Possession / Build-from-the-Back,info@mantaathletic.ec,Club sporting director / first-team office
1065,Samuel Onana-Njie,DF,20,Cameroon,Cameroon Second Division - East,3,Bafoussam Rovers,118662,no,118662,13.7,,29.96539500524501,18.738782193733595,Yes,2028,840,High Press / Gegenpressing,info@bafoussamrovers.cm,Go through the player's agent - ask the club to confirm representation first
4948,Philipp Huber,GK,21,Austria,Austria Regional League,2,Graz SC,61642,no,61642,13.7,,42.82241280461801,21.60465247983665,Yes,2027,1198,Shot-Stopper / Traditional,info@grazsc.at,Go through the player's agent - ask the club to confirm representation first
82,Bledi Krasniqi-Meta,FW,17,Albania,Albania Second Division - West,2,Durres Wanderers,90700,yes,0,13.7,,17.975718617926248,15.240174057237136,Yes,2026,1932,Direct / Target Approach,info@durreswanderers.al,"Club youth/academy office ONLY - player is a minor, do not contact directly"
3625,Gentian Meta-Hoxha,MF,19,Albania,Albania Second Division - West,3,Shkoder City,114811,no,114811,13.5,,48.19956307087952,22.434676725452018,Yes,2026,1053,High Press / Gegenpressing,info@shkodercity.al,Go through the player's agent - ask the club to confirm representation first
4522,Goran Angelovski-Mitrovski,FW,18,North Macedonia,North Macedonia Second Division,2,Stip City,106200,yes,0,13.4,,38.94113278521761,20.528000838908472,Yes,2027,1486,Flexible / Multi-System,info@stipcity.mk,Go through the player's agent - ask the club to confirm representation first
4863,Erion Hoxha-Shala,FW,18,Albania,Albania Second Division,2,Shkoder SC,113400,yes,0,13.2,,37.648568857159084,20.097490898785015,No,2028,1466,Counter-Attack / Transition,info@shkodersc.al,Club sporting director / first-team office
199,Cristian Perez,FW,22,Paraguay,Paraguay Second Division - East,4,Asuncion FC,70733,no,70733,13.1,,81.01102947512655,27.094176271224477,No,2026,1715,Counter-Attack / Transition,info@asuncionfc.py,Club sporting director / first-team office
1389,Kwabena Asante-Boateng,FW,19,Ghana,Ghana Third Tier - South,3,Tamale Town,75800,yes,0,13.0,,42.700288446498945,20.889204870907463,No,2028,1299,Counter-Attack / Transition,info@tamaletown.gh,Club sporting director / first-team office
2553,Wojciech Mazur-Kowalski,DF,22,Poland,Poland Second Division - West,3,Tychy Rovers,92560,no,92560,12.8,,45.92587088908983,21.37197912550486,No,2028,1117,Counter-Attack / Transition,info@tychyrovers.pl,Club sporting director / first-team office
4810,Chanda Zulu-Tembo,DF,19,Zambia,Zambia Third Tier - North,3,Livingstone Athletic,102800,yes,0,12.8,,28.396375689092885,17.63303000151666,No,2029,1412,High Press / Gegenpressing,info@livingstoneathletic.zm,Club sporting director / first-team office
2577,Saba Kiknadze-Beridze,GK,25,Georgia,Georgia Third Tier - South,2,Rustavi Wanderers,63796,no,63796,12.7,,22.462649407099324,15.964393091600583,Yes,2029,1639,Flexible / Multi-System,info@rustaviwanderers.ge,Go through the player's agent - ask the club to confirm representation first
2912,Mwansa Zulu-Phiri,FW,18,Zambia,Zambia Second Division,2,Livingstone SC,107700,yes,0,12.5,,53.291161841127774,22.371541466871058,No,2027,1413,High Press / Gegenpressing,info@livingstonesc.zm,Club sporting director / first-team office
1833,Rok Horvat,MF,25,Slovenia,Slovenia Third Tier - North,3,Celje City,112763,no,112763,12.5,,48.27553308674266,21.443337876321912,Yes,2027,933,Possession / Build-from-the-Back,info@celjecity.si,Go through the player's agent - ask the club to confirm representation first
2247,Noah Clarke-Wilson,FW,23,New Zealand,New Zealand Second Division,3,Auckland Town,119564,no,119564,12.5,,23.27904273087221,15.997097562164155,Yes,2029,1120,Counter-Attack / Transition,info@aucklandtown.nz,Go through the player's agent - ask the club to confirm representation first
3787,Facundo Silva-Ferreira,DF,20,Uruguay,Uruguay Third Tier - North,3,Montevideo SC,78454,no,78454,12.4,,61.35102681966844,23.543853392120486,Unknown,2026,1434,Possession / Build-from-the-Back,info@montevideosc.uy,Club sporting director / first-team office
4172,Cristian Cardozo-Ramirez,MF,19,Paraguay,Paraguay Second Division,2,Asuncion Town,65975,no,65975,12.4,,26.961364225940706,16.932299036664517,No,2029,1602,Flexible / Multi-System,info@asunciontown.py,Club sporting director / first-team office
968,Kristijan Trajkovski-Mitrovski,DF,26,North Macedonia,North Macedonia Second Division - West,2,Bitola Rovers,97129,no,97129,12.4,,21.651469388618402,15.471735457736001,Yes,2029,1296,Possession / Build-from-the-Back,info@bitolarovers.mk,Go through the player's agent - ask the club to confirm representation first
2914,Shamar Reid-Lowe,DF,19,Jamaica,Jamaica Amateur League,2,Spanish Town United,104792,no,104792,12.4,,23.264207431979354,15.922797998028008,Unknown,2029,1610,Flexible / Multi-System,info@spanishtownunited.jm,Club sporting director / first-team office
1150,Given Banda,GK,22,Zambia,Zambia Second Division,2,Livingstone Rangers,115165,no,115165,12.3,,28.10538864135259,17.15760558338855,No,2029,1368,Sweeper-Keeper / Build-from-the-Back,info@livingstonerangers.zm,Club sporting director / first-team office
1979,Anon Sanguan-Charoensuk,DF,24,Thailand,Thailand Reserve League,2,Bangkok United,90285,no,90285,12.2,,55.348969696560026,22.374612062809696,Unknown,2027,908,Possession / Build-from-the-Back,info@bangkokunited.th,Club sporting director / first-team office
2575,Bledi Duro-Shala,GK,25,Albania,Albania Third Tier - North,2,Elbasan Rangers,72200,yes,0,12.2,,30.446542926298935,17.610156389485933,No,2029,890,Shot-Stopper / Traditional,info@elbasanrangers.al,Club sporting director / first-team office
686,Ondrej Dvorak,MF,18,Czechia,Czechia Provincial League,3,Pardubice FC,108900,yes,0,12.2,,28.2535075574836,17.08663178356091,No,2029,1331,Possession / Build-from-the-Back,info@pardubicefc.cz,Club sporting director / first-team office
917,Quang Pham-Le,FW,19,Vietnam,Vietnam Second Division - West,2,Hanoi United,98244,no,98244,12.2,,38.124164606758754,19.245322356918738,No,2028,2093,Flexible / Multi-System,info@hanoiunited.vn,Club sporting director / first-team office
4153,Gonzalo Torres-Flores,DF,19,Bolivia,Bolivia Second Division - East,2,Cochabamba City,63800,yes,0,12.2,,27.04056435759126,16.745193763208903,No,2029,2101,Flexible / Multi-System,info@cochabambacity.bo,Club sporting director / first-team office
2033,Bartosz Zielinski,FW,24,Poland,Poland Provincial League,3,Tychy Rovers,67166,no,67166,12.1,,33.54742281801598,18.208748798504434,No,2029,1406,Flexible / Multi-System,info@tychyrovers.pl,Club sporting director / first-team office
4748,Jasur Yuldashev,DF,22,Uzbekistan,Uzbekistan Reserve League,2,Tashkent Wanderers,66260,no,66260,12.1,,43.19019780022986,20.128076112287467,No,2028,1726,Low Block / Park the Bus,info@tashkentwanderers.uz,Club sporting director / first-team office
1421,Andre Lowe,DF,18,Jamaica,Jamaica Third Tier - North,2,Spanish Town Athletic,96593,no,96593,12.1,,48.34156766341616,21.056029519807392,Unknown,2027,1495,Flexible / Multi-System,info@spanishtownathletic.jm,Club sporting director / first-team office
4360,Marko Kovacevic-Matic,FW,17,Croatia,Croatia Amateur League,2,Medimurje City,65087,no,65087,12.0,,15.809071303782046,13.419534274590104,No,2028,2563,Flexible / Multi-System,info@medimurjecity.hr,"Club youth/academy office ONLY - player is a minor, do not contact directly"
108,Chai Boonmee,FW,26,Thailand,Thailand Reserve League,2,Bangkok Rangers,78843,no,78843,12.0,,51.78125406411099,21.569691132358884,Yes,2026,1607,Counter-Attack / Transition,info@bangkokrangers.th,Go through the player's agent - ask the club to confirm representation first
1385,Luca Frei,DF,21,Switzerland,Switzerland Second Division - East,4,Lucerne Wanderers,85146,no,85146,11.9,,23.731843878556248,15.682873461236156,Yes,2029,1286,Counter-Attack / Transition,info@lucernewanderers.ch,Go through the player's agent - ask the club to confirm representation first
3971,Yuto Suzuki-Takahashi,DF,26,Japan,Japan Second Division,3,Nagoya Wanderers,95962,no,95962,11.9,,34.74649649983534,18.266588852172937,Yes,2028,1200,Counter-Attack / Transition,info@nagoyawanderers.jp,Go through the player's agent - ask the club to confirm representation first
1102,Marek Toth,FW,17,Slovakia,Slovakia Reserve League,3,Zilina SC,62300,yes,0,11.9,,12.681323011659323,12.181987206285855,Yes,2028,2205,Flexible / Multi-System,info@zilinasc.sk,"Club youth/academy office ONLY - player is a minor, do not contact directly"
3937,Edgars Vitols-Berzins,FW,17,Latvia,Latvia Third Tier - North,3,Liepaja Rovers,71011,no,71011,11.9,,21.749397148539575,15.115802281574389,Unknown,2027,1697,High Press / Gegenpressing,info@liepajarovers.lv,"Club youth/academy office ONLY - player is a minor, do not contact directly"
334,Haruto Ito,FW,20,Japan,Japan Second Division - East,3,Fukuoka Rovers,117939,no,117939,11.9,,41.08013273179727,19.494183437818112,No,2028,1210,High Press / Gegenpressing,info@fukuokarovers.jp,Club sporting director / first-team office
20,Wuilker Rojas-Perez,DF,19,Venezuela,Venezuela Third Tier - North,4,Caracas SC,97937,no,97937,11.8,,71.93838093123316,24.35618518296294,No,2026,939,High Press / Gegenpressing,info@caracassc.ve,Club sporting director / first-team office
4918,Marek Balaz,MF,26,Slovakia,Slovakia Regional League,2,Presov FC,101651,no,101651,11.8,,43.26406035908779,19.86493753766125,No,2028,1327,Possession / Build-from-the-Back,info@presovfc.sk,Club sporting director / first-team office
540,Seo-jun Choi-Park,FW,25,South Korea,South Korea Provincial League,4,Daegu Rangers,79504,no,79504,11.8,,46.71613789039293,20.434200835944434,Unknown,2028,1081,Counter-Attack / Transition,info@daegurangers.kr,Club sporting director / first-team office
1227,Luis Ramirez-Morales,DF,22,Costa Rica,Costa Rica Reserve League,3,Cartago FC,110871,no,110871,11.6,,30.875096100169415,17.18754784274273,No,2029,1131,Counter-Attack / Transition,info@cartagofc.cr,Club sporting director / first-team office
2757,Karl Sigurdsson-Bjornsson,MF,18,Iceland,Iceland Provincial League,4,Keflavik United,102029,no,102029,11.6,,32.61791671990922,17.56364147908378,Yes,2028,947,High Press / Gegenpressing,info@keflavikunited.is,Go through the player's agent - ask the club to confirm representation first
4716,Andrej Kovacevic-Ilic,MF,24,Montenegro,Montenegro Amateur League,3,Bar Athletic,87376,no,87376,11.5,,76.98779156353234,24.59363756672005,No,2026,1196,Possession / Build-from-the-Back,info@barathletic.me,Club sporting director / first-team office
3578,Cristian Sanchez,DF,20,Paraguay,Paraguay Third Tier - North,2,Asuncion United,86400,yes,0,11.4,,54.32867462081524,21.323100519942813,No,2027,2110,Flexible / Multi-System,info@asuncionunited.py,Club sporting director / first-team office
1012,Sora Tanaka-Suzuki,MF,24,Japan,Japan Second Division - West,4,Osaka Wanderers,63385,no,63385,11.4,,38.70509612503799,18.61484382530883,Yes,2028,1354,Possession / Build-from-the-Back,info@osakawanderers.jp,Go through the player's agent - ask the club to confirm representation first
958,Milos Nikolic,MF,22,Serbia,Serbia Third Tier - South,4,Nis Town,78787,no,78787,11.4,,30.70554337674703,16.968320229142382,Unknown,2029,1070,Possession / Build-from-the-Back,info@nistown.rs,Club sporting director / first-team office
3532,Sherzod Rustamov 77,GK,26,Uzbekistan,Uzbekistan Provincial League,3,Tashkent Town,73279,no,73279,11.4,,61.71844096508421,22.3667954355969,Unknown,2027,1528,Sweeper-Keeper / High Line,info@tashkenttown.uz,Club sporting director / first-team office
4416,Liam Mitchell-Wilson,GK,26,New Zealand,New Zealand Regional League,3,Christchurch Athletic,63200,yes,0,11.4,,30.304101363980383,16.828226583071118,Unknown,2029,1930,Sweeper-Keeper / High Line,info@christchurchathletic.nz,Club sporting director / first-team office
1172,Piotr Kowalski-Szymanski,DF,20,Poland,Poland Second Division - East,2,Gdynia Rovers,119700,yes,0,11.4,,27.347289576532784,16.146415066517118,Yes,2028,1419,Counter-Attack / Transition,info@gdyniarovers.pl,Go through the player's agent - ask the club to confirm representation first
288,Nemanja Milic,FW,19,Serbia,Serbia Third Tier - North,3,Vojvodina Athletic,70153,no,70153,11.3,,60.57867445464033,22.07576174089521,No,2027,1601,Flexible / Multi-System,info@vojvodinaathletic.rs,Club sporting director / first-team office
396,Bakary Sidibe-Diarra,FW,18,Mali,Mali Reserve League,3,Sikasso FC,63700,yes,0,11.3,,69.5358942170929,23.327672485533107,No,2026,1723,Flexible / Multi-System,info@sikassofc.ml,Club sporting director / first-team office
3507,Anthony Mejia-Elvir,FW,20,Honduras,Honduras Third Tier - North,2,La Ceiba Athletic,99275,no,99275,11.3,,23.374562014572497,15.082911558649455,Unknown,2029,1964,High Press / Gegenpressing,info@laceibaathletic.hn,Club sporting director / first-team office
408,Vuk Radovic-Nikolic,MF,20,Montenegro,Montenegro Regional League,2,Bar SC,66247,no,66247,11.2,,39.4616345492553,18.563670698291265,No,2028,2037,Flexible / Multi-System,info@barsc.me,Club sporting director / first-team office
4632,Do-yun Choi-Lee,FW,19,South Korea,South Korea Second Division - East,3,Busan FC,109299,no,109299,11.2,,58.27333804862714,21.636856706986297,No,2027,1275,Counter-Attack / Transition,info@busanfc.kr,Club sporting director / first-team office
1960,Rodrigo Sanchez-Perez,MF,18,Paraguay,Paraguay Provincial League,3,Encarnacion SC,110400,yes,0,11.0,,59.54439162692355,21.65163526570645,Unknown,2026,1347,Possession / Build-from-the-Back,info@encarnacionsc.py,Club sporting director / first-team office
4695,Junior Perez-Rojas,MF,17,Venezuela,Venezuela Third Tier - North,3,Caracas Athletic,112700,yes,0,11.0,,10.124145348794787,10.658539676628727,Unknown,2029,1574,High Press / Gegenpressing,info@caracasathletic.ve,"Club youth/academy office ONLY - player is a minor, do not contact directly"
2412,Chai Sanguan-Wongsa,FW,18,Thailand,Thailand Reserve League,2,Chiang Mai SC,89000,yes,0,11.0,,26.264306339159827,15.58632160945286,No,2029,1891,Flexible / Multi-System,info@chiangmaisc.th,Club sporting director / first-team office
397,Edgars Ozols-Liepa,MF,20,Latvia,Latvia Third Tier - South,4,Daugavpils City,68075,no,68075,10.9,,31.62446237540835,16.688761257884693,No,2029,1635,High Press / Gegenpressing,info@daugavpilscity.lv,Club sporting director / first-team office
14,Anthony Mendoza-Suarez,MF,19,Ecuador,Ecuador Regional League,2,Guayaquil SC,71902,no,71902,10.8,,49.60650610861425,19.908852987720447,Unknown,2027,2226,Flexible / Multi-System,info@guayaquilsc.ec,Club sporting director / first-team office
1237,Phong Nguyen,DF,18,Vietnam,Vietnam Second Division,2,Can Tho FC,67400,yes,0,10.8,,49.88795868256893,19.876268876223197,Unknown,2027,2259,Flexible / Multi-System,info@canthofc.vn,Club sporting director / first-team office
4514,Levente Toth-Kovacs,DF,21,Hungary,Hungary Second Division,3,Szombathely Town,106878,no,106878,10.7,,43.4475215349425,18.736955974107218,No,2028,1109,High Press / Gegenpressing,info@szombathelytown.hu,Club sporting director / first-team office
4630,Bence Kiss,GK,19,Hungary,Hungary Third Tier - North,4,Gyor Athletic,69132,no,69132,10.6,,66.63861969340608,22.158990254936914,Unknown,2026,1847,Sweeper-Keeper / Build-from-the-Back,info@gyorathletic.hu,Club sporting director / first-team office
1959,David Wagner,DF,22,Austria,Austria Second Division - West,4,Klagenfurt SC,60382,no,60382,10.6,,37.37728142934078,17.576095460722506,Yes,2028,1239,Possession / Build-from-the-Back,info@klagenfurtsc.at,Go through the player's agent - ask the club to confirm representation first
2399,Ibrahima Faye-Gueye,FW,18,Senegal,Senegal Third Tier - South,3,Ziguinchor SC,94200,yes,0,10.4,,37.64452505988522,17.40764655941405,Unknown,2028,1691,High Press / Gegenpressing,info@ziguinchorsc.sn,Club sporting director / first-team office
2592,Rok Krajnc-Kranjc,MF,24,Slovenia,Slovenia Provincial League,2,Koper Rangers,102623,no,102623,10.3,,44.45626737122672,18.491512363467795,Yes,2027,1331,Counter-Attack / Transition,info@koperrangers.si,Go through the player's agent - ask the club to confirm representation first
1111,Adam Nagy,FW,24,Hungary,Hungary Reserve League,3,Pecs Rovers,108831,no,108831,10.2,,66.3522096228339,21.621924007681923,No,2027,1266,Counter-Attack / Transition,info@pecsrovers.hu,Club sporting director / first-team office
3121,Ibrahima Sow-Diallo,MF,18,Senegal,Senegal Second Division - East,3,Ziguinchor FC,72300,yes,0,10.2,,60.41909444188523,20.825391691592873,No,2027,1744,High Press / Gegenpressing,info@ziguinchorfc.sn,Club sporting director / first-team office
3609,Saba Lomidze-Kiknadze,DF,19,Georgia,Georgia Provincial League,2,Tbilisi City,68400,yes,0,10.2,,40.469428103382036,17.660297834360087,Yes,2027,2035,Flexible / Multi-System,info@tbilisicity.ge,Go through the player's agent - ask the club to confirm representation first
3533,Bakary Coulibaly-Sidibe,GK,18,Mali,Mali Second Division - East,2,Sikasso Town,107785,no,107785,10.1,,53.28748326158047,19.699035231010136,No,2027,1492,Flexible / Multi-System,info@sikassotown.ml,Club sporting director / first-team office
4644,Michael Escobar-Godoy,MF,19,Panama,Panama Amateur League,2,Panama City SC,88166,no,88166,10.1,,26.285952045536995,14.812515503124546,No,2029,1550,Flexible / Multi-System,info@panamacitysc.pa,Club sporting director / first-team office
1141,Milan Sedlak-Varga,DF,19,Slovakia,Slovakia Regional League,2,Nitra City,90257,no,90257,10.1,,26.232095368876987,14.789735437218846,No,2029,1766,Flexible / Multi-System,info@nitracity.sk,Club sporting director / first-team office
1570,Rok Horvat-Zupan,FW,18,Slovenia,Slovenia Third Tier - South,2,Kranj SC,71467,no,71467,10.1,,19.539963058690667,13.126294164365268,Yes,2029,1948,Flexible / Multi-System,info@kranjsc.si,Go through the player's agent - ask the club to confirm representation first
1209,Peter Horvath,DF,21,Slovakia,Slovakia Reserve League,3,Zilina City,83000,yes,0,10.0,,27.259209696225586,14.958949757936445,Unknown,2029,1528,Counter-Attack / Transition,info@zilinacity.sk,Club sporting director / first-team office
2678,Uros Ilic-Petrovic,DF,25,Serbia,Serbia Provincial League,2,Kraljevo FC,71221,no,71221,10.0,,40.10289745871807,17.456858836277984,Unknown,2028,1726,Flexible / Multi-System,info@kraljevofc.rs,Club sporting director / first-team office
1307,Liam Clarke-Mitchell,GK,26,New Zealand,New Zealand Third Tier - South,2,Christchurch Rovers,105564,no,105564,10.0,,69.16100410378091,21.70605230446434,No,2026,1771,Sweeper-Keeper / High Line,info@christchurchrovers.nz,Club sporting director / first-team office
369,Bartosz Nowak-Kaminski,GK,23,Poland,Poland Reserve League,2,Olsztyn Town,112734,no,112734,10.0,,29.282300091713882,15.391409889535742,No,2029,1995,Shot-Stopper / Traditional,info@olsztyntown.pl,Club sporting director / first-team office
1089,Markus Gruber-Steiner,FW,17,Austria,Austria Provincial League,3,Linz Town,92300,yes,0,10.0,,17.26529759901055,12.428667724503239,Yes,2027,1572,High Press / Gegenpressing,info@linztown.at,"Club youth/academy office ONLY - player is a minor, do not contact directly"
3045,Levan Gelashvili-Kapanadze,FW,20,Georgia,Georgia Provincial League,3,Rustavi FC,62117,no,62117,10.0,,69.68917574810712,21.718062630124194,No,2026,1946,Flexible / Multi-System,info@rustavifc.ge,Club sporting director / first-team office
4420,Sardor Yuldashev-Karimov,FW,21,Uzbekistan,Uzbekistan Third Tier - North,2,Tashkent Rovers,115857,no,115857,10.0,,49.8885804057825,19.000079078477132,Unknown,2027,1218,Counter-Attack / Transition,info@tashkentrovers.uz,Club sporting director / first-team office
4566,Cristian Sanchez-Gonzalez,FW,21,Paraguay,Paraguay Third Tier - South,2,Luque United,86440,no,86440,10.0,,36.32326303049492,16.735122367843207,Unknown,2028,1833,Direct / Target Approach,info@luqueunited.py,Club sporting director / first-team office
2791,Bence Toth-Kovacs,MF,24,Hungary,Hungary Second Division - West,2,Debrecen Rangers,117611,no,117611,9.9,,29.17398782045349,15.260808732296088,No,2029,1114,Possession / Build-from-the-Back,info@debrecenrangers.hu,Club sporting director / first-team office
3864,Michael Gruber-Mayer,MF,17,Austria,Austria Amateur League,4,Wels City,99600,yes,0,9.8,,20.97013452192178,13.319156518989908,Yes,2026,1203,Possession / Build-from-the-Back,info@welscity.at,"Club youth/academy office ONLY - player is a minor, do not contact directly"
4635,Mamadou Gueye-Diallo,MF,19,Senegal,Senegal Reserve League,3,Ziguinchor Town,75300,yes,0,9.8,,31.18191024605823,15.609799428065072,Yes,2028,1713,Possession / Build-from-the-Back,info@ziguinchortown.sn,Go through the player's agent - ask the club to confirm representation first
743,Florian Huber,FW,17,Austria,Austria Reserve League,4,Linz SC,89504,no,89504,9.8,,26.059836903923287,14.502765158129264,Unknown,2026,1584,Flexible / Multi-System,info@linzsc.at,"Club youth/academy office ONLY - player is a minor, do not contact directly"
4044,Ha-joon Kang-Choi,GK,20,South Korea,South Korea Amateur League,3,Incheon SC,100051,no,100051,9.8,,52.76656815814592,19.193118723477234,Unknown,2027,1992,Sweeper-Keeper / Build-from-the-Back,info@incheonsc.kr,Club sporting director / first-team office
4211,Jon Sigurdsson,DF,20,Iceland,Iceland Second Division,2,Keflavik FC,86000,yes,0,9.8,,38.57078694623287,16.91048864886504,No,2028,1827,Flexible / Multi-System,info@keflavikfc.is,Club sporting director / first-team office
1241,Szymon Mazur-Wojcik,FW,19,Poland,Poland Third Tier - North,3,Bytom Wanderers,96402,no,96402,9.7,,52.93838596188177,19.155549827317426,Unknown,2027,1441,Flexible / Multi-System,info@bytomwanderers.pl,Club sporting director / first-team office
4515,Lukas Gruber-Hofer,GK,18,Austria,Austria Reserve League,2,Innsbruck FC,114543,no,114543,9.7,,47.625958185916076,18.283602175487378,Unknown,2027,1276,Flexible / Multi-System,info@innsbruckfc.at,Club sporting director / first-team office
2421,Fabian Muller-Schmid,FW,18,Switzerland,Switzerland Amateur League,2,Sion SC,91665,no,91665,9.6,,48.563576678855725,18.40834584456351,Unknown,2027,2091,Flexible / Multi-System,info@sionsc.ch,Club sporting director / first-team office
3135,Kelvin Zulu-Sakala,FW,17,Zambia,Zambia Third Tier - South,3,Kitwe Town,71311,no,71311,9.6,,24.746253159701627,14.057052916488527,Unknown,2026,2397,Flexible / Multi-System,info@kitwetown.zm,"Club youth/academy office ONLY - player is a minor, do not contact directly"
3981,Kristijan Ristovski,FW,17,North Macedonia,North Macedonia Second Division - East,2,Stip City,84200,yes,0,9.6,,19.570352945152305,12.79764215402152,Unknown,2027,2440,Flexible / Multi-System,info@stipcity.mk,"Club youth/academy office ONLY - player is a minor, do not contact directly"
966,Junior Gonzalez-Rojas,DF,18,Venezuela,Venezuela Reserve League,3,Maracaibo Wanderers,113046,no,113046,9.6,,58.10171915857672,19.757597431353094,No,2027,1265,High Press / Gegenpressing,info@maracaibowanderers.ve,Club sporting director / first-team office
1374,Nattapong Rattanakosin-Wongsa,DF,20,Thailand,Thailand Third Tier - South,3,Nonthaburi FC,98065,no,98065,9.4,,25.620302018575472,14.060676277414032,Unknown,2029,892,High Press / Gegenpressing,info@nonthaburifc.th,Club sporting director / first-team office
1848,Agustin Pereira-Silva,MF,17,Uruguay,Uruguay Second Division - West,4,Salto SC,84900,yes,0,9.4,,26.180533024621866,14.141285008174298,Unknown,2026,1448,High Press / Gegenpressing,info@saltosc.uy,"Club youth/academy office ONLY - player is a minor, do not contact directly"
1213,Luis Solano-Castillo,MF,18,Costa Rica,Costa Rica Third Tier - North,4,Heredia Rangers,94100,yes,0,9.3,,45.01010559730791,17.489603151957056,No,2028,1189,High Press / Gegenpressing,info@herediarangers.cr,Club sporting director / first-team office
3654,Martin Urban-Molnar,MF,18,Slovakia,Slovakia Second Division,2,Trencin SC,90115,no,90115,9.3,,38.413366430753975,16.415302494008433,No,2028,1642,Flexible / Multi-System,info@trencinsc.sk,Club sporting director / first-team office
954,Anon Wongsa,GK,18,Thailand,Thailand Amateur League,2,Nonthaburi United,99073,no,99073,9.3,,34.23027878610864,15.653099564338312,Unknown,2028,2408,Shot-Stopper / Traditional,info@nonthaburiunited.th,Club sporting director / first-team office
1771,Vladimir Stankovic,DF,22,Serbia,Serbia Third Tier - South,2,Kraljevo Town,110314,no,110314,9.2,,28.211420842364003,14.425752590905013,No,2029,967,Possession / Build-from-the-Back,info@kraljevotown.rs,Club sporting director / first-team office
1411,Sardor Tashkentov-Yuldashev,GK,19,Uzbekistan,Uzbekistan Regional League,2,Tashkent Athletic,62400,yes,0,9.2,,57.167243870503334,19.06530150281955,Unknown,2026,1650,Shot-Stopper / Traditional,info@tashkentathletic.uz,Club sporting director / first-team office
942,Edgars Ozols-Kalns,FW,22,Latvia,Latvia Second Division,3,Liepaja Athletic,108623,no,108623,9.1,,45.287285122230614,17.324639811739242,No,2028,1247,Counter-Attack / Transition,info@liepajaathletic.lv,Club sporting director / first-team office
4098,Abdoulaye Faye,MF,18,Senegal,Senegal Second Division,2,Saint-Louis City,64400,yes,0,9.1,,24.27668926060333,13.487383627696598,Unknown,2029,1953,Flexible / Multi-System,info@saintlouiscity.sn,Club sporting director / first-team office
409,Hoang Vu-Nguyen,GK,21,Vietnam,Vietnam Second Division,3,Hai Phong City,113574,no,113574,9.0,,29.51659633494793,14.518226247404325,No,2029,2255,Sweeper-Keeper / High Line,info@haiphongcity.vn,Club sporting director / first-team office
2053,Moussa Sow-Faye,DF,21,Senegal,Senegal Third Tier - South,3,Thies Rangers,80100,yes,0,9.0,,45.82392143727824,17.28535111236071,Yes,2027,1126,High Press / Gegenpressing,info@thiesrangers.sn,Go through the player's agent - ask the club to confirm representation first
3436,Cole Mitchell-Taylor,MF,19,New Zealand,New Zealand Provincial League,2,Hamilton SC,114400,yes,0,9.0,,25.693619225659884,13.676593327339889,No,2029,1390,Possession / Build-from-the-Back,info@hamiltonsc.nz,Club sporting director / first-team office
2644,Yoon-seo Choi-Park,FW,22,South Korea,South Korea Provincial League,3,Incheon United,114647,no,114647,9.0,,57.06917154636153,18.789604538139166,Unknown,2027,854,Counter-Attack / Transition,info@incheonunited.kr,Club sporting director / first-team office
3025,Ibrahim Agyemang-Owusu,FW,22,Ghana,Ghana Second Division - West,2,Tamale United,86094,no,86094,9.0,,21.04095394023955,12.606170673751043,Yes,2029,1627,Counter-Attack / Transition,info@tamaleunited.gh,Go through the player's agent - ask the club to confirm representation first
1879,Yuto Takahashi-Sato,FW,18,Japan,Japan Reserve League,2,Nagoya Wanderers,118300,yes,0,9.0,,37.5094718420877,15.885957343123165,No,2028,1549,High Press / Gegenpressing,info@nagoyawanderers.jp,Club sporting director / first-team office
4532,Juraj Varga-Urban,FW,17,Slovakia,Slovakia Second Division - East,2,Nitra Rovers,118581,no,118581,8.9,,15.00067436683514,10.947318409350043,No,2028,1750,High Press / Gegenpressing,info@nitrarovers.sk,"Club youth/academy office ONLY - player is a minor, do not contact directly"
4374,Andres Preciado,MF,20,Ecuador,Ecuador Reserve League,2,Quito FC,94300,yes,0,8.9,,39.348184850536086,16.075231469326326,Yes,2027,1551,High Press / Gegenpressing,info@quitofc.ec,Go through the player's agent - ask the club to confirm representation first
2172,Rodrigo Ramirez-Gonzalez,FW,18,Paraguay,Paraguay Reserve League,3,Encarnacion Rangers,84900,yes,0,8.7,,42.27877947174989,16.377684952046533,No,2028,1880,Flexible / Multi-System,info@encarnacionrangers.py,Club sporting director / first-team office
2080,Erion Shala,MF,21,Albania,Albania Regional League,4,Elbasan Wanderers,85314,no,85314,8.7,,32.51143692016461,14.692703620028663,No,2029,1216,High Press / Gegenpressing,info@elbasanwanderers.al,Club sporting director / first-team office
3185,Nika Kapanadze-Gelashvili,FW,20,Georgia,Georgia Third Tier - North,4,Rustavi City,68851,no,68851,8.6,,41.56343081484444,16.17040185391957,Unknown,2028,1921,Flexible / Multi-System,info@rustavicity.ge,Club sporting director / first-team office
3945,Emiliano Gonzalez-Cardozo,MF,17,Paraguay,Paraguay Third Tier - South,3,Ciudad del Este SC,99985,no,99985,8.6,,10.230748643680066,9.20986898495256,Unknown,2029,1526,High Press / Gegenpressing,info@ciudaddelestesc.py,"Club youth/academy office ONLY - player is a minor, do not contact directly"
3919,Oumar Sidibe-Diarra,DF,17,Mali,Mali Second Division,2,Mopti Rovers,110093,no,110093,8.6,,21.275514915740473,12.317400354249907,No,2027,1719,High Press / Gegenpressing,info@moptirovers.ml,"Club youth/academy office ONLY - player is a minor, do not contact directly"
328,Franco Vargas-Fernandez,MF,24,Bolivia,Bolivia Provincial League,3,La Paz Athletic,79547,no,79547,8.5,,68.1972184181685,19.57875021036994,No,2027,1562,Flexible / Multi-System,info@lapazathletic.bo,Club sporting director / first-team office
2461,Sora Takahashi-Tanaka,GK,24,Japan,Japan Amateur League,3,Sapporo City,85000,yes,0,8.4,,60.9223293742655,18.6023611823858,Unknown,2027,1624,Sweeper-Keeper / High Line,info@sapporocity.jp,Club sporting director / first-team office
3082,Max Kouassi,GK,22,Ivory Coast,Ivory Coast Reserve League,2,Yamoussoukro FC,117931,no,117931,8.4,,25.200961074833227,13.068457013238527,Unknown,2029,1266,Sweeper-Keeper / Build-from-the-Back,info@yamoussoukrofc.ci,Club sporting director / first-team office
1176,Emiliano Sanchez-Ramirez,MF,17,Paraguay,Paraguay Provincial League,2,Luque City,111640,no,111640,8.4,,21.24955399730559,12.165967028801287,No,2027,1587,Flexible / Multi-System,info@luquecity.py,"Club youth/academy office ONLY - player is a minor, do not contact directly"
4939,Ali Abbas-Jabbar,FW,19,Iraq,Iraq Second Division - West,4,Baghdad Town,67200,yes,0,8.4,,65.32076481182091,19.028282165138585,No,2027,1556,Counter-Attack / Transition,info@baghdadtown.iq,Club sporting director / first-team office
4486,Dusan Petrovic,DF,21,Serbia,Serbia Reserve League,2,Kraljevo United,111200,yes,0,8.4,,24.26742380445436,12.799603649532859,Unknown,2029,1398,Flexible / Multi-System,info@kraljevounited.rs,Club sporting director / first-team office
2995,Jasur Karimov-Tashkentov,MF,25,Uzbekistan,Uzbekistan Second Division - East,3,Tashkent SC,97368,no,97368,8.3,,29.179492385737213,13.746049230798379,Unknown,2029,1328,Possession / Build-from-the-Back,info@tashkentsc.uz,Club sporting director / first-team office
3583,Chai Boonmee-Srisawat,MF,18,Thailand,Thailand Second Division,2,Bangkok FC,105328,no,105328,8.3,,53.39510894506399,17.50440660021308,No,2027,1586,Flexible / Multi-System,info@bangkokfc.th,Club sporting director / first-team office
4758,Nico Weber-Frei,GK,17,Switzerland,Switzerland Reserve League,3,Lucerne Rovers,94026,no,94026,8.3,,12.232721047811939,9.702029578869638,Yes,2028,1844,Flexible / Multi-System,info@lucernerovers.ch,"Club youth/academy office ONLY - player is a minor, do not contact directly"
2420,Diego Martinez-Vargas,FW,17,Bolivia,Bolivia Reserve League,2,Sucre Town,90700,yes,0,8.3,,10.488343794321558,9.098907277289422,No,2029,2293,Flexible / Multi-System,info@sucretown.bo,"Club youth/academy office ONLY - player is a minor, do not contact directly"
3809,Juraj Molnar-Sedlak,MF,19,Slovakia,Slovakia Second Division - East,4,Presov Wanderers,71513,no,71513,8.3,,66.44146940783736,19.012804132386847,Unknown,2026,1530,Possession / Build-from-the-Back,info@presovwanderers.sk,Club sporting director / first-team office
410,Jose Solano-Castillo,DF,25,Costa Rica,Costa Rica Amateur League,3,Cartago United,67288,no,67288,8.2,,70.77478292782952,19.450713151191554,Unknown,2026,2032,Flexible / Multi-System,info@cartagounited.cr,Club sporting director / first-team office
2713,Milos Ilic-Jovanovic,FW,17,Montenegro,Montenegro Regional League,2,Bar Wanderers,78300,yes,0,8.2,,9.546030331734363,8.708338394421844,Unknown,2029,1899,Flexible / Multi-System,info@barwanderers.me,"Club youth/academy office ONLY - player is a minor, do not contact directly"
492,Dominik Balaz,MF,24,Slovakia,Slovakia Second Division,2,Trencin Rovers,62756,no,62756,8.1,,52.82560799630353,17.17929524084238,Yes,2026,1828,Flexible / Multi-System,info@trencinrovers.sk,Go through the player's agent - ask the club to confirm representation first
1965,Jose Morales,FW,23,Costa Rica,Costa Rica Regional League,2,San Jose Rovers,109335,no,109335,8.1,,60.576623644677966,18.121728584455788,No,2027,1579,Counter-Attack / Transition,info@sanjoserovers.cr,Club sporting director / first-team office
3204,Emmanuel Mensah,FW,18,Ghana,Ghana Amateur League,2,Kumasi Wanderers,92000,yes,0,8.1,,19.11289787342621,11.423737414008169,Yes,2029,1864,Flexible / Multi-System,info@kumasiwanderers.gh,Go through the player's agent - ask the club to confirm representation first
1189,Bekzod Tashkentov-Yusupov,DF,20,Uzbekistan,Uzbekistan Second Division - West,4,Bukhara Wanderers,69700,yes,0,8.1,,58.504950518148625,17.847989945505333,Unknown,2027,1540,High Press / Gegenpressing,info@bukharawanderers.uz,Club sporting director / first-team office
588,Luka Matic-Horvat,GK,18,Croatia,Croatia Second Division - West,2,Bijelo Brdo Athletic,116295,no,116295,8.1,,52.934336216237256,17.12258645520604,No,2027,832,Sweeper-Keeper / Build-from-the-Back,info@bijelobrdoathletic.hr,Club sporting director / first-team office
4906,Marlon Lowe-Campbell,MF,19,Jamaica,Jamaica Provincial League,2,Kingston Town,97874,no,97874,8.1,,23.403649251971625,12.343940100032674,Unknown,2029,1578,High Press / Gegenpressing,info@kingstontown.jm,Club sporting director / first-team office
4096,Mamadou Ndiaye-Diallo,DF,21,Senegal,Senegal Third Tier - South,2,Thies City,94400,yes,0,8.0,,29.277119727594222,13.463597849399857,Yes,2028,1775,Flexible / Multi-System,info@thiescity.sn,Go through the player's agent - ask the club to confirm representation first
1919,Marko Barisic,DF,22,Croatia,Croatia Provincial League,2,Bijelo Brdo City,104667,no,104667,8.0,,37.28556683361095,14.830851673297238,Unknown,2028,1147,Counter-Attack / Transition,info@bijelobrdocity.hr,Club sporting director / first-team office
1953,Blaze Ristovski,DF,20,North Macedonia,North Macedonia Third Tier - South,3,Skopje Wanderers,114000,yes,0,8.0,,59.377441684348305,17.86480928341935,Unknown,2026,983,High Press / Gegenpressing,info@skopjewanderers.mk,Club sporting director / first-team office
304,Ethan Wilson-Smith,FW,18,New Zealand,New Zealand Second Division - East,3,Hamilton SC,95800,yes,0,8.0,,67.09679290580377,18.758618454399,No,2026,1373,High Press / Gegenpressing,info@hamiltonsc.nz,Club sporting director / first-team office
4611,Pongsak Wongsa,FW,18,Thailand,Thailand Third Tier - North,3,Bangkok FC,82759,no,82759,8.0,,21.121457864599083,11.814346434584685,Yes,2029,1442,Flexible / Multi-System,info@bangkokfc.th,Go through the player's agent - ask the club to confirm representation first
2874,Ardit Bardhi-Duro,MF,19,Albania,Albania Reserve League,3,Durres SC,101355,no,101355,8.0,,30.38161279525315,13.634525449158073,Yes,2028,1227,High Press / Gegenpressing,info@durressc.al,Go through the player's agent - ask the club to confirm representation first
1492,Diyorbek Karimov-Yusupov,FW,18,Uzbekistan,Uzbekistan Second Division - East,4,Samarkand SC,102562,no,102562,7.9,,71.64851388767862,19.134454117594657,No,2026,1143,High Press / Gegenpressing,info@samarkandsc.uz,Club sporting director / first-team office
3998,Amadou Camara-Diarra,FW,25,Mali,Mali Amateur League,4,Bamako United,98345,no,98345,7.9,,59.73729095954224,17.792272098105506,Yes,2026,951,Counter-Attack / Transition,info@bamakounited.ml,Go through the player's agent - ask the club to confirm representation first
4620,Fidel Perez,FW,22,Panama,Panama Third Tier - South,2,Colon FC,104334,no,104334,7.9,,66.57356450964899,18.58035153326049,No,2026,1787,Flexible / Multi-System,info@colonfc.pa,Club sporting director / first-team office
950,Yoon-seo Lee-Choi,DF,24,South Korea,South Korea Amateur League,3,Incheon Town,62714,no,62714,7.9,,44.40013737477825,15.744322380997579,Unknown,2028,1596,Flexible / Multi-System,info@incheontown.kr,Club sporting director / first-team office
3473,David Wagner-Hofer,DF,20,Austria,Austria Amateur League,4,Salzburg SC,111878,no,111878,7.9,,51.89478971838575,16.757906033137196,Yes,2026,808,High Press / Gegenpressing,info@salzburgsc.at,Go through the player's agent - ask the club to confirm representation first
2094,Amadou Keita-Coulibaly,MF,20,Mali,Mali Third Tier - South,4,Sikasso Rovers,64977,no,64977,7.8,,54.421743028990164,16.957532505049752,Yes,2026,1420,Possession / Build-from-the-Back,info@sikassorovers.ml,Go through the player's agent - ask the club to confirm representation first
3356,Karlo Horvat-Radic,MF,19,Croatia,Croatia Regional League,2,Osijek Town,68900,yes,0,7.8,,55.415324517638304,17.08069868964102,No,2027,2073,Flexible / Multi-System,info@osijektown.hr,Club sporting director / first-team office
47,Aron Olafsson-Halldorsson,DF,21,Iceland,Iceland Second Division - West,3,Akureyri City,71700,yes,0,7.7,,44.99194922422403,15.585246359113386,No,2028,1454,Possession / Build-from-the-Back,info@akureyricity.is,Club sporting director / first-team office
4960,Vasil Angelovski-Ristovski,FW,26,North Macedonia,North Macedonia Amateur League,2,Negotino Wanderers,65055,no,65055,7.7,,30.72542739403499,13.371745792860413,No,2029,1700,Flexible / Multi-System,info@negotinowanderers.mk,Club sporting director / first-team office
1320,Balazs Szabo,MF,23,Hungary,Hungary Second Division,3,Gyor Wanderers,71992,no,71992,7.7,,35.631354998687215,14.168771735272141,Yes,2028,1645,Possession / Build-from-the-Back,info@gyorwanderers.hu,Go through the player's agent - ask the club to confirm representation first
4664,Facundo Pereira,DF,18,Uruguay,Uruguay Amateur League,3,Rivera Rangers,61315,no,61315,7.6,,43.50005190335912,15.2154226308023,No,2028,2022,Flexible / Multi-System,info@riverarangers.uy,Club sporting director / first-team office
1654,Anthony Quinonez-Suarez,MF,20,Ecuador,Ecuador Reserve League,2,Manta SC,90822,no,90822,7.5,,44.934011247694414,15.384998618143523,Yes,2026,1598,High Press / Gegenpressing,info@mantasc.ec,Go through the player's agent - ask the club to confirm representation first
2792,Fidel Perez-Torres,MF,21,Panama,Panama Reserve League,4,David Athletic,77729,no,77729,7.5,,67.62556765879502,18.118062571030855,No,2027,1609,Possession / Build-from-the-Back,info@davidathletic.pa,Club sporting director / first-team office
1840,Gonzalo Rodriguez-Fernandez,DF,26,Bolivia,Bolivia Reserve League,2,Cochabamba Rangers,112959,no,112959,7.5,,50.17747065306596,16.024163358483108,Yes,2026,819,Counter-Attack / Transition,info@cochabambarangers.bo,Go through the player's agent - ask the club to confirm representation first
786,Arturs Ozols-Liepa,GK,19,Latvia,Latvia Regional League,2,Liepaja FC,117675,no,117675,7.5,,52.87972581736252,16.32531600911872,No,2027,1100,Flexible / Multi-System,info@liepajafc.lv,Club sporting director / first-team office
1564,Devon Reid-Bailey,GK,18,Jamaica,Jamaica Second Division,2,Montego Bay Wanderers,71406,no,71406,7.5,,45.88968967302953,15.425241321902034,Yes,2026,967,Shot-Stopper / Traditional,info@montegobaywanderers.jm,Go through the player's agent - ask the club to confirm representation first
3796,Stefan Petrovic-Milic,FW,18,Serbia,Serbia Amateur League,3,Backa Topola FC,71800,yes,0,7.3,,54.32094742185761,16.3429118459011,Unknown,2027,2019,High Press / Gegenpressing,info@backatopolafc.rs,Club sporting director / first-team office
1985,Michal Kaminski,MF,17,Poland,Poland Third Tier - North,2,Bytom City,89478,no,89478,7.3,,24.659332246458874,11.909973276362939,No,2026,1935,Flexible / Multi-System,info@bytomcity.pl,"Club youth/academy office ONLY - player is a minor, do not contact directly"
670,Yoon-seo Kang-Choi,DF,26,South Korea,South Korea Third Tier - South,2,Gwangju Rovers,65164,no,65164,7.2,,40.415995531924416,14.378600242719928,Unknown,2028,1318,Possession / Build-from-the-Back,info@gwangjurovers.kr,Club sporting director / first-team office
432,Aleksandar Petrovic-Ilic,DF,23,Serbia,Serbia Third Tier - South,4,Backa Topola Athletic,100186,no,100186,7.2,,37.18530541872257,13.907332510553317,Yes,2028,1042,Counter-Attack / Transition,info@backatopolaathletic.rs,Go through the player's agent - ask the club to confirm representation first
3465,Ethan Brown-Clarke,FW,20,New Zealand,New Zealand Second Division,3,Hamilton United,106387,no,106387,7.2,,59.73761878261402,16.738254522151077,Unknown,2026,1387,High Press / Gegenpressing,info@hamiltonunited.nz,Club sporting director / first-team office
904,Kaito Takahashi-Suzuki,DF,21,Japan,Japan Regional League,4,Sapporo SC,80486,no,80486,7.0,,42.9901416908927,14.491127377398167,Unknown,2028,1426,Counter-Attack / Transition,info@sapporosc.jp,Club sporting director / first-team office
4995,Igor Ristovski-Stojanovski,MF,17,North Macedonia,North Macedonia Second Division - East,4,Bitola Town,105800,yes,0,7.0,,25.110974547858284,11.669531514778052,No,2027,1172,High Press / Gegenpressing,info@bitolatown.mk,"Club youth/academy office ONLY - player is a minor, do not contact directly"
2159,Marek Kask-Kukk,FW,21,Estonia,Estonia Provincial League,4,Parnu Town,94133,no,94133,7.0,,28.961925831587255,12.349879474488509,Unknown,2029,1423,Counter-Attack / Transition,info@parnutown.ee,Club sporting director / first-team office
2994,Bryan Chavez-Mendoza,FW,25,Ecuador,Ecuador Third Tier - North,2,Cuenca Rovers,68304,no,68304,7.0,,44.79561554025207,14.70367679708244,No,2028,1815,Low Block / Park the Bus,info@cuencarovers.ec,Club sporting director / first-team office
1605,Goran Stojanovski-Ristovski,GK,19,North Macedonia,North Macedonia Second Division,2,Ohrid FC,98192,no,98192,7.0,,48.272169245707325,15.113033930868328,Unknown,2027,1828,Sweeper-Keeper / High Line,info@ohridfc.mk,Club sporting director / first-team office
4397,Karim Salim,MF,23,Iraq,Iraq Provincial League,3,Erbil FC,70356,no,70356,6.9,,50.30982513519626,15.32142563027251,Yes,2027,1229,Possession / Build-from-the-Back,info@erbilfc.iq,Go through the player's agent - ask the club to confirm representation first
1443,Ren Suzuki,MF,24,Japan,Japan Regional League,3,Sapporo Rangers,66349,no,66349,6.9,,33.58336688250134,13.034301060659411,No,2029,1478,Flexible / Multi-System,info@sappororangers.jp,Club sporting director / first-team office
1799,Levente Toth,DF,21,Hungary,Hungary Provincial League,2,Gyor City,93271,no,93271,6.9,,64.40721709821764,16.83903472561247,No,2026,1590,Possession / Build-from-the-Back,info@gyorcity.hu,Club sporting director / first-team office
2772,Kofi Owusu,MF,26,Ghana,Ghana Second Division - East,2,Sekondi FC,61576,no,61576,6.9,,40.616776551058535,13.9838468828408,Unknown,2028,1957,Flexible / Multi-System,info@sekondifc.gh,Club sporting director / first-team office
1182,Liam Mitchell-Smith,FW,23,New Zealand,New Zealand Amateur League,4,Auckland United,82217,no,82217,6.8,,35.40567346697265,13.18640982084871,No,2029,1414,Flexible / Multi-System,info@aucklandunited.nz,Club sporting director / first-team office
4683,Levente Kiss,GK,25,Hungary,Hungary Provincial League,2,Szombathely SC,101600,yes,0,6.7,,31.576701344459554,12.482809284598003,Yes,2028,1856,Shot-Stopper / Traditional,info@szombathelysc.hu,Go through the player's agent - ask the club to confirm representation first
3930,Federico Pereira-Gonzalez,MF,20,Uruguay,Uruguay Amateur League,3,Paysandu City,109271,no,109271,6.7,,41.35544362918423,13.839817801482203,No,2028,1450,High Press / Gegenpressing,info@paysanducity.uy,Club sporting director / first-team office
2621,Karlo Novak,DF,20,Croatia,Croatia Second Division - East,3,Belisce Athletic,116000,yes,0,6.5,,41.13976344811565,13.577155765329941,No,2028,1216,High Press / Gegenpressing,info@belisceathletic.hr,Club sporting director / first-team office
1856,Ha-joon Kim,FW,20,South Korea,South Korea Third Tier - South,2,Incheon Town,113400,yes,0,6.4,,44.06951442100715,13.846356117484259,Yes,2026,970,Counter-Attack / Transition,info@incheontown.kr,Go through the player's agent - ask the club to confirm representation first
4198,Kwabena Boateng-Mensah,FW,22,Ghana,Ghana Reserve League,2,Accra Wanderers,114158,no,114158,6.4,,52.14218763116307,14.810028363406632,Unknown,2027,1127,Counter-Attack / Transition,info@accrawanderers.gh,Club sporting director / first-team office
889,Gonzalo Vargas-Torres,GK,25,Bolivia,Bolivia Provincial League,3,La Paz Athletic,87366,no,87366,6.4,,23.926969229060692,10.802023068343603,Yes,2029,2270,Shot-Stopper / Traditional,info@lapazathletic.bo,Go through the player's agent - ask the club to confirm representation first
1555,Marlon Bailey-Powell,FW,20,Jamaica,Jamaica Provincial League,3,May Pen SC,115115,no,115115,6.3,,66.02709674538332,16.14623783666007,No,2026,1254,High Press / Gegenpressing,info@maypensc.jm,Club sporting director / first-team office
1376,Nicolas Fernandez-Martinez,MF,19,Bolivia,Bolivia Third Tier - South,4,Cochabamba Rangers,96500,yes,0,6.3,,52.57058106349986,14.684384544983047,Yes,2026,962,High Press / Gegenpressing,info@cochabambarangers.bo,Go through the player's agent - ask the club to confirm representation first
1435,Mateo Martinez 25,DF,21,Bolivia,Bolivia Provincial League,4,Sucre Rangers,72500,yes,0,6.1,,49.65669157920641,14.180934551858467,Yes,2027,1403,Flexible / Multi-System,info@sucrerangers.bo,Go through the player's agent - ask the club to confirm representation first
2775,Ronaldo Martinez,MF,20,Venezuela,Venezuela Regional League,2,Valencia City,102900,yes,0,6.1,,44.44578307145329,13.556465368006542,Yes,2026,1685,Flexible / Multi-System,info@valenciacity.ve,Go through the player's agent - ask the club to confirm representation first
3504,Martin Molnar,MF,18,Slovakia,Slovakia Reserve League,4,Zilina Rovers,87400,yes,0,6.1,,72.65847084735731,16.50170220605305,No,2026,1667,Flexible / Multi-System,info@zilinarovers.sk,Club sporting director / first-team office
4533,Vasil Trajkovski-Naumovski,MF,23,North Macedonia,North Macedonia Reserve League,3,Ohrid Athletic,73772,no,73772,6.1,,78.13635798903427,16.988518592692607,No,2026,1703,Flexible / Multi-System,info@ohridathletic.mk,Club sporting director / first-team office
1657,Yves Bamba-Traore,FW,17,Ivory Coast,Ivory Coast Second Division - East,2,Bouake Town,72100,yes,0,6.1,,11.43505303480259,7.810767589241807,Yes,2028,1947,Flexible / Multi-System,info@bouaketown.ci,"Club youth/academy office ONLY - player is a minor, do not contact directly"
1992,Andres Kukk-Tamm,DF,18,Estonia,Estonia Second Division - West,3,Tallinn City,113500,yes,0,5.8,,20.545683151426342,9.63475842562891,Yes,2029,1444,High Press / Gegenpressing,info@tallinncity.ee,Go through the player's agent - ask the club to confirm representation first
4887,Souleymane Camara,DF,17,Mali,Mali Provincial League,4,Mopti FC,97217,no,97217,5.8,,25.297559145025936,10.470900758414755,No,2027,1268,High Press / Gegenpressing,info@moptifc.ml,"Club youth/academy office ONLY - player is a minor, do not contact directly"
2342,Marek Mets-Pikk,DF,20,Estonia,Estonia Provincial League,2,Narva Wanderers,71800,yes,0,5.7,,56.46963977918203,14.337258696799609,Unknown,2026,1847,Flexible / Multi-System,info@narvawanderers.ee,Club sporting director / first-team office
3377,Kevin Quinonez-Mendoza,DF,23,Ecuador,Ecuador Regional League,4,Cuenca City,77448,no,77448,5.7,,53.59206902032922,14.040427272661223,Yes,2027,977,Possession / Build-from-the-Back,info@cuencacity.ec,Go through the player's agent - ask the club to confirm representation first
3282,Edgars Vitols-Kalns,MF,20,Latvia,Latvia Amateur League,3,Liepaja SC,85900,yes,0,5.7,,67.74025738566097,15.41610868430132,No,2026,1369,High Press / Gegenpressing,info@liepajasc.lv,Club sporting director / first-team office
3940,Markus Wagner-Gruber,DF,20,Austria,Austria Provincial League,4,Graz Rovers,89100,yes,0,5.7,,45.22565076603177,13.027057474338966,No,2028,1695,Possession / Build-from-the-Back,info@grazrovers.at,Club sporting director / first-team office
4226,Markus Mayer,DF,20,Austria,Austria Reserve League,4,Wels Rangers,112930,no,112930,5.7,,27.184300748504565,10.627219867449297,Unknown,2029,1001,High Press / Gegenpressing,info@welsrangers.at,Club sporting director / first-team office
1333,Jack Clarke,MF,19,New Zealand,New Zealand Second Division - West,3,Christchurch Wanderers,117300,yes,0,5.7,,52.03728730256587,13.776833353508017,Unknown,2027,1258,High Press / Gegenpressing,info@christchurchwanderers.nz,Club sporting director / first-team office
2878,Souleymane Sidibe-Diarra,DF,19,Mali,Mali Provincial League,3,Mopti Rovers,114418,no,114418,5.5,,41.189223853868036,12.370901321242618,No,2028,1369,Counter-Attack / Transition,info@moptirovers.ml,Club sporting director / first-team office
3239,Arturs Vitols-Berzins,DF,21,Latvia,Latvia Reserve League,2,Jelgava SC,97200,yes,0,5.5,,57.66283342002076,14.152927789490557,Unknown,2026,1641,High Press / Gegenpressing,info@jelgavasc.lv,Club sporting director / first-team office
749,Do-yun Kim-Jung,DF,21,South Korea,South Korea Third Tier - North,2,Daejeon Town,119880,no,119880,5.5,,19.582065802986456,9.188218229042763,Yes,2029,1341,High Press / Gegenpressing,info@daejeontown.kr,Go through the player's agent - ask the club to confirm representation first
1647,Andres Zambrano-Suarez,MF,22,Ecuador,Ecuador Provincial League,3,Cuenca SC,118906,no,118906,5.5,,44.930278800252566,12.717067478417137,No,2028,902,Possession / Build-from-the-Back,info@cuencasc.ec,Club sporting director / first-team office
877,Serge Kone,DF,23,Ivory Coast,Ivory Coast Second Division,2,Abidjan Wanderers,63000,no,63000,5.5,,63.57029051660749,14.609354711794337,No,2027,1493,Flexible / Multi-System,info@abidjanwanderers.ci,Club sporting director / first-team office
2944,Diyorbek Yusupov-Rashidov,DF,20,Uzbekistan,Uzbekistan Second Division - West,4,Samarkand Wanderers,84000,yes,0,5.5,,31.048107467394797,10.968403242941054,No,2029,1261,High Press / Gegenpressing,info@samarkandwanderers.uz,Club sporting director / first-team office
349,Hoang Vu-Hoang,MF,22,Vietnam,Vietnam Third Tier - South,2,Hanoi FC,74594,no,74594,5.4,,60.232383725231784,14.195307565740844,No,2027,1746,Flexible / Multi-System,info@hanoifc.vn,Club sporting director / first-team office
1418,Darko Mitrovski-Angelovski,FW,26,North Macedonia,North Macedonia Third Tier - South,3,Tetovo Athletic,105106,no,105106,5.3,,66.55471641749898,14.566324531009885,No,2027,960,Counter-Attack / Transition,info@tetovoathletic.mk,Club sporting director / first-team office
3863,Bartosz Szymanski,MF,17,Poland,Poland Second Division,3,Legnica Town,61435,no,61435,5.3,,11.881900581445509,7.306894431319722,No,2029,2255,Flexible / Multi-System,info@legnicatown.pl,"Club youth/academy office ONLY - player is a minor, do not contact directly"
3096,Yuto Tanaka-Sato,DF,21,Japan,Japan Provincial League,3,Fukuoka City,79600,yes,0,5.3,,32.53743060595353,10.928752748259491,Yes,2028,2109,Flexible / Multi-System,info@fukuokacity.jp,Go through the player's agent - ask the club to confirm representation first
2147,Yoon-seo Lee-Kang,MF,23,South Korea,South Korea Provincial League,4,Gwangju United,69112,no,69112,5.2,,61.609888222525875,13.90085153134595,Yes,2026,1359,Counter-Attack / Transition,info@gwangjuunited.kr,Go through the player's agent - ask the club to confirm representation first
2810,Sora Takahashi-Sato,DF,20,Japan,Japan Third Tier - North,3,Fukuoka Rovers,81364,no,81364,5.1,,42.43644928797028,11.96826218272064,No,2028,1306,High Press / Gegenpressing,info@fukuokarovers.jp,Club sporting director / first-team office
2133,Dominik Varga-Toth,MF,19,Slovakia,Slovakia Third Tier - South,3,Zilina SC,89850,no,89850,5.1,,53.26542452504972,13.013588416230318,Unknown,2027,1179,High Press / Gegenpressing,info@zilinasc.sk,Club sporting director / first-team office
4316,Zsolt Horvath-Kiss,DF,19,Hungary,Hungary Third Tier - South,3,Szeged Wanderers,62666,no,62666,5.1,,31.687062451616924,10.565303840934751,Yes,2028,2238,Flexible / Multi-System,info@szegedwanderers.hu,Go through the player's agent - ask the club to confirm representation first
2816,Roberts Berzins-Kalns,MF,23,Latvia,Latvia Reserve League,2,Daugavpils Athletic,117823,no,117823,5.0,,61.54824955584851,13.680403679612148,Unknown,2026,1134,Possession / Build-from-the-Back,info@daugavpilsathletic.lv,Club sporting director / first-team office
925,Anon Boonmee-Srisawat,FW,18,Thailand,Thailand Regional League,2,Chiang Mai FC,74932,no,74932,4.9,,62.61279679806396,13.657319532550241,No,2026,1933,Flexible / Multi-System,info@chiangmaifc.th,Club sporting director / first-team office
1387,Szymon Nowak-Mazur,FW,17,Poland,Poland Second Division - West,2,Rzeszow Wanderers,67100,yes,0,4.9,,25.288220231330847,9.503148923915969,No,2026,2203,Flexible / Multi-System,info@rzeszowwanderers.pl,"Club youth/academy office ONLY - player is a minor, do not contact directly"
1510,Nico Bianchi-Meier,FW,18,Switzerland,Switzerland Provincial League,3,Winterthur Rangers,118900,yes,0,4.9,,28.03715215945008,9.903615903582805,No,2029,1320,High Press / Gegenpressing,info@winterthurrangers.ch,Club sporting director / first-team office
713,Wesly Martinez,DF,24,Honduras,Honduras Third Tier - North,3,Choluteca SC,81332,no,81332,4.9,,29.642598884179424,10.041561925732452,Unknown,2029,1529,Counter-Attack / Transition,info@cholutecasc.hn,Club sporting director / first-team office
3374,Tomas Horvath-Balaz,FW,18,Slovakia,Slovakia Third Tier - South,4,Trnava Athletic,106100,yes,0,4.8,,64.18710965303086,13.506268438810674,Unknown,2026,952,High Press / Gegenpressing,info@trnavaathletic.sk,Club sporting director / first-team office
2287,Martin Toth,FW,17,Slovakia,Slovakia Third Tier - North,2,Trnava SC,66200,yes,0,4.8,,22.748922097861808,8.919501412196615,Unknown,2026,2649,Flexible / Multi-System,info@trnavasc.sk,"Club youth/academy office ONLY - player is a minor, do not contact directly"
67,Esteban Campos-Castillo,DF,20,Costa Rica,Costa Rica Second Division,3,Alajuela Rangers,108000,yes,0,4.5,,28.27403115834315,9.442815068967757,No,2029,1001,High Press / Gegenpressing,info@alajuelarangers.cr,Club sporting director / first-team office
2584,Bryan Mendoza-Zambrano,DF,20,Ecuador,Ecuador Reserve League,3,Quito Rangers,114800,yes,0,4.5,,28.123372269613977,9.422656292448371,No,2029,1250,Possession / Build-from-the-Back,info@quitorangers.ec,Club sporting director / first-team office
3870,Ibrahim Asante-Agyemang,DF,18,Ghana,Ghana Third Tier - South,4,Sekondi Athletic,88341,no,88341,4.5,,27.774725808146446,9.375756153817152,Unknown,2029,1256,Counter-Attack / Transition,info@sekondiathletic.gh,Club sporting director / first-team office
3379,Andre Ngoy-Onana,GK,21,Cameroon,Cameroon Provincial League,4,Yaounde Rangers,65000,yes,0,4.5,,68.6921365388094,13.428634767656881,No,2027,2539,Sweeper-Keeper / High Line,info@yaounderangers.cm,Club sporting director / first-team office
3590,Do-yun Lee-Choi,FW,22,South Korea,South Korea Second Division - East,2,Incheon Athletic,85276,no,85276,4.5,,42.24714316602586,11.054214647427068,No,2028,1891,Flexible / Multi-System,info@incheonathletic.kr,Club sporting director / first-team office
2959,Roberts A. Liepa,FW,25,Latvia,Latvia Third Tier - North,3,Riga Rovers,103495,no,103495,4.5,,66.64472795684921,13.265244970754358,No,2027,1322,Counter-Attack / Transition,info@rigarovers.lv,Club sporting director / first-team office
1505,Jean Njie-Onana,MF,17,Cameroon,Cameroon Regional League,3,Garoua Wanderers,91670,no,91670,4.5,,26.94240454611184,9.196114366236353,No,2026,1666,High Press / Gegenpressing,info@garouawanderers.cm,"Club youth/academy office ONLY - player is a minor, do not contact directly"
137,Klodian Bardhi,DF,17,Albania,Albania Amateur League,2,Vlore Rovers,74353,no,74353,4.5,,14.04034886940584,7.073544420338883,Unknown,2028,2074,Flexible / Multi-System,info@vlorerovers.al,"Club youth/academy office ONLY - player is a minor, do not contact directly"
1512,Callum Taylor,MF,26,New Zealand,New Zealand Third Tier - South,2,Hamilton FC,103552,no,103552,4.4,,21.530496138259487,8.332800256139883,Yes,2029,1192,Possession / Build-from-the-Back,info@hamiltonfc.nz,Go through the player's agent - ask the club to confirm representation first
1522,Fidel Barrios-Escobar,GK,17,Panama,Panama Regional League,2,David Wanderers,88756,no,88756,4.4,,19.480323533859224,7.979358624334209,Unknown,2027,2089,Sweeper-Keeper / High Line,info@davidwanderers.pa,"Club youth/academy office ONLY - player is a minor, do not contact directly"
1297,Anthony Figueroa-Palacios,DF,22,Honduras,Honduras Provincial League,3,San Pedro Sula Wanderers,114856,no,114856,4.3,,22.46398785229923,8.305079049482616,Yes,2029,881,Counter-Attack / Transition,info@sanpedrosulawanderers.hn,Go through the player's agent - ask the club to confirm representation first
4410,Aleksandar Jovanovic,DF,17,Serbia,Serbia Second Division,4,Vojvodina Rovers,71654,no,71654,4.3,,25.981996822872986,8.802743319934223,No,2027,2246,Flexible / Multi-System,info@vojvodinarovers.rs,"Club youth/academy office ONLY - player is a minor, do not contact directly"
3063,Marek Kask-Tamm,FW,19,Estonia,Estonia Third Tier - North,3,Parnu Athletic,107100,yes,0,4.3,,28.294741603031284,9.093011251189985,No,2029,1463,Counter-Attack / Transition,info@parnuathletic.ee,Club sporting director / first-team office
2545,Ethan Brown-Wilson,MF,18,New Zealand,New Zealand Regional League,3,Wellington Town,66466,no,66466,4.2,,38.810909146753694,10.26157410469247,Unknown,2028,1887,Flexible / Multi-System,info@wellingtontown.nz,Club sporting director / first-team office
2382,Jasur Karimov,DF,17,Uzbekistan,Uzbekistan Amateur League,3,Andijan Rovers,96695,no,96695,4.2,,16.72010513868113,7.310397213381449,No,2028,1668,Counter-Attack / Transition,info@andijanrovers.uz,"Club youth/academy office ONLY - player is a minor, do not contact directly"
669,Vasil Naumovski-Angelovski,FW,21,North Macedonia,North Macedonia Second Division - East,4,Skopje City,102778,no,102778,4.2,,28.740120788702843,9.039752012272642,Unknown,2029,880,High Press / Gegenpressing,info@skopjecity.mk,Club sporting director / first-team office
2864,Bakary Keita-Sidibe,FW,19,Mali,Mali Regional League,4,Mopti City,65214,no,65214,4.2,,58.84650318623614,12.040633725637898,Unknown,2027,2258,Flexible / Multi-System,info@mopticity.ml,Club sporting director / first-team office
2131,Moussa Diallo-Sow,FW,17,Senegal,Senegal Third Tier - North,3,Dakar Rangers,66000,yes,0,4.1,,10.60941944965543,5.993283524262194,Unknown,2029,2165,Flexible / Multi-System,info@dakarrangers.sn,"Club youth/academy office ONLY - player is a minor, do not contact directly"
1032,Sardor Rustamov-Yuldashev,GK,21,Uzbekistan,Uzbekistan Second Division - East,2,Tashkent Wanderers,116477,no,116477,4.0,,39.384194678951424,10.036566570505837,No,2028,2267,Shot-Stopper / Traditional,info@tashkentwanderers.uz,Club sporting director / first-team office
1129,Yaw Asante-Agyemang,FW,20,Ghana,Ghana Second Division - West,2,Sekondi Town,101000,yes,0,4.0,,38.03198507845733,9.861926134342117,No,2028,1528,Flexible / Multi-System,info@sekonditown.gh,Club sporting director / first-team office
3083,Kristijan Trajkovski,DF,19,North Macedonia,North Macedonia Second Division - West,3,Bitola Rangers,110022,no,110022,3.9,,59.56226396482959,11.682632885218908,Unknown,2026,1243,Counter-Attack / Transition,info@bitolarangers.mk,Club sporting director / first-team office
2531,Christian Onana-Etoo,GK,20,Cameroon,Cameroon Amateur League,3,Douala City,63547,no,63547,3.8,,26.61159502646985,8.264058758315167,Unknown,2029,810,Flexible / Multi-System,info@doualacity.cm,Club sporting director / first-team office
2186,Shamar Lowe,MF,17,Jamaica,Jamaica Regional League,3,Kingston FC,109573,no,109573,3.7,,23.30422921783017,7.723447315880383,No,2027,1245,Counter-Attack / Transition,info@kingstonfc.jm,"Club youth/academy office ONLY - player is a minor, do not contact directly"
1762,Yoon-seo Park-Lee,DF,25,South Korea,South Korea Provincial League,2,Daegu Athletic,101175,no,101175,3.7,,62.374120015486184,11.409337579039018,Unknown,2026,1124,Possession / Build-from-the-Back,info@daeguathletic.kr,Club sporting director / first-team office
376,Do-yun Lee,FW,24,South Korea,South Korea Second Division,2,Busan United,94225,no,94225,3.7,,29.745443906177297,8.47408250685481,No,2029,1449,Counter-Attack / Transition,info@busanunited.kr,Club sporting director / first-team office
2965,Marko Kovacevic-Kovac,GK,25,Croatia,Croatia Second Division,2,Osijek Town,98391,no,98391,3.7,,43.38763224420333,9.852969780434218,No,2028,1301,Shot-Stopper / Traditional,info@osijektown.hr,Club sporting director / first-team office
4019,Otabek Rashidov,GK,18,Uzbekistan,Uzbekistan Second Division - East,2,Tashkent SC,71747,no,71747,3.7,,55.21934298258679,10.850687715877298,No,2027,984,Flexible / Multi-System,info@tashkentsc.uz,Club sporting director / first-team office
2357,Adam Cerny-Vesely,DF,22,Czechia,Czechia Amateur League,4,Zlin Rangers,98508,no,98508,3.6,,49.06682385294863,10.251619497596568,No,2028,1365,Counter-Attack / Transition,info@zlinrangers.cz,Club sporting director / first-team office
2025,Mwansa Zulu,DF,19,Zambia,Zambia Third Tier - North,2,Livingstone City,63700,yes,0,3.6,,39.59723981833627,9.408995597489833,No,2028,2634,Flexible / Multi-System,info@livingstonecity.zm,Club sporting director / first-team office
4690,Michal Nowak,DF,22,Poland,Poland Regional League,3,Bytom Athletic,84300,yes,0,3.6,,31.624231254728638,8.599739394638528,No,2029,1202,Possession / Build-from-the-Back,info@bytomathletic.pl,Club sporting director / first-team office
1804,Federico Rodriguez-Acosta,FW,20,Uruguay,Uruguay Second Division - West,4,Salto FC,79400,yes,0,3.6,,31.201485880858886,8.516538574632017,No,2029,1210,Counter-Attack / Transition,info@saltofc.uy,Club sporting director / first-team office
4766,Federico Gonzalez-Silva,MF,26,Uruguay,Uruguay Third Tier - South,2,Montevideo United,104426,no,104426,3.6,,60.82060529571264,11.091263572865385,No,2027,1526,Possession / Build-from-the-Back,info@montevideounited.uy,Club sporting director / first-team office
2755,Didier Diabate-Kouassi,DF,22,Ivory Coast,Ivory Coast Second Division - West,3,Bouake Rovers,62246,no,62246,3.5,,60.202018402365404,10.876457594087515,Unknown,2027,1941,Flexible / Multi-System,info@bouakerovers.ci,Club sporting director / first-team office
209,Esteban Ramirez-Morales,MF,19,Costa Rica,Costa Rica Third Tier - South,2,Alajuela United,77670,no,77670,3.4,,34.96707958596299,8.689408729123073,Unknown,2028,1547,Flexible / Multi-System,info@alajuelaunited.cr,Club sporting director / first-team office
583,Anon Srisawat,DF,22,Thailand,Thailand Regional League,2,Nonthaburi FC,67978,no,67978,3.4,,69.11651624537126,11.36098235856434,No,2026,2087,Flexible / Multi-System,info@nonthaburifc.th,Club sporting director / first-team office
1881,Bekzod Yuldashev,MF,26,Uzbekistan,Uzbekistan Third Tier - North,4,Tashkent United,64227,no,64227,3.3,,36.1790125042869,8.603777308105595,No,2029,1425,Possession / Build-from-the-Back,info@tashkentunited.uz,Club sporting director / first-team office
733,Michael Steiner-Wagner,GK,17,Austria,Austria Third Tier - North,3,Graz Athletic,71928,no,71928,3.3,,11.719085655025937,5.479283451379214,No,2029,1507,Shot-Stopper / Traditional,info@grazathletic.at,"Club youth/academy office ONLY - player is a minor, do not contact directly"
1948,Yoon-seo Kim-Jung,GK,19,South Korea,South Korea Second Division - West,3,Busan United,103435,no,103435,3.3,,25.50106480857634,7.478071311112906,Unknown,2029,1161,Sweeper-Keeper / High Line,info@busanunited.kr,Club sporting director / first-team office
3406,Christian Mbia-Onana,MF,21,Cameroon,Cameroon Amateur League,3,Douala Town,95391,no,95391,3.2,,63.238946939132894,10.627618953895857,Unknown,2026,1805,High Press / Gegenpressing,info@doualatown.cm,Club sporting director / first-team office
3138,Cole Mitchell-Smith,MF,25,New Zealand,New Zealand Second Division - East,2,Christchurch Town,113142,no,113142,3.2,,44.07829838922463,9.198818524759599,Yes,2027,1412,Counter-Attack / Transition,info@christchurchtown.nz,Go through the player's agent - ask the club to confirm representation first
735,Franck Diabate-Bamba,DF,20,Ivory Coast,Ivory Coast Second Division - East,3,Bouake Wanderers,98300,yes,0,3.2,,58.81666287874739,10.270366418537437,No,2027,1840,Flexible / Multi-System,info@bouakewanderers.ci,Club sporting director / first-team office
4151,Bekzod Yuldashev-Rashidov,DF,24,Uzbekistan,Uzbekistan Amateur League,3,Bukhara City,75565,no,75565,3.1,,77.97234858319737,11.352094687859783,No,2026,1935,Flexible / Multi-System,info@bukharacity.uz,Club sporting director / first-team office
2015,Oumar Camara-Coulibaly,DF,19,Mali,Mali Third Tier - South,2,Kayes Athletic,117800,no,117800,3.1,,38.58950992130427,8.5681579498679,Yes,2027,1448,Flexible / Multi-System,info@kayesathletic.ml,Go through the player's agent - ask the club to confirm representation first
4732,Diego Torres-Rodriguez,MF,20,Bolivia,Bolivia Second Division - West,2,Santa Cruz Rovers,71000,yes,0,3.1,,55.269935435525326,9.82152151991311,No,2027,1663,Flexible / Multi-System,info@santacruzrovers.bo,Club sporting director / first-team office
329,Ren Watanabe-Sato,FW,18,Japan,Japan Third Tier - South,4,Nagoya Rovers,76200,yes,0,3.1,,64.60632123263994,10.388071697639344,No,2027,1857,Direct / Target Approach,info@nagoyarovers.jp,Club sporting director / first-team office
4708,Marko Novak-Horvat,FW,18,Croatia,Croatia Provincial League,2,Belisce Rangers,107500,yes,0,3.1,,23.21232979038862,6.897829039757247,Unknown,2029,1543,Direct / Target Approach,info@beliscerangers.hr,Club sporting director / first-team office
580,Souleymane Traore,GK,18,Mali,Mali Amateur League,2,Sikasso SC,77670,no,77670,3.1,,40.02186400303198,8.551276469600625,Yes,2027,884,Flexible / Multi-System,info@sikassosc.ml,Go through the player's agent - ask the club to confirm representation first
4219,Moussa Gueye-Faye,GK,19,Senegal,Senegal Reserve League,2,Ziguinchor SC,67926,no,67926,3.1,,46.09074775529808,9.048102766878387,Yes,2026,1779,Shot-Stopper / Traditional,info@ziguinchorsc.sn,Go through the player's agent - ask the club to confirm representation first
1170,Anon Wongsa-Boonmee,MF,18,Thailand,Thailand Second Division - West,3,Khon Kaen Wanderers,61483,no,61483,3.0,,43.489638466331336,8.809139609470469,No,2028,2070,Flexible / Multi-System,info@khonkaenwanderers.th,Club sporting director / first-team office
1896,Josip Barisic,MF,26,Croatia,Croatia Second Division - West,3,Bijelo Brdo Athletic,112533,no,112533,3.0,,46.95018466213125,8.96410438318615,No,2028,936,Counter-Attack / Transition,info@bijelobrdoathletic.hr,Club sporting director / first-team office
3247,Anthony Chavez,MF,19,Ecuador,Ecuador Reserve League,2,Quito SC,73900,yes,0,3.0,,23.98615216498525,6.852297608514446,Unknown,2029,2123,Flexible / Multi-System,info@quitosc.ec,Club sporting director / first-team office
3049,Agustin Ferreira-Pereira,GK,21,Uruguay,Uruguay Third Tier - South,4,Paysandu Town,80656,no,80656,2.9,,60.56694183671148,9.848475777736448,Unknown,2027,1579,Sweeper-Keeper / Build-from-the-Back,info@paysandutown.uy,Club sporting director / first-team office
1922,Modibo Coulibaly-Diarra,FW,24,Mali,Mali Provincial League,2,Bamako City,70404,no,70404,2.9,,44.677079807298334,8.660933315597545,No,2028,1742,Flexible / Multi-System,info@bamakocity.ml,Club sporting director / first-team office
4880,Ibrahima Diallo-Gueye,FW,22,Senegal,Senegal Third Tier - North,3,Dakar SC,68348,no,68348,2.8,,59.7114057246284,9.553768533733223,Unknown,2027,2173,Flexible / Multi-System,info@dakarsc.sn,Club sporting director / first-team office
2447,Quang Tran-Pham,GK,20,Vietnam,Vietnam Amateur League,2,Hanoi Town,91205,no,91205,2.8,,48.58495928265424,8.78993081226943,Unknown,2027,1292,Shot-Stopper / Traditional,info@hanoitown.vn,Club sporting director / first-team office
2521,Wilfried Diabate-Toure,DF,21,Ivory Coast,Ivory Coast Second Division,2,Bouake Town,79700,yes,0,2.8,,58.67311878609691,9.470355625033207,Unknown,2026,1708,Flexible / Multi-System,info@bouaketown.ci,Club sporting director / first-team office
665,Do-yun Kang-Park,MF,21,South Korea,South Korea Third Tier - South,2,Daejeon Athletic,78505,no,78505,2.8,,65.3858614185029,9.819007437986942,No,2026,1660,Flexible / Multi-System,info@daejeonathletic.kr,Club sporting director / first-team office
3885,Marco Baumann,DF,20,Switzerland,Switzerland Second Division - West,3,Lucerne Athletic,60800,yes,0,2.7,,55.11713840951004,9.103869476841302,Unknown,2027,1843,Flexible / Multi-System,info@lucerneathletic.ch,Club sporting director / first-team office
2145,Milos Perovic,FW,24,Montenegro,Montenegro Third Tier - North,2,Bar United,109032,no,109032,2.7,,42.99951652838547,8.224676956151596,No,2028,1086,Counter-Attack / Transition,info@barunited.me,Club sporting director / first-team office
2338,Gunnar Halldorsson-Olafsson,MF,17,Iceland,Iceland Second Division,2,Hafnarfjordur Rovers,117887,no,117887,2.7,,13.485381896977598,5.146833142499708,Unknown,2028,1509,Possession / Build-from-the-Back,info@hafnarfjordurrovers.is,"Club youth/academy office ONLY - player is a minor, do not contact directly"
2513,Marton Kiss,GK,22,Hungary,Hungary Amateur League,2,Debrecen Town,62295,no,62295,2.7,,50.82996755371427,8.714642168800367,Yes,2026,1772,Flexible / Multi-System,info@debrecentown.hu,Go through the player's agent - ask the club to confirm representation first
1548,Maximiliano Acosta-Ferreira,DF,24,Uruguay,Uruguay Second Division - East,2,Salto Town,63118,no,63118,2.7,,46.38777051558986,8.372177719052518,Yes,2027,2059,Flexible / Multi-System,info@saltotown.uy,Go through the player's agent - ask the club to confirm representation first
3323,Moussa Diallo-Ndiaye,DF,18,Senegal,Senegal Second Division - East,3,Ziguinchor Wanderers,109164,no,109164,2.7,,66.33447453146178,9.659902788781702,No,2026,1343,High Press / Gegenpressing,info@ziguinchorwanderers.sn,Club sporting director / first-team office
4626,Chanda Mwansa,MF,24,Zambia,Zambia Third Tier - North,4,Ndola Town,78679,no,78679,2.6,,37.97994407477663,7.673300354904744,Yes,2028,1328,Counter-Attack / Transition,info@ndolatown.zm,Go through the player's agent - ask the club to confirm representation first
4692,Sardor Yusupov-Tashkentov,MF,19,Uzbekistan,Uzbekistan Third Tier - South,4,Andijan United,65100,yes,0,2.6,,28.52664161260857,6.843223559762627,Unknown,2029,2064,Flexible / Multi-System,info@andijanunited.uz,Club sporting director / first-team office
2612,Franck Diabate,MF,21,Ivory Coast,Ivory Coast Second Division - West,2,San Pedro Athletic,111300,yes,0,2.6,,39.54118296369243,7.6803869733919425,No,2028,1378,High Press / Gegenpressing,info@sanpedroathletic.ci,Club sporting director / first-team office
1474,Jefferson Chavez-Preciado,DF,22,Ecuador,Ecuador Third Tier - North,3,Manta City,109475,no,109475,2.5,,45.25633545287045,8.038646959822618,No,2028,952,Possession / Build-from-the-Back,info@mantacity.ec,Club sporting director / first-team office
4565,Oumar Keita,DF,22,Mali,Mali Second Division,2,Sikasso City,95600,yes,0,2.5,,28.56702891122741,6.68739893322641,No,2029,1792,Flexible / Multi-System,info@sikassocity.ml,Club sporting director / first-team office
4938,Nejc Kranjc,DF,20,Slovenia,Slovenia Provincial League,3,Maribor Rangers,72202,no,72202,2.5,,31.296748515336837,6.9360288341921885,Yes,2028,1745,Flexible / Multi-System,info@mariborrangers.si,Go through the player's agent - ask the club to confirm representation first
656,Rok Kovac-Krajnc,FW,20,Slovenia,Slovenia Third Tier - North,3,Ljubljana SC,109345,no,109345,2.5,,42.52793738518757,7.718838594455554,Yes,2027,1206,Flexible / Multi-System,info@ljubljanasc.si,Go through the player's agent - ask the club to confirm representation first
3636,Rok Novak-Kranjc,MF,18,Slovenia,Slovenia Second Division,2,Ljubljana Town,66200,yes,0,2.4,,40.5853599438913,7.519574563858428,Yes,2027,2262,Flexible / Multi-System,info@ljubljanatown.si,Go through the player's agent - ask the club to confirm representation first
354,Filip Jovanovic,FW,18,Montenegro,Montenegro Second Division,4,Niksic Town,101300,yes,0,2.4,,52.34775856954483,8.212918025794824,Yes,2026,1493,Counter-Attack / Transition,info@niksictown.me,Go through the player's agent - ask the club to confirm representation first
237,Stefan Huber-Hofer,MF,21,Austria,Austria Second Division - East,4,Graz Wanderers,112785,no,112785,2.4,,54.37606742001356,8.315130958912194,Yes,2026,1054,High Press / Gegenpressing,info@grazwanderers.at,Go through the player's agent - ask the club to confirm representation first
2430,Bekzod Tashkentov-Rashidov,FW,18,Uzbekistan,Uzbekistan Third Tier - South,4,Samarkand United,91700,yes,0,2.3,,32.923971745256225,6.6752353085685705,Yes,2028,1763,Flexible / Multi-System,info@samarkandunited.uz,Go through the player's agent - ask the club to confirm representation first
3194,Callum Brown-Smith,FW,18,New Zealand,New Zealand Second Division,2,Hamilton Town,100609,no,100609,2.3,,48.16956805526195,7.772680072001725,Unknown,2027,1536,Flexible / Multi-System,info@hamiltontown.nz,Club sporting director / first-team office
863,Jean Etoo-Njie,DF,21,Cameroon,Cameroon Amateur League,3,Bafoussam City,67600,yes,0,2.3,,63.7263944899318,8.622955267908386,No,2027,1857,Flexible / Multi-System,info@bafoussamcity.cm,Club sporting director / first-team office
3296,Kevin Kukk-Kask,DF,22,Estonia,Estonia Regional League,3,Narva Rovers,95749,no,95749,2.3,,28.100241693517482,6.214589060865549,Unknown,2029,1637,Flexible / Multi-System,info@narvarovers.ee,Club sporting director / first-team office
1133,Sherzod Yusupov-Karimov,FW,22,Uzbekistan,Uzbekistan Reserve League,3,Bukhara Wanderers,81978,no,81978,2.2,,23.136719843589546,5.666934029486034,Yes,2029,1829,Low Block / Park the Bus,info@bukharawanderers.uz,Go through the player's agent - ask the club to confirm representation first
871,Piotr Wojcik-Szymanski,DF,21,Poland,Poland Second Division - East,2,Bytom Wanderers,88304,no,88304,2.2,,64.71635997345648,8.522265120714382,No,2026,2164,Flexible / Multi-System,info@bytomwanderers.pl,Club sporting director / first-team office
3628,Zsolt Nagy,DF,17,Hungary,Hungary Second Division - West,2,Gyor Wanderers,79125,no,79125,2.2,,15.98276877992353,4.870911225812055,Yes,2027,2000,Flexible / Multi-System,info@gyorwanderers.hu,"Club youth/academy office ONLY - player is a minor, do not contact directly"
4202,Luka Beridze-Gelashvili,DF,26,Georgia,Georgia Second Division - East,3,Rustavi SC,87317,no,87317,2.2,,67.64334861552643,8.674400050951675,No,2027,1518,Counter-Attack / Transition,info@rustavisc.ge,Club sporting director / first-team office
2509,Levan Kapanadze-Beridze,MF,23,Georgia,Georgia Provincial League,2,Rustavi Wanderers,65175,no,65175,2.2,,44.979793231351394,7.315429355184526,No,2028,1931,Flexible / Multi-System,info@rustaviwanderers.ge,Club sporting director / first-team office
341,Igor Mitrovski-Angelovski,DF,18,North Macedonia,North Macedonia Second Division,2,Ohrid United,69707,no,69707,2.1,,63.01004792197769,8.277419290733032,No,2026,2416,Flexible / Multi-System,info@ohridunited.mk,Club sporting director / first-team office
99,Kristers Vitols-Kalns,FW,19,Latvia,Latvia Reserve League,2,Liepaja SC,102400,yes,0,2.0,,54.742504159206185,7.622545791810357,Unknown,2026,2495,Flexible / Multi-System,info@liepajasc.lv,Club sporting director / first-team office
3203,Esteban Castillo-Ramirez,FW,20,Costa Rica,Costa Rica Provincial League,3,Cartago FC,85300,yes,0,2.0,,43.46214795408045,6.950477669524722,Yes,2027,1643,Flexible / Multi-System,info@cartagofc.cr,Go through the player's agent - ask the club to confirm representation first
609,Franco Torres-Martinez,MF,24,Bolivia,Bolivia Third Tier - North,2,Oruro SC,84547,no,84547,2.0,,70.51765032909535,8.270206638957678,No,2026,1430,Possession / Build-from-the-Back,info@orurosc.bo,Club sporting director / first-team office
4754,Wesly Figueroa-Martinez,FW,20,Honduras,Honduras Reserve League,3,Choluteca Rangers,107253,no,107253,2.0,,28.29120750497178,5.706117734704154,No,2029,1418,High Press / Gegenpressing,info@cholutecarangers.hn,Club sporting director / first-team office
362,Stefan Nikolic-Ilic,DF,19,Serbia,Serbia Second Division,4,Vojvodina Rangers,108900,yes,0,1.9,,45.70108872479986,6.719028468502121,Yes,2027,901,High Press / Gegenpressing,info@vojvodinarangers.rs,Go through the player's agent - ask the club to confirm representation first
60,Bryan Mendoza,MF,19,Ecuador,Ecuador Provincial League,2,Guayaquil Athletic,70100,yes,0,1.8,,62.97905904631356,7.420295497262257,No,2026,2384,Flexible / Multi-System,info@guayaquilathletic.ec,Club sporting director / first-team office
4772,Stefan Milic-Krstic,MF,21,Serbia,Serbia Third Tier - South,2,Vojvodina City,93717,no,93717,1.7,,50.82299301213415,6.657828113082719,Unknown,2027,1760,Flexible / Multi-System,info@vojvodinacity.rs,Club sporting director / first-team office
1454,Mamadou Diop-Gueye,MF,24,Senegal,Senegal Amateur League,4,Thies Town,63438,no,63438,1.7,,74.72448390296708,7.767721628062127,No,2027,1625,Flexible / Multi-System,info@thiestown.sn,Club sporting director / first-team office
1122,Fabian Schmid-Muller,MF,19,Switzerland,Switzerland Regional League,3,Sion FC,88292,no,88292,1.7,,43.33123902990456,6.246387559850103,Yes,2027,1398,Flexible / Multi-System,info@sionfc.ch,Go through the player's agent - ask the club to confirm representation first
4827,Min-jun Kang,GK,18,South Korea,South Korea Provincial League,4,Busan Town,61625,no,61625,1.7,,48.03554850722491,6.496058703464951,Yes,2027,2320,Shot-Stopper / Traditional,info@busantown.kr,Go through the player's agent - ask the club to confirm representation first
4054,Luka Krajnc-Kovac,DF,24,Slovenia,Slovenia Reserve League,2,Celje United,60069,no,60069,1.7,,30.9405537506459,5.370519303528237,No,2029,2231,Flexible / Multi-System,info@celjeunited.si,Club sporting director / first-team office
1588,Kevin Pikk-Tamm,FW,22,Estonia,Estonia Provincial League,2,Narva Rovers,88087,no,88087,1.6,,42.127424513885856,5.966526271033437,No,2028,1521,Flexible / Multi-System,info@narvarovers.ee,Club sporting director / first-team office
3786,Luka Gelashvili-Lomidze,FW,23,Georgia,Georgia Regional League,3,Rustavi Athletic,69475,no,69475,1.5,,78.54773697288293,7.41072003983411,No,2026,1938,Flexible / Multi-System,info@rustaviathletic.ge,Club sporting director / first-team office
1414,Liam Smith-Brown,GK,19,New Zealand,New Zealand Second Division,2,Wellington Rovers,97160,no,97160,1.5,,26.063480102770225,4.6373484186290925,No,2029,967,Sweeper-Keeper / High Line,info@wellingtonrovers.nz,Club sporting director / first-team office
3498,Andrej Jovanovic-Kovacevic,GK,22,Montenegro,Montenegro Reserve League,4,Budva Rangers,63008,no,63008,1.5,,34.84817398020809,5.208693180466316,No,2029,2464,Sweeper-Keeper / Build-from-the-Back,info@budvarangers.me,Club sporting director / first-team office
106,Carlos Quinonez-Preciado,MF,24,Ecuador,Ecuador Regional League,3,Cuenca SC,102503,no,102503,1.5,,68.21558962731311,6.775346934267715,Unknown,2026,1166,Possession / Build-from-the-Back,info@cuencasc.ec,Club sporting director / first-team office
2854,Kwabena Mensah,MF,19,Ghana,Ghana Third Tier - South,3,Tamale Rangers,68600,yes,0,1.5,,29.419409454420435,4.839847345409193,No,2029,1871,Flexible / Multi-System,info@tamalerangers.gh,Club sporting director / first-team office
30,Devon Bailey-Brown,FW,19,Jamaica,Jamaica Reserve League,3,May Pen Athletic,86082,no,86082,1.5,,59.503701489357546,6.408116206206022,No,2027,1615,Flexible / Multi-System,info@maypenathletic.jm,Club sporting director / first-team office
4744,Ivan Ramirez-Lopez,FW,26,Paraguay,Paraguay Third Tier - North,4,Encarnacion Rangers,95746,no,95746,1.5,,52.6066759879303,6.09999010221024,Yes,2027,1135,Counter-Attack / Transition,info@encarnacionrangers.py,Go through the player's agent - ask the club to confirm representation first
628,Fidel Barrios-Godoy,DF,21,Panama,Panama Reserve League,2,Panama City Town,95800,yes,0,1.4,,50.72532794517221,5.89471165581983,Unknown,2027,1795,Flexible / Multi-System,info@panamacitytown.pa,Club sporting director / first-team office
1524,Devon Bailey-Powell,GK,25,Jamaica,Jamaica Second Division - West,2,May Pen Town,87075,no,87075,1.3,,39.40381558993936,5.192768241829576,Unknown,2028,1066,Flexible / Multi-System,info@maypentown.jm,Club sporting director / first-team office
994,Andri Olafsson,DF,24,Iceland,Iceland Second Division - West,2,Vestmannaeyjar Athletic,99893,no,99893,1.3,,69.49596796380052,6.492962350251512,No,2026,1345,Counter-Attack / Transition,info@vestmannaeyjarathletic.is,Club sporting director / first-team office
79,Emmanuel Boateng-Mensah,DF,22,Ghana,Ghana Reserve League,3,Tamale SC,62378,no,62378,1.3,,68.50984482467366,6.260289224089326,Unknown,2026,2356,Flexible / Multi-System,info@tamalesc.gh,Club sporting director / first-team office
327,Andre Barrios-Torres,DF,21,Panama,Panama Third Tier - South,2,Panama City Rangers,91800,yes,0,1.3,,47.07160901025085,5.387618331344401,Yes,2026,1767,High Press / Gegenpressing,info@panamacityrangers.pa,Go through the player's agent - ask the club to confirm representation first
702,Bartosz Wisniewski-Kowalski,MF,18,Poland,Poland Third Tier - North,2,Bytom SC,62300,yes,0,1.2,,24.347213761116592,3.9780266242665245,Unknown,2029,2381,Flexible / Multi-System,info@bytomsc.pl,Club sporting director / first-team office
3694,Adalberto Perez-Escobar,MF,24,Panama,Panama Reserve League,2,David City,96719,no,96719,1.0,,69.69259623104531,5.430675932690155,No,2026,1635,Flexible / Multi-System,info@davidcity.pa,Club sporting director / first-team office
3400,Pongsak Rattanakosin-Srisawat,MF,17,Thailand,Thailand Second Division - West,3,Khon Kaen SC,104046,no,104046,0.9,,17.085275883879792,2.9692727640088723,Yes,2027,1658,Flexible / Multi-System,info@khonkaensc.th,"Club youth/academy office ONLY - player is a minor, do not contact directly"
3424,Ha-joon Jung-Lee,MF,23,South Korea,South Korea Second Division - East,3,Daegu Rangers,73893,no,73893,0.9,,57.01791082395205,4.599334610102303,Yes,2026,1809,Flexible / Multi-System,info@daegurangers.kr,Go through the player's agent - ask the club to confirm representation first
161,Ousmane Diallo-Ndiaye,DF,25,Senegal,Senegal Second Division - West,3,Saint-Louis United,91012,no,91012,0.8,,23.84152455397617,3.1151818276425107,Yes,2029,1442,Flexible / Multi-System,info@saintlouisunited.sn,Go through the player's agent - ask the club to confirm representation first
1094,Christian Mbia-Ngoy,DF,18,Cameroon,Cameroon Third Tier - South,4,Yaounde Town,113233,no,113233,0.8,,44.28702273986529,3.990803878174768,No,2028,1083,High Press / Gegenpressing,info@yaoundetown.cm,Club sporting director / first-team office
2440,Toni Novak-Matic,MF,17,Croatia,Croatia Regional League,2,Osijek Athletic,70913,no,70913,0.8,,22.61243778313396,3.0281136890129146,Unknown,2026,2252,Flexible / Multi-System,info@osijekathletic.hr,"Club youth/academy office ONLY - player is a minor, do not contact directly"
324,Wilfried Traore-Diabate,FW,21,Ivory Coast,Ivory Coast Amateur League,2,Yamoussoukro United,103905,no,103905,0.8,,35.74305816568345,3.568335016800185,Unknown,2028,1509,High Press / Gegenpressing,info@yamoussoukrounited.ci,Club sporting director / first-team office
753,Diego Vargas,DF,24,Bolivia,Bolivia Provincial League,2,Cochabamba Wanderers,118510,no,118510,0.7,,68.46448779047128,4.508818987489086,No,2026,1332,Counter-Attack / Transition,info@cochabambawanderers.bo,Club sporting director / first-team office
1795,Igor Naumovski-Angelovski,DF,18,North Macedonia,North Macedonia Amateur League,2,Negotino Rangers,76209,no,76209,0.7,,54.928598069445925,4.1285358571515065,No,2027,2093,Flexible / Multi-System,info@negotinorangers.mk,Club sporting director / first-team office
77,Lukas Steiner-Huber,GK,19,Austria,Austria Provincial League,3,Graz Rovers,87906,no,87906,0.7,,60.74339144139772,4.291789198351572,Unknown,2026,804,Shot-Stopper / Traditional,info@grazrovers.at,Club sporting director / first-team office
342,Levente Varga,GK,22,Hungary,Hungary Second Division,2,Szombathely SC,60900,yes,0,0.7,,31.7549251556293,3.3110306836130987,Yes,2028,1953,Flexible / Multi-System,info@szombathelysc.hu,Go through the player's agent - ask the club to confirm representation first
3020,Josip Kovacevic,DF,24,Croatia,Croatia Third Tier - South,2,Osijek Town,68225,no,68225,0.7,,56.7225629959985,3.949511496428445,Unknown,2027,1337,Flexible / Multi-System,info@osijektown.hr,Club sporting director / first-team office
4265,Quang Nguyen-Le,DF,21,Vietnam,Vietnam Amateur League,2,Da Nang United,88200,yes,0,0.7,,40.35426891549327,3.446647249474064,No,2028,2013,Flexible / Multi-System,info@danangunited.vn,Club sporting director / first-team office
4905,Karl Einarsson,DF,25,Iceland,Iceland Regional League,2,Selfoss Rovers,118956,no,118956,0.6,,31.143947108866804,2.916997190347839,Yes,2028,1390,Possession / Build-from-the-Back,info@selfossrovers.is,Go through the player's agent - ask the club to confirm representation first
1022,Bartosz Zielinski-Szymanski,DF,22,Poland,Poland Third Tier - North,3,Bytom Rangers,83100,yes,0,0.5,,65.32829178129104,3.3739635683196743,No,2027,1840,Flexible / Multi-System,info@bytomrangers.pl,Club sporting director / first-team office
2459,Devon Reid-Brown,DF,18,Jamaica,Jamaica Second Division,2,Spanish Town Rovers,84570,no,84570,0.5,,45.21530644682957,2.9121521345937476,Yes,2026,2241,Flexible / Multi-System,info@spanishtownrovers.jm,Go through the player's agent - ask the club to confirm representation first
653,Junior Perez-Hernandez,DF,21,Venezuela,Venezuela Second Division - East,3,Valencia United,118800,yes,0,0.3,,43.04733761512303,2.041058992476952,No,2028,989,High Press / Gegenpressing,info@valenciaunited.ve,Club sporting director / first-team office
2092,Kevin Suarez-Quinonez,DF,19,Ecuador,Ecuador Reserve League,2,Cuenca Wanderers,92798,no,92798,0.3,,26.168445930165813,1.6725850531022461,No,2029,1473,Flexible / Multi-System,info@cuencawanderers.ec,Club sporting director / first-team office
4071,Quang Nguyen-Vu,MF,19,Vietnam,Vietnam Reserve League,2,Hanoi Rangers,118081,no,118081,0.2,,23.02243316430333,1.327570875100518,Unknown,2029,1726,Flexible / Multi-System,info@hanoirangers.vn,Club sporting director / first-team office
2786,Sherzod Rustamov-Yusupov,FW,22,Uzbekistan,Uzbekistan Second Division - West,2,Bukhara Rangers,93526,no,93526,0.1,,43.0978369331695,1.029024280707067,Yes,2027,1804,Direct / Target Approach,info@bukhararangers.uz,Go through the player's agent - ask the club to confirm representation first
3399,Federico Acosta-Pereira,FW,20,Uruguay,Uruguay Amateur League,2,Paysandu Rangers,82029,no,82029,0.1,,34.80041132975458,0.944663605500788,Unknown,2028,2366,Flexible / Multi-System,info@paysandurangers.uy,Club sporting director / first-team office
2241,Bekzod Yusupov,DF,22,Uzbekistan,Uzbekistan Provincial League,4,Bukhara SC,86500,yes,0,0.1,,24.73766212392683,0.7118434697075406,Yes,2029,1380,Counter-Attack / Transition,info@bukharasc.uz,Go through the player's agent - ask the club to confirm representation first
4132,Gergo Horvath,MF,26,Hungary,Hungary Provincial League,2,Kecskemet Rangers,80125,no,80125,0.1,,39.69165921729103,0.8538944218294534,Unknown,2028,1852,Flexible / Multi-System,info@kecskemetrangers.hu,Club sporting director / first-team office
230,Miguel Vargas,MF,25,Costa Rica,Costa Rica Third Tier - North,4,Heredia SC,63880,no,63880,0.1,,36.196166107866375,0.8229804221654149,No,2029,1556,Flexible / Multi-System,info@herediasc.cr,Club sporting director / first-team office
394,Ousmane Sow-Diop,MF,22,Senegal,Senegal Third Tier - North,2,Saint-Louis Rovers,93544,no,93544,0.1,,28.621424529958603,0.749205527869416,No,2029,1470,Flexible / Multi-System,info@saintlouisrovers.sn,Club sporting director / first-team office
1918,Andre Ngoy-Fotso,GK,23,Cameroon,Cameroon Second Division - West,3,Douala Wanderers,60900,yes,0,0.0,,44.51431499127806,0.0,Unknown,2028,1096,Shot-Stopper / Traditional,info@doualawanderers.cm,Club sporting director / first-team office
4752,Marlon Brown,DF,20,Jamaica,Jamaica Second Division - East,4,Spanish Town Wanderers,109500,yes,0,0.0,,30.336175984424976,0.0,No,2029,1113,High Press / Gegenpressing,info@spanishtownwanderers.jm,Club sporting director / first-team office
4184,Andre Torres-Godoy,GK,18,Panama,Panama Third Tier - North,3,Colon FC,108515,no,108515,-0.1,,28.26226443738551,0.0,No,2029,1910,Flexible / Multi-System,info@colonfc.pa,Club sporting director / first-team office
3112,Bryan Figueroa-Mejia,MF,19,Honduras,Honduras Regional League,2,Tegucigalpa United,62200,yes,0,-0.1,,24.35063630151001,0.0,Unknown,2029,2122,Flexible / Multi-System,info@tegucigalpaunited.hn,Club sporting director / first-team office
2752,Devon Powell-Brown,DF,19,Jamaica,Jamaica Reserve League,3,Montego Bay SC,110326,no,110326,-0.1,,42.494714155919425,0.0,Yes,2027,1003,High Press / Gegenpressing,info@montegobaysc.jm,Go through the player's agent - ask the club to confirm representation first
521,Tomas Kucera,FW,17,Czechia,Czechia Regional League,2,Zlin City,100119,no,100119,-0.2,,7.588794130761508,0.0,Yes,2029,2115,Flexible / Multi-System,info@zlincity.cz,"Club youth/academy office ONLY - player is a minor, do not contact directly"
1785,Enock Tembo-Phiri,MF,20,Zambia,Zambia Reserve League,3,Lusaka Wanderers,116693,no,116693,-0.2,,57.940520509541926,0.0,No,2027,1192,High Press / Gegenpressing,info@lusakawanderers.zm,Club sporting director / first-team office
729,Eric Mbia-Njie,DF,22,Cameroon,Cameroon Second Division - East,4,Garoua Rovers,84700,yes,0,-0.3,,70.06060013155444,0.0,No,2027,1722,Possession / Build-from-the-Back,info@garouarovers.cm,Club sporting director / first-team office
1353,Gonzalo Fernandez,MF,20,Bolivia,Bolivia Second Division,3,Cochabamba United,106384,no,106384,-0.3,,58.41133540100762,0.0,No,2027,1413,High Press / Gegenpressing,info@cochabambaunited.bo,Club sporting director / first-team office
3841,Uros Milic,FW,21,Serbia,Serbia Provincial League,2,Cacak United,82529,no,82529,-0.3,,24.90891252979122,0.0,Unknown,2029,2450,Flexible / Multi-System,info@cacakunited.rs,Club sporting director / first-team office
1175,Do-yun Kang-Lee,FW,19,South Korea,South Korea Reserve League,2,Gwangju Wanderers,117200,yes,0,-0.3,,27.397842294025594,0.0,Yes,2028,2025,High Press / Gegenpressing,info@gwangjuwanderers.kr,Go through the player's agent - ask the club to confirm representation first
4825,Given Sakala,MF,19,Zambia,Zambia Second Division - East,2,Kitwe Rangers,69491,no,69491,-0.4,,56.63138162098496,0.0,Unknown,2026,2581,Flexible / Multi-System,info@kitwerangers.zm,Club sporting director / first-team office
3607,Jan Weber,FW,21,Switzerland,Switzerland Amateur League,4,Sion FC,67500,yes,0,-0.4,,70.02041921185207,0.0,Unknown,2026,1933,High Press / Gegenpressing,info@sionfc.ch,Club sporting director / first-team office
132,Klodian Krasniqi-Meta,DF,22,Albania,Albania Reserve League,4,Tirana SC,91731,no,91731,-0.6,,33.72150805197581,0.0,No,2029,951,Counter-Attack / Transition,info@tiranasc.al,Club sporting director / first-team office
1955,Andrej Jovanovic-Vukotic,DF,17,Montenegro,Montenegro Third Tier - South,4,Budva FC,76009,no,76009,-0.6,,23.225217331882344,0.0,Unknown,2027,1708,Counter-Attack / Transition,info@budvafc.me,"Club youth/academy office ONLY - player is a minor, do not contact directly"
186,Eric Fotso,MF,20,Cameroon,Cameroon Second Division,3,Garoua Rangers,79900,yes,0,-0.7,,61.25306333035617,0.0,Unknown,2026,1820,Flexible / Multi-System,info@garouarangers.cm,Club sporting director / first-team office
4176,Yuto Sato-Tanaka,MF,21,Japan,Japan Regional League,3,Osaka Rovers,82100,yes,0,-0.7,,27.28522675614556,0.0,Unknown,2029,1572,Flexible / Multi-System,info@osakarovers.jp,Club sporting director / first-team office
1970,Diyorbek Yusupov-Karimov,DF,25,Uzbekistan,Uzbekistan Second Division - West,3,Tashkent FC,119463,no,119463,-0.7,,59.134745536477986,0.0,Unknown,2027,1038,Counter-Attack / Transition,info@tashkentfc.uz,Club sporting director / first-team office
3709,Duc Le-Tran,DF,25,Vietnam,Vietnam Second Division - West,3,Da Nang Rangers,95433,no,95433,-0.7,,68.64350681077744,0.0,Unknown,2026,1794,Flexible / Multi-System,info@danangrangers.vn,Club sporting director / first-team office
4712,Jakub Horak,FW,18,Czechia,Czechia Amateur League,3,Jihlava Town,60300,yes,0,-0.7,,39.14294624833762,0.0,Unknown,2028,2699,Flexible / Multi-System,info@jihlavatown.cz,Club sporting director / first-team office
3092,Bledi Duro-Krasniqi,MF,21,Albania,Albania Reserve League,4,Elbasan FC,75300,yes,0,-0.7,,32.86857537487824,0.0,No,2029,1454,Flexible / Multi-System,info@elbasanfc.al,Club sporting director / first-team office
317,Cheikh Ndiaye-Diallo,DF,22,Senegal,Senegal Regional League,2,Dakar Rovers,86900,yes,0,-0.8,,25.883340253278792,0.0,Unknown,2029,1834,Flexible / Multi-System,info@dakarrovers.sn,Club sporting director / first-team office
1028,Jan Horvat,FW,19,Slovenia,Slovenia Second Division - West,3,Maribor City,81100,yes,0,-0.9,,59.814914746096356,0.0,No,2027,2008,Direct / Target Approach,info@mariborcity.si,Club sporting director / first-team office
2879,Mustafa Kareem-Mahmoud,FW,20,Iraq,Iraq Third Tier - South,2,Erbil City,104593,no,104593,-0.9,,53.427835916164916,0.0,No,2027,1700,Counter-Attack / Transition,info@erbilcity.iq,Club sporting director / first-team office
3798,Sota Takahashi,GK,26,Japan,Japan Amateur League,4,Fukuoka SC,84924,no,84924,-0.9,,53.161686934010525,0.0,Yes,2027,1722,Shot-Stopper / Traditional,info@fukuokasc.jp,Go through the player's agent - ask the club to confirm representation first
3141,Petar Nikolic-Perovic,FW,21,Montenegro,Montenegro Reserve League,4,Berane Town,74300,yes,0,-0.9,,35.16404982376564,0.0,Yes,2028,1811,High Press / Gegenpressing,info@beranetown.me,Go through the player's agent - ask the club to confirm representation first
4856,Samuel Ngoy-Fotso,FW,18,Cameroon,Cameroon Second Division,3,Bafoussam Town,62200,yes,0,-0.9,,69.68103385040646,0.0,No,2026,2493,Flexible / Multi-System,info@bafoussamtown.cm,Club sporting director / first-team office
3018,Levan Beridze-Kiknadze,FW,19,Georgia,Georgia Amateur League,2,Tbilisi City,101039,no,101039,-0.9,,53.58969333656056,0.0,No,2027,1615,High Press / Gegenpressing,info@tbilisicity.ge,Club sporting director / first-team office
835,Igor Jovanovic-Perovic,GK,21,Montenegro,Montenegro Second Division - West,3,Budva SC,71051,no,71051,-1.0,,64.89020333122588,0.0,Unknown,2026,2693,Flexible / Multi-System,info@budvasc.me,Club sporting director / first-team office
1152,Moussa Diop-Ndiaye,MF,21,Senegal,Senegal Regional League,4,Dakar Town,87300,yes,0,-1.0,,60.14888884909696,0.0,Unknown,2027,1318,High Press / Gegenpressing,info@dakartown.sn,Club sporting director / first-team office
147,Vladimir Jovanovic,FW,25,Serbia,Serbia Provincial League,4,Backa Topola Town,89703,no,89703,-1.0,,25.643766018880783,0.0,Yes,2029,1337,Counter-Attack / Transition,info@backatopolatown.rs,Go through the player's agent - ask the club to confirm representation first
418,Bojan Milic,FW,25,Serbia,Serbia Reserve League,4,Nis FC,111628,no,111628,-1.0,,30.97285674895139,0.0,Unknown,2029,813,Counter-Attack / Transition,info@nisfc.rs,Club sporting director / first-team office
2253,Carlos Mendoza-Zambrano,MF,24,Ecuador,Ecuador Provincial League,3,Guayaquil SC,74862,no,74862,-1.1,,56.95294870576742,0.0,Yes,2026,1824,Flexible / Multi-System,info@guayaquilsc.ec,Go through the player's agent - ask the club to confirm representation first
1626,Nattapong Boonmee-Sanguan,FW,23,Thailand,Thailand Amateur League,2,Nonthaburi Rangers,84405,no,84405,-1.1,,26.98560686008919,0.0,Unknown,2029,1810,Flexible / Multi-System,info@nonthaburirangers.th,Club sporting director / first-team office
3075,Wojciech Zielinski,MF,21,Poland,Poland Third Tier - North,3,Bytom Town,100800,yes,0,-1.1,,62.934491929866255,0.0,Unknown,2026,1239,High Press / Gegenpressing,info@bytomtown.pl,Club sporting director / first-team office
1835,Marlon Powell-Bailey,FW,18,Jamaica,Jamaica Reserve League,2,May Pen FC,69100,yes,0,-1.2,,19.597634105216766,0.0,Yes,2029,2222,Flexible / Multi-System,info@maypenfc.jm,Go through the player's agent - ask the club to confirm representation first
2699,Sota Tanaka,DF,21,Japan,Japan Provincial League,3,Nagoya Rangers,71900,yes,0,-1.3,,56.951519744383305,0.0,Unknown,2027,1922,Flexible / Multi-System,info@nagoyarangers.jp,Club sporting director / first-team office
1860,Erion Meta-Bardhi,FW,20,Albania,Albania Third Tier - South,3,Tirana Town,89800,yes,0,-1.4,,20.971091962095144,0.0,Yes,2029,2039,Flexible / Multi-System,info@tiranatown.al,Go through the player's agent - ask the club to confirm representation first
1777,Matias Cardozo-Gonzalez,MF,26,Paraguay,Paraguay Reserve League,4,Encarnacion United,62398,no,62398,-1.4,,74.83264059773572,0.0,No,2027,1497,Flexible / Multi-System,info@encarnacionunited.py,Club sporting director / first-team office
3057,Carlos Preciado-Suarez,MF,20,Ecuador,Ecuador Reserve League,4,Guayaquil Town,81900,yes,0,-1.4,,31.116964836405856,0.0,No,2029,1613,Flexible / Multi-System,info@guayaquiltown.ec,Club sporting director / first-team office
3889,Adam Toth-Szabo,DF,21,Hungary,Hungary Second Division,4,Debrecen SC,75464,no,75464,-1.4,,29.527563957599988,0.0,Unknown,2029,1511,High Press / Gegenpressing,info@debrecensc.hu,Club sporting director / first-team office
3454,Karl Pikk-Mets,FW,19,Estonia,Estonia Reserve League,3,Tartu Town,94800,yes,0,-1.5,,28.598389799418904,0.0,No,2029,1472,Direct / Target Approach,info@tartutown.ee,Club sporting director / first-team office
2308,Ha-joon Kang-Park,FW,23,South Korea,South Korea Regional League,2,Daegu Rangers,82804,no,82804,-1.5,,39.57760114568256,0.0,Unknown,2028,1908,Flexible / Multi-System,info@daegurangers.kr,Club sporting director / first-team office
4756,Enock Zulu-Banda,MF,22,Zambia,Zambia Second Division,3,Lusaka Rangers,81522,no,81522,-1.5,,31.717090594445875,0.0,No,2029,1991,Flexible / Multi-System,info@lusakarangers.zm,Club sporting director / first-team office
4769,Ante Kovacevic,FW,17,Croatia,Croatia Third Tier - South,4,Belisce FC,91482,no,91482,-1.5,,18.048547043314027,0.0,No,2028,1347,Flexible / Multi-System,info@beliscefc.hr,"Club youth/academy office ONLY - player is a minor, do not contact directly"
1920,Wuilker Martinez,DF,23,Venezuela,Venezuela Provincial League,2,Valencia Athletic,71379,no,71379,-1.5,,30.47702540755353,0.0,No,2029,2130,Flexible / Multi-System,info@valenciaathletic.ve,Club sporting director / first-team office
1116,Shamar Brown-Powell,GK,20,Jamaica,Jamaica Third Tier - North,3,May Pen United,69107,no,69107,-1.6,,44.270155515216274,0.0,Yes,2027,2695,Sweeper-Keeper / High Line,info@maypenunited.jm,Go through the player's agent - ask the club to confirm representation first
1809,Min-jun Kim-Lee,FW,23,South Korea,South Korea Third Tier - South,4,Daejeon Wanderers,63053,no,63053,-1.7,,53.05756341519185,0.0,No,2028,1974,Flexible / Multi-System,info@daejeonwanderers.kr,Club sporting director / first-team office
46,Andres Pikk,DF,21,Estonia,Estonia Regional League,2,Tartu United,65800,yes,0,-1.7,,28.27702174934445,0.0,No,2029,2016,Flexible / Multi-System,info@tartuunited.ee,Club sporting director / first-team office
4263,Romell Figueroa,GK,23,Honduras,Honduras Second Division,2,Tegucigalpa Town,102294,no,102294,-1.8,,60.93048080022938,0.0,No,2027,2134,Shot-Stopper / Traditional,info@tegucigalpatown.hn,Club sporting director / first-team office
144,Diego Rodriguez,MF,22,Bolivia,Bolivia Second Division,2,La Paz FC,94016,no,94016,-1.8,,49.03196877401407,0.0,Yes,2026,1810,Flexible / Multi-System,info@lapazfc.bo,Go through the player's agent - ask the club to confirm representation first
903,Stefan Einarsson-Gudmundsson,MF,21,Iceland,Iceland Provincial League,4,Hafnarfjordur Athletic,66700,yes,0,-1.8,,29.848247884340978,0.0,Unknown,2029,1858,Flexible / Multi-System,info@hafnarfjordurathletic.is,Club sporting director / first-team office
1967,Nam Tran-Pham,MF,18,Vietnam,Vietnam Second Division - West,4,Hai Phong Town,104543,no,104543,-1.8,,40.071926952834716,0.0,Unknown,2028,1313,Counter-Attack / Transition,info@haiphongtown.vn,Club sporting director / first-team office
3608,Carlos Vargas-Castillo,FW,21,Costa Rica,Costa Rica Reserve League,4,Heredia Rangers,73500,yes,0,-1.9,,43.333050649129994,0.0,Unknown,2028,1773,High Press / Gegenpressing,info@herediarangers.cr,Club sporting director / first-team office
3898,Sherzod Tashkentov-Rustamov,MF,19,Uzbekistan,Uzbekistan Second Division - West,2,Andijan Rangers,87480,no,87480,-1.9,,61.77026670385076,0.0,No,2026,2126,Flexible / Multi-System,info@andijanrangers.uz,Club sporting director / first-team office
4698,Andre Bailey-Campbell,MF,21,Jamaica,Jamaica Second Division,2,Kingston FC,87600,yes,0,-1.9,,56.89784583605159,0.0,No,2027,1765,Flexible / Multi-System,info@kingstonfc.jm,Club sporting director / first-team office
1876,Darko Trajkovski-Mitrovski,DF,22,North Macedonia,North Macedonia Third Tier - North,2,Tetovo Athletic,78400,yes,0,-1.9,,61.33252292392222,0.0,Unknown,2026,2086,Flexible / Multi-System,info@tetovoathletic.mk,Club sporting director / first-team office
2428,Maximiliano Rodriguez-Ferreira,DF,23,Uruguay,Uruguay Regional League,2,Montevideo Wanderers,96500,yes,0,-1.9,,26.67124349968082,0.0,Unknown,2029,1433,Flexible / Multi-System,info@montevideowanderers.uy,Club sporting director / first-team office
1914,Domagoj Barisic,MF,21,Croatia,Croatia Third Tier - South,3,Osijek SC,75900,yes,0,-2.0,,64.51643651380063,0.0,Unknown,2026,1717,High Press / Gegenpressing,info@osijeksc.hr,Club sporting director / first-team office
364,Oumar Traore 36,DF,20,Mali,Mali Amateur League,2,Bamako City,115300,no,115300,-2.1,,52.97415017549713,0.0,No,2027,1614,High Press / Gegenpressing,info@bamakocity.ml,Club sporting director / first-team office
1883,Olafur Halldorsson,GK,22,Iceland,Iceland Third Tier - North,2,Selfoss United,119657,no,119657,-2.1,,20.443533796742408,0.0,Yes,2029,2660,Sweeper-Keeper / High Line,info@selfossunited.is,Go through the player's agent - ask the club to confirm representation first
3007,Nemanja Stankovic-Ilic,MF,24,Serbia,Serbia Second Division - West,3,Backa Topola Rangers,100740,no,100740,-2.2,,66.80224747102453,0.0,No,2027,1223,Possession / Build-from-the-Back,info@backatopolarangers.rs,Club sporting director / first-team office
3820,Marton Horvath,MF,20,Hungary,Hungary Third Tier - North,3,Kecskemet Rovers,69322,no,69322,-2.2,,54.48814273938246,0.0,Unknown,2027,2490,Flexible / Multi-System,info@kecskemetrovers.hu,Club sporting director / first-team office
1894,Ji-ho Choi-Lee,GK,18,South Korea,South Korea Regional League,3,Gwangju Wanderers,114742,no,114742,-2.2,,59.34374433173792,0.0,Unknown,2026,2181,Sweeper-Keeper / High Line,info@gwangjuwanderers.kr,Club sporting director / first-team office
1217,Anthony Martinez-Chirinos,DF,23,Honduras,Honduras Provincial League,2,La Ceiba United,105900,yes,0,-2.3,,26.455197481698065,0.0,Unknown,2029,1508,Flexible / Multi-System,info@laceibaunited.hn,Club sporting director / first-team office
4434,Kaito Takahashi-Tanaka,MF,20,Japan,Japan Provincial League,2,Osaka City,73300,yes,0,-2.4,,39.113845541114905,0.0,No,2028,1859,Flexible / Multi-System,info@osakacity.jp,Club sporting director / first-team office
4474,Aron Einarsson,GK,26,Iceland,Iceland Third Tier - South,2,Reykjavik Rangers,108382,no,108382,-2.4,,21.44478290369156,0.0,Yes,2029,979,Flexible / Multi-System,info@reykjavikrangers.is,Go through the player's agent - ask the club to confirm representation first
2325,Janis Liepa-Ozols,FW,25,Latvia,Latvia Third Tier - North,3,Riga Athletic,102330,no,102330,-2.5,,59.941194886676186,0.0,Unknown,2027,1788,Flexible / Multi-System,info@rigaathletic.lv,Club sporting director / first-team office
1782,Mwansa Banda-Phiri,FW,18,Zambia,Zambia Second Division - East,2,Ndola Town,61300,yes,0,-2.5,,24.381711117517334,0.0,Unknown,2029,2628,Flexible / Multi-System,info@ndolatown.zm,Club sporting director / first-team office
4396,Haruto Tanaka-Takahashi,FW,18,Japan,Japan Third Tier - North,2,Nagoya Rovers,78100,yes,0,-2.5,,49.248897115087814,0.0,Unknown,2027,2356,Flexible / Multi-System,info@nagoyarovers.jp,Club sporting director / first-team office
1573,Serge Diabate-Kouassi,MF,21,Ivory Coast,Ivory Coast Provincial League,4,San Pedro SC,74500,yes,0,-2.5,,56.38532838886874,0.0,Yes,2026,1668,Flexible / Multi-System,info@sanpedrosc.ci,Go through the player's agent - ask the club to confirm representation first
183,Adam Kovacs-Szabo,MF,20,Hungary,Hungary Second Division,2,Pecs SC,94024,no,94024,-2.6,,26.138410399301073,0.0,No,2029,1800,Flexible / Multi-System,info@pecssc.hu,Club sporting director / first-team office
4383,Levan Gelashvili-Lomidze,MF,19,Georgia,Georgia Regional League,2,Rustavi Rovers,86800,yes,0,-2.6,,54.30672170176507,0.0,No,2027,2043,Flexible / Multi-System,info@rustavirovers.ge,Club sporting director / first-team office
2887,Goran Trajkovski-Naumovski,MF,24,North Macedonia,North Macedonia Third Tier - South,4,Tetovo United,70722,no,70722,-2.6,,52.527355127790145,0.0,No,2028,1446,Flexible / Multi-System,info@tetovounited.mk,Club sporting director / first-team office
746,Noah Keller,DF,23,Switzerland,Switzerland Amateur League,3,Thun Rangers,107600,yes,0,-2.7,,23.494790774533968,0.0,Yes,2029,1214,Counter-Attack / Transition,info@thunrangers.ch,Go through the player's agent - ask the club to confirm representation first
1069,Uros Stankovic-Ilic,GK,18,Serbia,Serbia Amateur League,3,Nis Wanderers,66778,no,66778,-2.7,,29.48878558459393,0.0,No,2029,1407,Sweeper-Keeper / High Line,info@niswanderers.rs,Club sporting director / first-team office
2493,Stefan Gudmundsson-Bjornsson,DF,21,Iceland,Iceland Third Tier - North,2,Reykjavik Rovers,97500,yes,0,-2.8,,35.9426002787821,0.0,Unknown,2028,1920,Flexible / Multi-System,info@reykjavikrovers.is,Club sporting director / first-team office
3673,Nico Schmid-Meier,FW,19,Switzerland,Switzerland Reserve League,3,Aarau FC,72340,no,72340,-2.8,,31.29151990656522,0.0,Yes,2028,1872,Flexible / Multi-System,info@aaraufc.ch,Go through the player's agent - ask the club to confirm representation first
830,Roberts Kalns-Ozols,FW,25,Latvia,Latvia Amateur League,3,Daugavpils Rangers,91165,no,91165,-2.8,,29.348046088019032,0.0,Unknown,2029,1349,Flexible / Multi-System,info@daugavpilsrangers.lv,Club sporting director / first-team office
2525,Bakary Coulibaly-Diarra,FW,19,Mali,Mali Regional League,4,Kayes United,60300,yes,0,-2.8,,31.96184239738106,0.0,No,2029,2064,Flexible / Multi-System,info@kayesunited.ml,Club sporting director / first-team office
2706,Callum Mitchell-Smith,FW,19,New Zealand,New Zealand Regional League,4,Wellington Wanderers,69000,yes,0,-2.9,,46.248731812492586,0.0,No,2028,2145,High Press / Gegenpressing,info@wellingtonwanderers.nz,Club sporting director / first-team office
4287,Jose Vargas,FW,20,Costa Rica,Costa Rica Regional League,2,Cartago Town,62542,no,62542,-2.9,,55.88677298623804,0.0,No,2027,2349,Flexible / Multi-System,info@cartagotown.cr,Club sporting director / first-team office
2936,Nika Beridze-Lomidze,DF,21,Georgia,Georgia Third Tier - South,3,Rustavi Town,98800,yes,0,-2.9,,43.74732498069443,0.0,No,2028,1555,Flexible / Multi-System,info@rustavitown.ge,Club sporting director / first-team office
4608,Bence Kovacs-Toth,MF,18,Hungary,Hungary Regional League,4,Pecs Rovers,97760,no,97760,-3.0,,63.213082419255954,0.0,No,2027,1456,High Press / Gegenpressing,info@pecsrovers.hu,Club sporting director / first-team office
3712,Toni Kovacevic-Radic,FW,21,Croatia,Croatia Second Division,4,Medimurje Wanderers,64500,yes,0,-3.1,,70.29951222189847,0.0,Unknown,2026,2032,Flexible / Multi-System,info@medimurjewanderers.hr,Club sporting director / first-team office
3923,Bruno Silva-Gonzalez,FW,23,Uruguay,Uruguay Amateur League,2,Paysandu FC,117327,no,117327,-3.1,,68.52461492285094,0.0,No,2026,1485,Counter-Attack / Transition,info@paysandufc.uy,Club sporting director / first-team office
4871,Andri Petursson,FW,23,Iceland,Iceland Third Tier - South,3,Keflavik City,70850,no,70850,-3.1,,68.89163738927394,0.0,No,2027,2229,Low Block / Park the Bus,info@keflavikcity.is,Club sporting director / first-team office
2445,Irakli Kiknadze-Lomidze,MF,21,Georgia,Georgia Third Tier - South,4,Batumi City,74688,no,74688,-3.1,,32.892053927114496,0.0,No,2029,1600,Flexible / Multi-System,info@batumicity.ge,Club sporting director / first-team office
2919,Kacper Wojcik,DF,21,Poland,Poland Amateur League,4,Olsztyn FC,72600,yes,0,-3.2,,77.43323799486282,0.0,No,2026,1932,Flexible / Multi-System,info@olsztynfc.pl,Club sporting director / first-team office
3639,Kelvin Zulu-Phiri,DF,21,Zambia,Zambia Third Tier - South,4,Lusaka Town,104822,no,104822,-3.2,,54.72555810717767,0.0,Yes,2026,1223,High Press / Gegenpressing,info@lusakatown.zm,Go through the player's agent - ask the club to confirm representation first
2598,Marko Novak,DF,24,Croatia,Croatia Third Tier - North,2,Bijelo Brdo Rangers,71115,no,71115,-3.3,,45.906089735170774,0.0,Yes,2027,1971,Flexible / Multi-System,info@bijelobrdorangers.hr,Go through the player's agent - ask the club to confirm representation first
1086,Somchai Wongsa-Charoensuk,MF,18,Thailand,Thailand Second Division,2,Nonthaburi FC,88808,no,88808,-3.3,,55.428911282790814,0.0,Unknown,2026,2133,Flexible / Multi-System,info@nonthaburifc.th,Club sporting director / first-team office
3954,Marlon Campbell-Bailey,FW,26,Jamaica,Jamaica Reserve League,3,Montego Bay SC,86930,no,86930,-3.4,,32.798757766141904,0.0,No,2029,1127,Flexible / Multi-System,info@montegobaysc.jm,Club sporting director / first-team office
3978,Michal Mazur-Wojcik,FW,26,Poland,Poland Regional League,4,Legnica United,64765,no,64765,-3.4,,47.561844095799984,0.0,Unknown,2028,1824,Low Block / Park the Bus,info@legnicaunited.pl,Club sporting director / first-team office
3751,Gonzalo Fernandez-Torres,MF,20,Bolivia,Bolivia Provincial League,2,Cochabamba City,117616,no,117616,-3.4,,38.59478852367655,0.0,Yes,2027,1747,High Press / Gegenpressing,info@cochabambacity.bo,Go through the player's agent - ask the club to confirm representation first
4579,Ibrahim Boateng-Owusu,MF,21,Ghana,Ghana Regional League,2,Kumasi FC,97900,yes,0,-3.4,,19.932205649833,0.0,Yes,2029,1580,Flexible / Multi-System,info@kumasifc.gh,Go through the player's agent - ask the club to confirm representation first
3480,Liam Brown,MF,19,New Zealand,New Zealand Second Division - West,3,Auckland Rangers,85121,no,85121,-3.4,,60.91474682854712,0.0,Unknown,2026,2005,Flexible / Multi-System,info@aucklandrangers.nz,Club sporting director / first-team office
2676,Kevin Chavez-Suarez,DF,22,Ecuador,Ecuador Regional League,4,Quito SC,81100,yes,0,-3.5,,80.04731299921104,0.0,No,2026,1834,Flexible / Multi-System,info@quitosc.ec,Club sporting director / first-team office
3177,Yeferson Perez-Gonzalez,MF,25,Venezuela,Venezuela Second Division,3,Caracas Rovers,89166,no,89166,-3.5,,76.85130354544548,0.0,No,2026,1376,Flexible / Multi-System,info@caracasrovers.ve,Club sporting director / first-team office
4564,Michael Moser,MF,20,Austria,Austria Third Tier - North,3,Wels United,117298,no,117298,-3.5,,25.221957801356872,0.0,Unknown,2029,1420,High Press / Gegenpressing,info@welsunited.at,Club sporting director / first-team office
382,Ardit Bardhi-Hoxha,DF,21,Albania,Albania Amateur League,4,Shkoder United,65900,yes,0,-3.5,,33.25431202660319,0.0,No,2029,1632,High Press / Gegenpressing,info@shkoderunited.al,Club sporting director / first-team office
2091,Christian Etoo-Ngoy,GK,18,Cameroon,Cameroon Third Tier - South,2,Yaounde Athletic,99568,no,99568,-3.5,,54.87700805084594,0.0,Unknown,2026,1772,Sweeper-Keeper / High Line,info@yaoundeathletic.cm,Club sporting director / first-team office
1819,Anon Charoensuk-Rattanakosin,DF,23,Thailand,Thailand Third Tier - South,2,Chiang Mai Wanderers,118900,yes,0,-3.6,,26.188522189859693,0.0,Unknown,2029,1530,Possession / Build-from-the-Back,info@chiangmaiwanderers.th,Club sporting director / first-team office
3348,Filip Kovacevic-Perovic,DF,20,Montenegro,Montenegro Provincial League,4,Niksic Wanderers,113600,yes,0,-3.7,,62.3879145219933,0.0,No,2027,1283,High Press / Gegenpressing,info@niksicwanderers.me,Club sporting director / first-team office
2235,Jesus Rojas-Rondon,DF,22,Venezuela,Venezuela Second Division - West,3,Maracaibo Wanderers,114125,no,114125,-3.7,,45.091909235596304,0.0,No,2028,1302,Counter-Attack / Transition,info@maracaibowanderers.ve,Club sporting director / first-team office
352,Damion Reid,FW,19,Jamaica,Jamaica Second Division - West,3,May Pen FC,110300,yes,0,-3.8,,37.12837303942529,0.0,Unknown,2028,1498,Flexible / Multi-System,info@maypenfc.jm,Club sporting director / first-team office
160,Vladimir Krstic-Ilic,MF,21,Serbia,Serbia Second Division,2,Cacak Athletic,89600,yes,0,-3.9,,40.298699785589356,0.0,No,2028,1903,Flexible / Multi-System,info@cacakathletic.rs,Club sporting director / first-team office
1831,Kacper Wisniewski,MF,20,Poland,Poland Third Tier - South,2,Legnica Rovers,73200,yes,0,-3.9,,62.74104886012618,0.0,No,2026,2035,Flexible / Multi-System,info@legnicarovers.pl,Club sporting director / first-team office
4415,Sota Suzuki,DF,23,Japan,Japan Reserve League,2,Nagoya Rangers,82800,yes,0,-3.9,,39.57776843861848,0.0,Unknown,2028,1762,Flexible / Multi-System,info@nagoyarangers.jp,Club sporting director / first-team office
499,Aleksandar Milic-Petrovic,DF,23,Serbia,Serbia Amateur League,2,Cacak Rovers,103200,yes,0,-4.0,,60.88348738718422,0.0,No,2027,1616,Flexible / Multi-System,info@cacakrovers.rs,Club sporting director / first-team office
1989,Peter Varga-Kovac,DF,18,Slovakia,Slovakia Reserve League,4,Zilina FC,93291,no,93291,-4.0,,40.473201379673526,0.0,Unknown,2028,1338,High Press / Gegenpressing,info@zilinafc.sk,Club sporting director / first-team office
4341,Ened Krasniqi-Hoxha,MF,23,Albania,Albania Second Division - West,2,Elbasan Athletic,113421,no,113421,-4.0,,60.382461821494495,0.0,No,2027,1395,Possession / Build-from-the-Back,info@elbasanathletic.al,Club sporting director / first-team office
4394,Silvan Weber-Keller,FW,26,Switzerland,Switzerland Third Tier - North,3,Lucerne SC,104036,no,104036,-4.1,,55.3363513343737,0.0,Yes,2026,1346,Counter-Attack / Transition,info@lucernesc.ch,Go through the player's agent - ask the club to confirm representation first
49,Giorgi Kapanadze-Lomidze,DF,22,Georgia,Georgia Third Tier - South,2,Rustavi Wanderers,88400,yes,0,-4.1,,53.32200615169726,0.0,Unknown,2027,2164,Flexible / Multi-System,info@rustaviwanderers.ge,Club sporting director / first-team office
3797,Sekou Camara-Diarra,DF,17,Mali,Mali Provincial League,3,Bamako SC,101590,no,101590,-4.1,,23.991709190680396,0.0,Unknown,2026,1926,Flexible / Multi-System,info@bamakosc.ml,"Club youth/academy office ONLY - player is a minor, do not contact directly"
4036,Emmanuel Mensah-Appiah,DF,22,Ghana,Ghana Second Division,3,Accra FC,87500,yes,0,-4.2,,65.03403303103138,0.0,No,2027,1554,Flexible / Multi-System,info@accrafc.gh,Club sporting director / first-team office
4953,Sota Tanaka-Ito,FW,19,Japan,Japan Second Division - East,3,Sapporo Wanderers,78200,yes,0,-4.3,,61.36843743455774,0.0,Unknown,2026,2097,Flexible / Multi-System,info@sapporowanderers.jp,Club sporting director / first-team office
4746,Andre Powell-Campbell,DF,21,Jamaica,Jamaica Reserve League,2,May Pen Wanderers,64400,yes,0,-4.3,,58.450390923761574,0.0,No,2027,2058,Flexible / Multi-System,info@maypenwanderers.jm,Club sporting director / first-team office
2480,David Huber-Wagner,MF,21,Austria,Austria Reserve League,3,Linz FC,113600,yes,0,-4.3,,44.44413855889541,0.0,Yes,2027,1424,High Press / Gegenpressing,info@linzfc.at,Go through the player's agent - ask the club to confirm representation first
2431,Anthony Preciado,DF,23,Ecuador,Ecuador Third Tier - South,4,Manta City,76600,yes,0,-4.3,,66.04316814950283,0.0,Unknown,2027,1658,Flexible / Multi-System,info@mantacity.ec,Club sporting director / first-team office
1110,Liam Smith-Wilson,FW,21,New Zealand,New Zealand Second Division,3,Hamilton FC,81000,yes,0,-4.4,,30.40260117879892,0.0,No,2029,1861,Flexible / Multi-System,info@hamiltonfc.nz,Club sporting director / first-team office
3522,Karim Mahmoud-Hassan,DF,22,Iraq,Iraq Second Division - East,2,Erbil Rangers,93400,yes,0,-4.4,,28.62528295096076,0.0,No,2029,1678,Low Block / Park the Bus,info@erbilrangers.iq,Club sporting director / first-team office
3952,Matias Lopez,DF,20,Paraguay,Paraguay Third Tier - North,2,Luque FC,68000,yes,0,-4.4,,26.890137995576445,0.0,No,2029,2264,Flexible / Multi-System,info@luquefc.py,Club sporting director / first-team office
4897,Janis Ozols-Berzins,MF,22,Latvia,Latvia Regional League,3,Liepaja Rovers,99421,no,99421,-4.4,,46.93615064148526,0.0,Yes,2027,1366,Flexible / Multi-System,info@liepajarovers.lv,Go through the player's agent - ask the club to confirm representation first
3749,Somchai Charoensuk,FW,26,Thailand,Thailand Second Division - East,3,Nonthaburi Wanderers,105007,no,105007,-4.5,,47.23541102235283,0.0,No,2028,1032,Counter-Attack / Transition,info@nonthaburiwanderers.th,Club sporting director / first-team office
2756,Levan Lomidze,FW,19,Georgia,Georgia Third Tier - South,2,Kutaisi Rovers,63700,yes,0,-4.5,,55.79713018537794,0.0,No,2027,2627,Flexible / Multi-System,info@kutaisirovers.ge,Club sporting director / first-team office
2437,Ibrahima Diallo-Diop,MF,22,Senegal,Senegal Provincial League,2,Saint-Louis SC,73397,no,73397,-4.6,,44.02153713618355,0.0,Yes,2027,1795,Flexible / Multi-System,info@saintlouissc.sn,Go through the player's agent - ask the club to confirm representation first
4528,Wuilker Hernandez,MF,20,Venezuela,Venezuela Reserve League,4,Caracas Town,105590,no,105590,-4.6,,27.344626037822852,0.0,Unknown,2029,1170,High Press / Gegenpressing,info@caracastown.ve,Club sporting director / first-team office
803,Phong Hoang-Vu,DF,25,Vietnam,Vietnam Second Division - East,3,Hanoi City,96366,no,96366,-4.7,,48.943871819260515,0.0,Yes,2027,1789,Flexible / Multi-System,info@hanoicity.vn,Go through the player's agent - ask the club to confirm representation first
4774,Patrick Ngoy,MF,22,Cameroon,Cameroon Amateur League,4,Garoua Town,63700,yes,0,-4.7,,50.974679354810526,0.0,No,2028,1759,Flexible / Multi-System,info@garouatown.cm,Club sporting director / first-team office
4659,Anthony Chirinos-Martinez,FW,20,Honduras,Honduras Third Tier - North,3,San Pedro Sula SC,93101,no,93101,-4.7,,41.939027823727635,0.0,No,2028,1927,Flexible / Multi-System,info@sanpedrosulasc.hn,Club sporting director / first-team office
3744,Jan Kovac-Krajnc,FW,25,Slovenia,Slovenia Second Division - East,3,Maribor SC,109281,no,109281,-4.7,,55.09871003036357,0.0,Yes,2026,1400,Counter-Attack / Transition,info@mariborsc.si,Go through the player's agent - ask the club to confirm representation first
2055,Matias Cardozo-Sanchez,DF,23,Paraguay,Paraguay Provincial League,3,Encarnacion Rovers,89900,yes,0,-4.7,,56.04799949273783,0.0,Yes,2026,1848,Flexible / Multi-System,info@encarnacionrovers.py,Go through the player's agent - ask the club to confirm representation first
2886,Andre Barrios,GK,25,Panama,Panama Third Tier - North,2,Colon United,84858,no,84858,-4.8,,30.01921788374387,0.0,No,2029,2405,Shot-Stopper / Traditional,info@colonunited.pa,Club sporting director / first-team office
3169,Ji-ho Kang-Lee,FW,21,South Korea,South Korea Amateur League,3,Busan Rangers,66900,yes,0,-4.8,,30.91565102243168,0.0,No,2029,2224,High Press / Gegenpressing,info@busanrangers.kr,Club sporting director / first-team office
4113,Andre Mbia-Ngoy,FW,20,Cameroon,Cameroon Second Division,2,Bafoussam Rovers,103797,no,103797,-4.8,,18.912189201347076,0.0,Yes,2029,2401,Flexible / Multi-System,info@bafoussamrovers.cm,Go through the player's agent - ask the club to confirm representation first
3148,Dusan Nikolic-Milic,MF,22,Serbia,Serbia Second Division - West,3,Cacak FC,84500,yes,0,-4.8,,65.23286152805433,0.0,No,2027,1446,Flexible / Multi-System,info@cacakfc.rs,Club sporting director / first-team office
4541,Luis Morales,MF,20,Costa Rica,Costa Rica Third Tier - North,2,Heredia Town,81000,yes,0,-4.8,,23.794387703916495,0.0,Unknown,2029,2259,Flexible / Multi-System,info@herediatown.cr,Club sporting director / first-team office
1076,Kittipong Boonmee-Rattanakosin,FW,24,Thailand,Thailand Third Tier - North,4,Khon Kaen SC,65767,no,65767,-4.9,,26.3497629482692,0.0,Yes,2029,1355,Flexible / Multi-System,info@khonkaensc.th,Go through the player's agent - ask the club to confirm representation first
3837,Michael Escobar-Murillo,FW,23,Panama,Panama Regional League,2,Panama City Rangers,110823,no,110823,-4.9,,29.326138130151428,0.0,No,2029,1755,Flexible / Multi-System,info@panamacityrangers.pa,Club sporting director / first-team office
2964,Arturs Ozols-Vitols,FW,20,Latvia,Latvia Second Division,2,Daugavpils Rovers,60400,yes,0,-4.9,,19.829750138849107,0.0,Yes,2029,2590,Flexible / Multi-System,info@daugavpilsrovers.lv,Go through the player's agent - ask the club to confirm representation first
4704,Sebastian Ramirez,FW,23,Paraguay,Paraguay Third Tier - South,2,Ciudad del Este Town,76016,no,76016,-4.9,,63.954211535989415,0.0,Unknown,2026,1674,Flexible / Multi-System,info@ciudaddelestetown.py,Club sporting director / first-team office
2153,Kristijan Naumovski,FW,19,North Macedonia,North Macedonia Second Division - East,3,Ohrid SC,112200,yes,0,-4.9,,37.072929156037304,0.0,Unknown,2028,1569,High Press / Gegenpressing,info@ohridsc.mk,Club sporting director / first-team office
695,Yoon-seo Choi,DF,25,South Korea,South Korea Second Division,2,Daegu FC,65552,no,65552,-5.0,,46.2344437766179,0.0,Yes,2027,1533,Flexible / Multi-System,info@daegufc.kr,Go through the player's agent - ask the club to confirm representation first
2372,Kittipong Srisawat-Sanguan,FW,25,Thailand,Thailand Third Tier - North,2,Chiang Mai Town,107497,no,107497,-5.0,,29.4044331873051,0.0,No,2029,1549,Flexible / Multi-System,info@chiangmaitown.th,Club sporting director / first-team office
4317,Cheikh Faye,MF,22,Senegal,Senegal Regional League,3,Dakar United,112863,no,112863,-5.1,,72.39199733832378,0.0,No,2026,1482,Flexible / Multi-System,info@dakarunited.sn,Club sporting director / first-team office
4371,Ali Salim,FW,26,Iraq,Iraq Second Division - East,2,Najaf Rovers,68929,no,68929,-5.1,,63.07195912860661,0.0,No,2027,1914,Direct / Target Approach,info@najafrovers.iq,Club sporting director / first-team office
130,Giorgi Kapanadze,MF,21,Georgia,Georgia Second Division - West,2,Kutaisi Town,96200,yes,0,-5.2,,64.23319818792541,0.0,No,2026,2153,Flexible / Multi-System,info@kutaisitown.ge,Club sporting director / first-team office
552,Sherzod Yuldashev-Karimov,MF,17,Uzbekistan,Uzbekistan Provincial League,4,Andijan City,99739,no,99739,-5.2,,28.72948274681677,0.0,No,2026,1583,High Press / Gegenpressing,info@andijancity.uz,"Club youth/academy office ONLY - player is a minor, do not contact directly"
3300,Michael Moser-Bauer,DF,23,Austria,Austria Second Division,3,Innsbruck SC,66100,yes,0,-5.3,,70.88518221241405,0.0,Unknown,2026,1508,Flexible / Multi-System,info@innsbrucksc.at,Club sporting director / first-team office
2843,Sherzod Rashidov,FW,21,Uzbekistan,Uzbekistan Reserve League,3,Bukhara SC,87300,yes,0,-5.3,,30.203998170768344,0.0,No,2029,2072,Flexible / Multi-System,info@bukharasc.uz,Club sporting director / first-team office
4797,Philipp Mayer-Bauer,MF,24,Austria,Austria Reserve League,2,Innsbruck Athletic,104840,no,104840,-5.4,,60.799552205821186,0.0,No,2027,1095,Flexible / Multi-System,info@innsbruckathletic.at,Club sporting director / first-team office
2704,Hussein Salim-Jabbar,FW,19,Iraq,Iraq Second Division,3,Basra Athletic,85117,no,85117,-5.5,,49.478352534065955,0.0,Yes,2026,2467,Flexible / Multi-System,info@basraathletic.iq,Go through the player's agent - ask the club to confirm representation first
3090,Yuto Watanabe-Ito,FW,19,Japan,Japan Second Division - West,2,Nagoya FC,77558,no,77558,-5.5,,40.02691771883044,0.0,Yes,2027,2654,Flexible / Multi-System,info@nagoyafc.jp,Go through the player's agent - ask the club to confirm representation first
3987,Chanda Banda-Tembo,DF,18,Zambia,Zambia Amateur League,4,Lusaka FC,101622,no,101622,-5.5,,32.62932653631252,0.0,Yes,2028,1664,High Press / Gegenpressing,info@lusakafc.zm,Go through the player's agent - ask the club to confirm representation first
3800,Ened Duro-Meta,MF,21,Albania,Albania Amateur League,3,Durres SC,64100,yes,0,-5.5,,40.8246123345855,0.0,Unknown,2028,1861,Flexible / Multi-System,info@durressc.al,Club sporting director / first-team office
1759,Federico Silva-Acosta,DF,23,Uruguay,Uruguay Third Tier - North,2,Paysandu City,95400,yes,0,-5.6,,43.50498897018556,0.0,No,2028,1688,Flexible / Multi-System,info@paysanducity.uy,Club sporting director / first-team office
2192,Uros Jovanovic-Krstic,FW,25,Serbia,Serbia Second Division - West,2,Dobanovci United,93735,no,93735,-5.7,,29.7590173234498,0.0,No,2029,2028,Flexible / Multi-System,info@dobanovciunited.rs,Club sporting director / first-team office
3271,Rok Kranjc,FW,20,Slovenia,Slovenia Regional League,3,Koper FC,107000,yes,0,-5.8,,66.45079234492547,0.0,No,2026,1222,High Press / Gegenpressing,info@koperfc.si,Club sporting director / first-team office
187,Ahmed Mahmoud,MF,26,Iraq,Iraq Regional League,3,Basra SC,87382,no,87382,-5.8,,69.17491982600876,0.0,Unknown,2026,1719,Flexible / Multi-System,info@basrasc.iq,Club sporting director / first-team office
1300,Matias Sanchez-Perez,FW,18,Paraguay,Paraguay Third Tier - South,3,Luque FC,84380,no,84380,-5.9,,28.89125136184399,0.0,No,2029,2259,Flexible / Multi-System,info@luquefc.py,Club sporting director / first-team office
2056,Bledi Duro-Hoxha,FW,17,Albania,Albania Second Division - East,3,Durres Rovers,82221,no,82221,-6.0,,10.407363491949015,0.0,Unknown,2029,1874,Flexible / Multi-System,info@durresrovers.al,"Club youth/academy office ONLY - player is a minor, do not contact directly"
2174,Martin Kucera,DF,23,Czechia,Czechia Third Tier - North,3,Ostrava Rangers,105175,no,105175,-6.0,,55.2836544187474,0.0,Yes,2026,1179,Counter-Attack / Transition,info@ostravarangers.cz,Go through the player's agent - ask the club to confirm representation first
2312,Nejc Zupan-Novak,DF,23,Slovenia,Slovenia Third Tier - South,2,Koper Athletic,101900,yes,0,-6.0,,26.544476403483063,0.0,Unknown,2029,1507,Flexible / Multi-System,info@koperathletic.si,Club sporting director / first-team office
1291,Nico Muller-Baumann,MF,22,Switzerland,Switzerland Second Division - East,4,Aarau SC,92800,yes,0,-6.1,,49.32376898824241,0.0,No,2028,1139,Possession / Build-from-the-Back,info@aarausc.ch,Club sporting director / first-team office
2519,Jan Vesely,DF,17,Czechia,Czechia Reserve League,3,Ceske Budejovice Rangers,63289,no,63289,-6.1,,20.311192792704475,0.0,Yes,2026,2306,Flexible / Multi-System,info@ceskebudejovicerangers.cz,"Club youth/academy office ONLY - player is a minor, do not contact directly"
983,Vasil Angelovski-Mitrovski,MF,21,North Macedonia,North Macedonia Third Tier - North,2,Stip United,82800,yes,0,-6.1,,36.46025841997976,0.0,Unknown,2028,1943,Flexible / Multi-System,info@stipunited.mk,Club sporting director / first-team office
462,Ivan Kovacevic-Radic,DF,21,Croatia,Croatia Second Division - West,3,Rudes Rovers,73000,yes,0,-6.2,,40.36281029539244,0.0,Unknown,2028,2021,Flexible / Multi-System,info@rudesrovers.hr,Club sporting director / first-team office
4755,Sardor Rashidov-Tashkentov,DF,17,Uzbekistan,Uzbekistan Second Division - East,2,Andijan Athletic,106097,no,106097,-6.2,,24.294471951879192,0.0,No,2026,2372,Flexible / Multi-System,info@andijanathletic.uz,"Club youth/academy office ONLY - player is a minor, do not contact directly"
1763,Franco Fernandez-Vargas,FW,26,Bolivia,Bolivia Amateur League,3,Oruro Athletic,95735,no,95735,-6.2,,60.29162182507974,0.0,Unknown,2027,1401,Counter-Attack / Transition,info@oruroathletic.bo,Club sporting director / first-team office
4759,Nattapong Srisawat-Rattanakosin,GK,21,Thailand,Thailand Provincial League,2,Nonthaburi SC,84866,no,84866,-6.2,,58.3515739969527,0.0,Unknown,2026,1977,Shot-Stopper / Traditional,info@nonthaburisc.th,Club sporting director / first-team office
4971,Nemanja Jovanovic-Stankovic,MF,19,Serbia,Serbia Third Tier - South,2,Cacak SC,68914,no,68914,-6.3,,55.41433937578963,0.0,No,2027,2515,Flexible / Multi-System,info@cacaksc.rs,Club sporting director / first-team office
1112,Sota Watanabe-Sato,DF,22,Japan,Japan Reserve League,4,Osaka FC,82300,yes,0,-6.4,,49.844726502499284,0.0,No,2028,1341,Counter-Attack / Transition,info@osakafc.jp,Club sporting director / first-team office
4025,Ali Hassan,MF,22,Iraq,Iraq Third Tier - South,3,Najaf Athletic,113500,yes,0,-6.5,,30.811848376622432,0.0,No,2029,1331,Possession / Build-from-the-Back,info@najafathletic.iq,Club sporting director / first-team office
4012,Roman Godoy-Escobar,MF,21,Panama,Panama Regional League,2,David SC,85400,yes,0,-6.5,,64.9059934049486,0.0,No,2026,1972,Flexible / Multi-System,info@davidsc.pa,Club sporting director / first-team office
2489,Hoang Le,DF,17,Vietnam,Vietnam Second Division - West,3,Da Nang Town,106482,no,106482,-6.5,,26.591606049478116,0.0,No,2026,1740,High Press / Gegenpressing,info@danangtown.vn,"Club youth/academy office ONLY - player is a minor, do not contact directly"
4182,Ji-ho Kim-Jung,DF,20,South Korea,South Korea Second Division,2,Busan Rangers,63239,no,63239,-6.6,,50.16690261446411,0.0,Unknown,2027,2476,Flexible / Multi-System,info@busanrangers.kr,Club sporting director / first-team office
4823,Karlo Kovac-Kovacevic,DF,20,Croatia,Croatia Reserve League,3,Osijek Rovers,119550,no,119550,-6.6,,28.023780495026323,0.0,No,2029,1269,Possession / Build-from-the-Back,info@osijekrovers.hr,Club sporting director / first-team office
1712,Ardit Meta,GK,17,Albania,Albania Third Tier - North,3,Elbasan SC,89882,no,89882,-6.6,,21.305505973343923,0.0,Unknown,2027,1202,Sweeper-Keeper / High Line,info@elbasansc.al,"Club youth/academy office ONLY - player is a minor, do not contact directly"
2051,Andre Mbia-Fotso,MF,24,Cameroon,Cameroon Third Tier - South,2,Douala Wanderers,96438,no,96438,-6.6,,29.68508352360547,0.0,No,2029,1458,Possession / Build-from-the-Back,info@doualawanderers.cm,Club sporting director / first-team office
2613,Vidar Bjornsson-Olafsson,MF,25,Iceland,Iceland Second Division - East,2,Hafnarfjordur City,82414,no,82414,-6.7,,27.04203168886979,0.0,Unknown,2029,1688,Flexible / Multi-System,info@hafnarfjordurcity.is,Club sporting director / first-team office
3146,Zsolt Kovacs,DF,21,Hungary,Hungary Third Tier - South,4,Szeged Town,61700,yes,0,-6.7,,69.00602184993943,0.0,No,2027,2043,Flexible / Multi-System,info@szegedtown.hu,Club sporting director / first-team office
4595,Andre Ngoy-Njie,DF,24,Cameroon,Cameroon Third Tier - North,3,Douala Athletic,102100,yes,0,-6.7,,66.72391060898208,0.0,No,2027,1441,Possession / Build-from-the-Back,info@doualaathletic.cm,Club sporting director / first-team office
2748,Jakub Szymanski,MF,21,Poland,Poland Third Tier - North,3,Legnica Rovers,64000,yes,0,-6.7,,72.88218215684033,0.0,No,2026,1954,Flexible / Multi-System,info@legnicarovers.pl,Club sporting director / first-team office
3133,Eric Mbia-Onana,DF,24,Cameroon,Cameroon Second Division - West,2,Douala Wanderers,113000,yes,0,-6.8,,42.865232321850044,0.0,No,2028,1473,Flexible / Multi-System,info@doualawanderers.cm,Club sporting director / first-team office
2834,Mustafa Hassan-Salim,MF,20,Iraq,Iraq Second Division - West,2,Baghdad Athletic,113674,no,113674,-6.8,,38.71008510397004,0.0,Yes,2027,1549,High Press / Gegenpressing,info@baghdadathletic.iq,Go through the player's agent - ask the club to confirm representation first
1812,Remo Weber,FW,24,Switzerland,Switzerland Reserve League,3,St. Gallen SC,62888,no,62888,-6.8,,36.055375923028045,0.0,Yes,2028,2172,Flexible / Multi-System,info@stgallensc.ch,Go through the player's agent - ask the club to confirm representation first
2734,Hoang Pham-Nguyen,GK,26,Vietnam,Vietnam Regional League,2,Hai Phong City,100287,no,100287,-6.8,,38.91975087410567,0.0,Unknown,2028,1441,Flexible / Multi-System,info@haiphongcity.vn,Club sporting director / first-team office
2178,Kemar Campbell,MF,22,Jamaica,Jamaica Second Division - West,2,Kingston Rangers,97000,yes,0,-6.9,,37.53458154833686,0.0,Unknown,2028,1722,Flexible / Multi-System,info@kingstonrangers.jm,Club sporting director / first-team office
2980,Omar Salim-Abbas,DF,23,Iraq,Iraq Second Division - East,3,Baghdad SC,78900,yes,0,-6.9,,48.431738414278826,0.0,No,2028,1909,Flexible / Multi-System,info@baghdadsc.iq,Club sporting director / first-team office
2682,Karlo Matic-Radic,FW,26,Croatia,Croatia Regional League,3,Osijek Town,97041,no,97041,-6.9,,76.28428679406991,0.0,No,2026,1337,Counter-Attack / Transition,info@osijektown.hr,Club sporting director / first-team office
4453,Somchai Srisawat-Sanguan,FW,20,Thailand,Thailand Second Division - East,3,Khon Kaen FC,117031,no,117031,-6.9,,30.00170575877324,0.0,Yes,2028,1652,Counter-Attack / Transition,info@khonkaenfc.th,Go through the player's agent - ask the club to confirm representation first
3511,Eric Etoo,MF,26,Cameroon,Cameroon Reserve League,2,Douala City,100647,no,100647,-6.9,,44.531962485679244,0.0,Yes,2027,1770,Flexible / Multi-System,info@doualacity.cm,Go through the player's agent - ask the club to confirm representation first
794,Igor Angelovski-Naumovski,DF,18,North Macedonia,North Macedonia Second Division,3,Tetovo Athletic,68482,no,68482,-7.0,,69.09685908029422,0.0,No,2026,2085,Flexible / Multi-System,info@tetovoathletic.mk,Club sporting director / first-team office
3192,Bledi Krasniqi-Duro,FW,22,Albania,Albania Third Tier - South,3,Durres Wanderers,67000,yes,0,-7.1,,47.24304676825444,0.0,No,2028,2071,Flexible / Multi-System,info@durreswanderers.al,Club sporting director / first-team office
225,Santiago Flores-Rodriguez,DF,26,Bolivia,Bolivia Second Division - East,2,Sucre Rovers,60459,no,60459,-7.2,,40.681890236961145,0.0,Unknown,2028,1594,Flexible / Multi-System,info@sucrerovers.bo,Club sporting director / first-team office
3647,Christian Etoo-Fotso,GK,18,Cameroon,Cameroon Reserve League,2,Yaounde Town,91675,no,91675,-7.2,,27.993072705157747,0.0,Yes,2028,1085,Flexible / Multi-System,info@yaoundetown.cm,Go through the player's agent - ask the club to confirm representation first
3726,Dusan Milic,MF,22,Serbia,Serbia Provincial League,3,Dobanovci Wanderers,85800,yes,0,-7.3,,31.575464802727797,0.0,No,2029,1749,Flexible / Multi-System,info@dobanovciwanderers.rs,Club sporting director / first-team office
515,Tim Kranjc-Horvat,DF,23,Slovenia,Slovenia Provincial League,2,Koper Rovers,85900,yes,0,-7.4,,43.906128471976594,0.0,No,2028,1722,Flexible / Multi-System,info@koperrovers.si,Club sporting director / first-team office
4862,Devon Brown,DF,19,Jamaica,Jamaica Second Division,2,Montego Bay Rangers,61672,no,61672,-7.4,,63.68890635429289,0.0,No,2026,2571,Flexible / Multi-System,info@montegobayrangers.jm,Club sporting director / first-team office
2424,Kelvin Banda-Phiri,MF,24,Zambia,Zambia Second Division - East,4,Kitwe SC,110147,no,110147,-7.4,,31.00907454630155,0.0,Unknown,2029,1009,Possession / Build-from-the-Back,info@kitwesc.zm,Club sporting director / first-team office
3338,Daniel Kovacs,MF,23,Hungary,Hungary Second Division - West,3,Szombathely SC,83583,no,83583,-7.4,,61.012010346082455,0.0,Unknown,2027,1578,Flexible / Multi-System,info@szombathelysc.hu,Club sporting director / first-team office
4867,Sherzod Yuldashev-Tashkentov,MF,26,Uzbekistan,Uzbekistan Third Tier - South,3,Tashkent Wanderers,77906,no,77906,-7.4,,49.863091742861315,0.0,Yes,2027,1773,Flexible / Multi-System,info@tashkentwanderers.uz,Go through the player's agent - ask the club to confirm representation first
3290,Sardor Yusupov-Rustamov,MF,21,Uzbekistan,Uzbekistan Regional League,3,Bukhara Town,95200,yes,0,-7.4,,51.3749953250283,0.0,Yes,2026,1848,High Press / Gegenpressing,info@bukharatown.uz,Go through the player's agent - ask the club to confirm representation first
3545,Andre Brown-Bailey,MF,22,Jamaica,Jamaica Third Tier - South,3,Spanish Town Rovers,98600,yes,0,-7.4,,45.672545094511605,0.0,No,2028,1376,Flexible / Multi-System,info@spanishtownrovers.jm,Club sporting director / first-team office
3551,Aleksandar Nikolic,DF,23,Serbia,Serbia Regional League,3,Vojvodina FC,73082,no,73082,-7.4,,50.142761202600234,0.0,Yes,2027,1964,Flexible / Multi-System,info@vojvodinafc.rs,Go through the player's agent - ask the club to confirm representation first
198,Josip Radic-Barisic,MF,23,Croatia,Croatia Amateur League,2,Rudes SC,91319,no,91319,-7.5,,55.29384692293715,0.0,Unknown,2027,1679,Flexible / Multi-System,info@rudessc.hr,Club sporting director / first-team office
4244,Nattapong Charoensuk-Wongsa,DF,20,Thailand,Thailand Third Tier - South,4,Chiang Mai Rovers,103367,no,103367,-7.5,,64.33384355516766,0.0,Unknown,2026,1316,High Press / Gegenpressing,info@chiangmairovers.th,Club sporting director / first-team office
2124,Matias Lopez-Sanchez,DF,21,Paraguay,Paraguay Reserve League,2,Encarnacion City,80000,yes,0,-7.5,,40.70030006442417,0.0,No,2028,2458,Flexible / Multi-System,info@encarnacioncity.py,Club sporting director / first-team office
1168,Matias Cardozo-Perez,MF,18,Paraguay,Paraguay Reserve League,3,Encarnacion United,112011,no,112011,-7.5,,41.26592221681801,0.0,No,2028,1375,High Press / Gegenpressing,info@encarnacionunited.py,Club sporting director / first-team office
3479,Sebastian Cardozo,MF,22,Paraguay,Paraguay Second Division - East,2,Encarnacion Wanderers,92600,yes,0,-7.6,,43.135376574764074,0.0,Yes,2027,1589,Flexible / Multi-System,info@encarnacionwanderers.py,Go through the player's agent - ask the club to confirm representation first
2217,Jakub Nowak-Mazur,GK,17,Poland,Poland Second Division - West,2,Rzeszow FC,115847,no,115847,-7.7,,10.266150646972113,0.0,No,2029,1981,Sweeper-Keeper / High Line,info@rzeszowfc.pl,"Club youth/academy office ONLY - player is a minor, do not contact directly"
1603,Liam Taylor-Brown,DF,26,New Zealand,New Zealand Regional League,2,Auckland Town,89868,no,89868,-7.8,,70.1420543463714,0.0,No,2026,1932,Flexible / Multi-System,info@aucklandtown.nz,Club sporting director / first-team office
4456,Bruno Acosta-Rodriguez,DF,24,Uruguay,Uruguay Reserve League,3,Paysandu Rovers,90842,no,90842,-7.8,,47.8381317536652,0.0,No,2028,1630,Flexible / Multi-System,info@paysandurovers.uy,Club sporting director / first-team office
1253,Andres Quinonez-Mendoza,DF,22,Ecuador,Ecuador Third Tier - North,2,Quito City,67800,yes,0,-7.9,,29.43896530124392,0.0,No,2029,2696,Flexible / Multi-System,info@quitocity.ec,Club sporting director / first-team office
3742,Otabek Karimov-Rashidov,DF,18,Uzbekistan,Uzbekistan Third Tier - North,2,Andijan FC,89145,no,89145,-7.9,,61.66844642834322,0.0,No,2026,1898,Flexible / Multi-System,info@andijanfc.uz,Club sporting director / first-team office
4296,Wuilker Rojas-Hernandez,MF,20,Venezuela,Venezuela Second Division - West,3,Barquisimeto Athletic,81716,no,81716,-7.9,,28.972464516146363,0.0,No,2029,1868,Flexible / Multi-System,info@barquisimetoathletic.ve,Club sporting director / first-team office
3065,Matias Lopez-Ramirez,GK,20,Paraguay,Paraguay Regional League,3,Encarnacion City,116999,no,116999,-7.9,,48.12001117085642,0.0,Yes,2026,2684,Shot-Stopper / Traditional,info@encarnacioncity.py,Go through the player's agent - ask the club to confirm representation first
2442,Kevin Chirinos-Mejia,GK,23,Honduras,Honduras Amateur League,2,La Ceiba Athletic,109071,no,109071,-7.9,,38.63486458388615,0.0,Unknown,2028,2527,Flexible / Multi-System,info@laceibaathletic.hn,Club sporting director / first-team office
4137,Matias Perez-Sanchez,FW,22,Paraguay,Paraguay Amateur League,3,Ciudad del Este Rovers,92061,no,92061,-8.0,,22.903068950095786,0.0,Yes,2029,1666,Flexible / Multi-System,info@ciudaddelesterovers.py,Go through the player's agent - ask the club to confirm representation first
3471,Emiliano Sanchez,FW,17,Paraguay,Paraguay Second Division - West,3,Encarnacion Athletic,119065,no,119065,-8.0,,16.418396720954625,0.0,No,2028,1558,Direct / Target Approach,info@encarnacionathletic.py,"Club youth/academy office ONLY - player is a minor, do not contact directly"
4061,Ivan Radic-Kovacevic,GK,26,Croatia,Croatia Amateur League,3,Belisce Athletic,72700,yes,0,-8.1,,35.60085662656027,0.0,Yes,2028,922,Sweeper-Keeper / High Line,info@belisceathletic.hr,Go through the player's agent - ask the club to confirm representation first
2029,Jefferson Mendoza-Chavez,FW,19,Ecuador,Ecuador Third Tier - North,2,Cuenca SC,109086,no,109086,-8.1,,18.830124224456707,0.0,Yes,2029,1808,Direct / Target Approach,info@cuencasc.ec,Go through the player's agent - ask the club to confirm representation first
4892,Marek Saar-Kukk,DF,23,Estonia,Estonia Second Division,2,Parnu Wanderers,74145,no,74145,-8.2,,45.738797647503375,0.0,Yes,2027,1905,Flexible / Multi-System,info@parnuwanderers.ee,Go through the player's agent - ask the club to confirm representation first
270,Kevin Zambrano-Mendoza,MF,19,Ecuador,Ecuador Second Division - West,4,Manta Athletic,82432,no,82432,-8.2,,64.16344693531047,0.0,No,2027,1652,High Press / Gegenpressing,info@mantaathletic.ec,Club sporting director / first-team office
2941,Matias Perez-Cardozo,GK,18,Paraguay,Paraguay Provincial League,4,Luque SC,101414,no,101414,-8.2,,63.01043895573347,0.0,No,2027,1687,Shot-Stopper / Traditional,info@luquesc.py,Club sporting director / first-team office
3716,Kwame Agyemang,GK,26,Ghana,Ghana Second Division - East,2,Accra Town,85421,no,85421,-8.2,,61.899136022264344,0.0,No,2027,2515,Shot-Stopper / Traditional,info@accratown.gh,Club sporting director / first-team office
1469,Erion Meta-Krasniqi,FW,21,Albania,Albania Reserve League,3,Tirana Wanderers,105200,yes,0,-8.2,,21.686887055811262,0.0,Yes,2029,1615,Counter-Attack / Transition,info@tiranawanderers.al,Go through the player's agent - ask the club to confirm representation first
1620,Anthony Palacios-Elvir,FW,21,Honduras,Honduras Third Tier - South,4,La Ceiba City,87600,yes,0,-8.3,,42.67271717594367,0.0,Unknown,2028,1683,Flexible / Multi-System,info@laceibacity.hn,Club sporting director / first-team office
4636,Vasil Naumovski,GK,18,North Macedonia,North Macedonia Second Division - East,4,Ohrid Rangers,108928,no,108928,-8.3,,56.26337441902179,0.0,Unknown,2027,2691,Shot-Stopper / Traditional,info@ohridrangers.mk,Club sporting director / first-team office
2294,Ahmed Jabbar,FW,19,Iraq,Iraq Second Division - West,2,Basra SC,84700,yes,0,-8.4,,28.187575929955248,0.0,Yes,2028,2513,Flexible / Multi-System,info@basrasc.iq,Go through the player's agent - ask the club to confirm representation first
3317,Amadou Diarra-Sidibe,FW,20,Mali,Mali Second Division - East,3,Mopti City,85066,no,85066,-8.4,,49.480947422445965,0.0,Yes,2026,1519,Flexible / Multi-System,info@mopticity.ml,Go through the player's agent - ask the club to confirm representation first
4490,Nam Nguyen,MF,18,Vietnam,Vietnam Regional League,4,Can Tho Rangers,93136,no,93136,-8.5,,30.76888666261074,0.0,No,2029,2060,Flexible / Multi-System,info@canthorangers.vn,Club sporting director / first-team office
1136,Sora Ito-Watanabe,MF,18,Japan,Japan Second Division,2,Fukuoka Town,113744,no,113744,-8.5,,53.03716715564102,0.0,No,2027,1688,Flexible / Multi-System,info@fukuokatown.jp,Club sporting director / first-team office
4959,Blaze Mitrovski-Stojanovski,FW,21,North Macedonia,North Macedonia Third Tier - North,2,Stip Rovers,78500,yes,0,-8.5,,20.321125121963615,0.0,Yes,2029,1944,Flexible / Multi-System,info@stiprovers.mk,Go through the player's agent - ask the club to confirm representation first
946,Phong Vu,GK,22,Vietnam,Vietnam Second Division,3,Can Tho Athletic,86027,no,86027,-8.6,,46.22095348575213,0.0,No,2028,2096,Shot-Stopper / Traditional,info@canthoathletic.vn,Club sporting director / first-team office
1029,Ziga Kranjc,GK,22,Slovenia,Slovenia Regional League,4,Celje Athletic,114529,no,114529,-8.6,,61.31093793424548,0.0,Unknown,2027,2511,Sweeper-Keeper / Build-from-the-Back,info@celjeathletic.si,Club sporting director / first-team office
1095,Irakli Lomidze-Gelashvili,GK,22,Georgia,Georgia Second Division,2,Kutaisi SC,76832,no,76832,-8.6,,31.115742547593094,0.0,Yes,2028,1806,Shot-Stopper / Traditional,info@kutaisisc.ge,Go through the player's agent - ask the club to confirm representation first
2008,Lukas Wagner,FW,18,Austria,Austria Second Division - East,4,Graz Wanderers,76007,no,76007,-8.6,,53.68021269997284,0.0,Yes,2026,2197,Flexible / Multi-System,info@grazwanderers.at,Go through the player's agent - ask the club to confirm representation first
4201,Ethan Taylor,FW,26,New Zealand,New Zealand Third Tier - North,2,Hamilton FC,61946,no,61946,-8.7,,45.18022451156087,0.0,No,2028,2487,Flexible / Multi-System,info@hamiltonfc.nz,Club sporting director / first-team office
2242,Mateo Flores-Torres,MF,22,Bolivia,Bolivia Second Division - East,3,Sucre Rovers,67077,no,67077,-8.7,,32.26299621999396,0.0,No,2029,1915,Flexible / Multi-System,info@sucrerovers.bo,Club sporting director / first-team office
3613,Roberts Berzins,MF,19,Latvia,Latvia Third Tier - North,3,Liepaja FC,80130,no,80130,-8.7,,42.493234429924904,0.0,No,2028,1742,Flexible / Multi-System,info@liepajafc.lv,Club sporting director / first-team office
1839,Callum Taylor-Mitchell,MF,23,New Zealand,New Zealand Third Tier - North,4,Wellington Wanderers,98307,no,98307,-8.8,,45.85638643749785,0.0,Unknown,2028,1360,Possession / Build-from-the-Back,info@wellingtonwanderers.nz,Club sporting director / first-team office
436,Hussein Salim-Mahmoud,FW,20,Iraq,Iraq Third Tier - South,3,Baghdad City,62300,yes,0,-8.8,,61.2112303215524,0.0,No,2027,2103,Flexible / Multi-System,info@baghdadcity.iq,Club sporting director / first-team office
556,Cheikh Sow,FW,18,Senegal,Senegal Second Division - West,2,Dakar Rovers,84685,no,84685,-8.8,,48.90130023665894,0.0,Unknown,2027,2478,Flexible / Multi-System,info@dakarrovers.sn,Club sporting director / first-team office
3568,Erion Meta-Shala,FW,26,Albania,Albania Reserve League,3,Elbasan Rovers,86522,no,86522,-8.8,,60.82779633877613,0.0,Unknown,2027,1808,Counter-Attack / Transition,info@elbasanrovers.al,Club sporting director / first-team office
4643,Luis Vargas,FW,20,Costa Rica,Costa Rica Regional League,3,San Jose Town,107517,no,107517,-8.8,,42.59071947318499,0.0,Yes,2027,1949,Direct / Target Approach,info@sanjosetown.cr,Go through the player's agent - ask the club to confirm representation first
1779,Peter Balaz,DF,26,Slovakia,Slovakia Amateur League,3,Zilina Rovers,91611,no,91611,-8.8,,23.827843475234523,0.0,Yes,2029,1428,Possession / Build-from-the-Back,info@zilinarovers.sk,Go through the player's agent - ask the club to confirm representation first
937,Junior Rojas-Gonzalez,MF,21,Venezuela,Venezuela Second Division - West,4,Caracas Wanderers,102700,yes,0,-8.9,,42.08302913966983,0.0,Unknown,2028,1514,High Press / Gegenpressing,info@caracaswanderers.ve,Club sporting director / first-team office
1666,Tomas Dvorak,FW,21,Czechia,Czechia Second Division - East,4,Zlin Rangers,66462,no,66462,-8.9,,33.22961183733191,0.0,No,2029,2092,Flexible / Multi-System,info@zlinrangers.cz,Club sporting director / first-team office
1727,Wojciech Kowalski-Szymanski,MF,22,Poland,Poland Second Division,2,Rzeszow Rovers,115327,no,115327,-8.9,,41.145820887393825,0.0,No,2028,1648,Flexible / Multi-System,info@rzeszowrovers.pl,Club sporting director / first-team office
440,Patrick Mbia-Njie,MF,21,Cameroon,Cameroon Second Division - West,4,Garoua Wanderers,72041,no,72041,-8.9,,48.311638621950976,0.0,No,2028,1597,Flexible / Multi-System,info@garouawanderers.cm,Club sporting director / first-team office
2542,Chai Srisawat-Rattanakosin,MF,18,Thailand,Thailand Second Division - West,2,Chiang Mai Town,69505,no,69505,-8.9,,35.30856943691953,0.0,Unknown,2028,2174,Flexible / Multi-System,info@chiangmaitown.th,Club sporting director / first-team office
706,Stefan Olafsson-Karlsson,DF,20,Iceland,Iceland Second Division - West,3,Keflavik United,117280,no,117280,-9.0,,57.915087463618136,0.0,No,2027,1429,Flexible / Multi-System,info@keflavikunited.is,Club sporting director / first-team office
332,Giorgi Kiknadze-Lomidze,MF,22,Georgia,Georgia Second Division - East,2,Tbilisi Rangers,107400,yes,0,-9.0,,58.34165801763,0.0,No,2027,1956,Flexible / Multi-System,info@tbilisirangers.ge,Club sporting director / first-team office
3398,Saba Beridze,MF,19,Georgia,Georgia Provincial League,4,Batumi SC,101137,no,101137,-9.0,,30.547800074539364,0.0,No,2029,1726,High Press / Gegenpressing,info@batumisc.ge,Club sporting director / first-team office
3052,Kwabena Agyemang,DF,24,Ghana,Ghana Second Division - East,4,Tamale FC,66334,no,66334,-9.0,,47.46232961138239,0.0,Unknown,2028,1246,Flexible / Multi-System,info@tamalefc.gh,Club sporting director / first-team office
3587,Sander Kask-Pikk,DF,17,Estonia,Estonia Third Tier - South,4,Tallinn Athletic,118244,no,118244,-9.0,,15.856975487713392,0.0,Unknown,2028,1601,Counter-Attack / Transition,info@tallinnathletic.ee,"Club youth/academy office ONLY - player is a minor, do not contact directly"
2448,Daniel Horvath,DF,17,Hungary,Hungary Reserve League,2,Pecs SC,113661,no,113661,-9.0,,9.239765735622184,0.0,Unknown,2029,2181,Flexible / Multi-System,info@pecssc.hu,"Club youth/academy office ONLY - player is a minor, do not contact directly"
3433,Pongsak Charoensuk-Rattanakosin,DF,26,Thailand,Thailand Reserve League,3,Khon Kaen Wanderers,87609,no,87609,-9.2,,49.353578114113944,0.0,Yes,2027,1562,Flexible / Multi-System,info@khonkaenwanderers.th,Go through the player's agent - ask the club to confirm representation first
1580,Jean Mbia-Onana,GK,22,Cameroon,Cameroon Third Tier - South,2,Yaounde FC,111457,no,111457,-9.2,,41.26889116809389,0.0,No,2028,1700,Shot-Stopper / Traditional,info@yaoundefc.cm,Club sporting director / first-team office
1011,Kristers Liepa-Ozols,MF,22,Latvia,Latvia Amateur League,3,Jelgava SC,66700,yes,0,-9.2,,23.558047481731915,0.0,Yes,2029,1749,Flexible / Multi-System,info@jelgavasc.lv,Go through the player's agent - ask the club to confirm representation first
3580,Janis Vitols-Kalns,DF,17,Latvia,Latvia Second Division,3,Riga Town,71598,no,71598,-9.2,,15.423659877989913,0.0,Unknown,2028,1987,Flexible / Multi-System,info@rigatown.lv,"Club youth/academy office ONLY - player is a minor, do not contact directly"
2845,Edgars Kalns,MF,20,Latvia,Latvia Amateur League,2,Riga Wanderers,73700,yes,0,-9.2,,26.70140755402111,0.0,No,2029,2386,Flexible / Multi-System,info@rigawanderers.lv,Club sporting director / first-team office
639,Duc Tran-Vu,FW,19,Vietnam,Vietnam Regional League,3,Da Nang SC,119320,no,119320,-9.3,,36.873882490379515,0.0,Unknown,2028,1416,High Press / Gegenpressing,info@danangsc.vn,Club sporting director / first-team office
2006,Anon Rattanakosin-Boonmee,MF,21,Thailand,Thailand Reserve League,4,Chiang Mai Rovers,100700,yes,0,-9.3,,75.24788470932872,0.0,No,2026,1432,Flexible / Multi-System,info@chiangmairovers.th,Club sporting director / first-team office
4055,Seo-jun Choi-Kim,MF,25,South Korea,South Korea Third Tier - North,2,Daejeon Rangers,67381,no,67381,-9.3,,63.19743722577768,0.0,No,2027,2064,Flexible / Multi-System,info@daejeonrangers.kr,Club sporting director / first-team office
1406,Ha-joon Jung-Park,DF,21,South Korea,South Korea Third Tier - South,4,Daejeon Town,99502,no,99502,-9.4,,32.07673511819274,0.0,No,2029,922,High Press / Gegenpressing,info@daejeontown.kr,Club sporting director / first-team office
3482,Luka Gelashvili,FW,17,Georgia,Georgia Reserve League,4,Kutaisi Wanderers,65812,no,65812,-9.5,,13.557444436890984,0.0,Yes,2028,2367,Flexible / Multi-System,info@kutaisiwanderers.ge,"Club youth/academy office ONLY - player is a minor, do not contact directly"
1246,Balazs Varga-Nagy,MF,22,Hungary,Hungary Third Tier - North,4,Debrecen United,64600,yes,0,-9.5,,59.59518207601992,0.0,Yes,2026,1854,Flexible / Multi-System,info@debrecenunited.hu,Go through the player's agent - ask the club to confirm representation first
1878,Do-yun Kim-Choi,FW,22,South Korea,South Korea Regional League,2,Busan City,103000,yes,0,-9.6,,28.381273753671532,0.0,No,2029,1959,Flexible / Multi-System,info@busancity.kr,Club sporting director / first-team office
2520,Juraj Horvath,FW,23,Slovakia,Slovakia Provincial League,2,Trnava SC,63808,no,63808,-9.6,,40.490429504913266,0.0,Unknown,2028,2024,Flexible / Multi-System,info@trnavasc.sk,Club sporting director / first-team office
2725,Petar Nikolic-Kovacevic,FW,23,Montenegro,Montenegro Third Tier - South,2,Danilovgrad Rovers,81855,no,81855,-9.6,,45.344587077185345,0.0,Yes,2027,1884,Flexible / Multi-System,info@danilovgradrovers.me,Go through the player's agent - ask the club to confirm representation first
792,Luis Solano-Campos,FW,18,Costa Rica,Costa Rica Second Division - East,3,Cartago SC,73755,no,73755,-9.6,,42.80259608422705,0.0,No,2028,2386,Flexible / Multi-System,info@cartagosc.cr,Club sporting director / first-team office
2082,Carlos Castillo-Ramirez,MF,17,Costa Rica,Costa Rica Third Tier - North,2,San Jose FC,90802,no,90802,-9.7,,21.637182358682374,0.0,No,2027,2282,Flexible / Multi-System,info@sanjosefc.cr,"Club youth/academy office ONLY - player is a minor, do not contact directly"
2481,Martin Molnar-Urban,MF,22,Slovakia,Slovakia Third Tier - North,2,Zilina Wanderers,68281,no,68281,-9.7,,38.70551642769867,0.0,Unknown,2028,2537,Flexible / Multi-System,info@zilinawanderers.sk,Club sporting director / first-team office
395,Jose Morales-Vargas,MF,23,Costa Rica,Costa Rica Amateur League,2,Alajuela Athletic,68431,no,68431,-9.8,,63.111988900318146,0.0,No,2027,2107,Flexible / Multi-System,info@alajuelaathletic.cr,Club sporting director / first-team office
1499,Marlon Palacios,GK,23,Honduras,Honduras Second Division - East,2,La Ceiba City,77786,no,77786,-9.8,,30.24865832552918,0.0,No,2029,1262,Flexible / Multi-System,info@laceibacity.hn,Club sporting director / first-team office
1761,Yves Bamba-Diabate,GK,19,Ivory Coast,Ivory Coast Third Tier - North,4,Abidjan United,77537,no,77537,-9.8,,31.266375084152607,0.0,No,2029,1622,Shot-Stopper / Traditional,info@abidjanunited.ci,Club sporting director / first-team office
4064,Andre Brown-Reid,GK,21,Jamaica,Jamaica Regional League,4,May Pen FC,117330,no,117330,-9.8,,28.409040085295096,0.0,Unknown,2029,957,Sweeper-Keeper / Build-from-the-Back,info@maypenfc.jm,Club sporting director / first-team office
3015,Rodrigo Perez,FW,20,Paraguay,Paraguay Second Division - East,3,Encarnacion City,89900,yes,0,-9.8,,37.79873826913041,0.0,Unknown,2028,2016,Flexible / Multi-System,info@encarnacioncity.py,Club sporting director / first-team office
3518,Agustin Gonzalez,FW,26,Uruguay,Uruguay Second Division - West,4,Salto Town,93535,no,93535,-9.8,,37.40948508483625,0.0,Yes,2028,1717,Flexible / Multi-System,info@saltotown.uy,Go through the player's agent - ask the club to confirm representation first
4232,Michael Godoy-Escobar,FW,19,Panama,Panama Provincial League,2,David FC,98524,no,98524,-9.8,,26.031706118159917,0.0,No,2029,2211,Flexible / Multi-System,info@davidfc.pa,Club sporting director / first-team office
3993,Marco Frei-Bianchi,MF,21,Switzerland,Switzerland Reserve League,4,St. Gallen Rovers,102185,no,102185,-9.8,,66.02608819021387,0.0,No,2027,1343,High Press / Gegenpressing,info@stgallenrovers.ch,Club sporting director / first-team office
3044,Sota Tanaka-Sato,DF,22,Japan,Japan Second Division - West,4,Nagoya Wanderers,100300,yes,0,-9.9,,69.03189889081558,0.0,No,2027,1071,Counter-Attack / Transition,info@nagoyawanderers.jp,Club sporting director / first-team office
3178,Ali Kareem-Hassan,DF,24,Iraq,Iraq Second Division - West,3,Najaf Town,92900,yes,0,-10.0,,47.74445285487541,0.0,No,2028,1465,Flexible / Multi-System,info@najaftown.iq,Club sporting director / first-team office
3413,Filip Vukotic-Jovanovic,DF,22,Montenegro,Montenegro Third Tier - North,3,Podgorica Town,75700,yes,0,-10.0,,74.96662061107672,0.0,No,2026,2643,Flexible / Multi-System,info@podgoricatown.me,Club sporting director / first-team office
3050,Nejc Novak-Horvat,MF,21,Slovenia,Slovenia Reserve League,2,Kranj Rovers,86400,yes,0,-10.0,,64.8399113682652,0.0,No,2026,2285,Flexible / Multi-System,info@kranjrovers.si,Club sporting director / first-team office
136,Abdoulaye Gueye-Diallo,FW,25,Senegal,Senegal Amateur League,3,Dakar Athletic,68404,no,68404,-10.0,,49.04047461223659,0.0,No,2028,1575,Flexible / Multi-System,info@dakarathletic.sn,Club sporting director / first-team office
2501,Dusan Petrovic-Ilic,FW,22,Serbia,Serbia Regional League,3,Dobanovci SC,73500,yes,0,-10.0,,66.03379387150335,0.0,No,2027,1759,Flexible / Multi-System,info@dobanovcisc.rs,Club sporting director / first-team office
445,Enock Mwansa,GK,21,Zambia,Zambia Third Tier - North,2,Livingstone Town,64200,yes,0,-10.0,,41.49145550572205,0.0,No,2028,1926,Shot-Stopper / Traditional,info@livingstonetown.zm,Club sporting director / first-team office
3784,Carlos Preciado-Mendoza,DF,21,Ecuador,Ecuador Provincial League,3,Quito FC,62968,no,62968,-10.0,,40.888309547076645,0.0,Unknown,2028,2253,Flexible / Multi-System,info@quitofc.ec,Club sporting director / first-team office
2608,Given Banda-Zulu,MF,22,Zambia,Zambia Third Tier - North,3,Kitwe Rovers,119726,no,119726,-10.0,,30.668207890165416,0.0,No,2029,1378,Flexible / Multi-System,info@kitwerovers.zm,Club sporting director / first-team office
1672,Edgars Ozols-Berzins,MF,22,Latvia,Latvia Third Tier - South,3,Liepaja SC,88700,yes,0,-10.0,,33.64314132183727,0.0,Yes,2028,1742,Flexible / Multi-System,info@liepajasc.lv,Go through the player's agent - ask the club to confirm representation first
417,Wuilker Martinez-Perez,DF,23,Venezuela,Venezuela Provincial League,3,Barquisimeto United,65135,no,65135,-10.1,,62.35795937930629,0.0,Unknown,2027,1861,Flexible / Multi-System,info@barquisimetounited.ve,Club sporting director / first-team office
3652,Anthony Elvir-Martinez,DF,22,Honduras,Honduras Provincial League,4,San Pedro Sula Athletic,72322,no,72322,-10.2,,50.411606839468064,0.0,No,2028,1642,Flexible / Multi-System,info@sanpedrosulaathletic.hn,Club sporting director / first-team office
2213,Kemar Lowe-Powell,MF,23,Jamaica,Jamaica Amateur League,3,Spanish Town Town,117400,yes,0,-10.2,,42.02984121152743,0.0,Unknown,2028,1276,Counter-Attack / Transition,info@spanishtowntown.jm,Club sporting director / first-team office
1757,Lukas Horvath,FW,23,Slovakia,Slovakia Amateur League,3,Trnava SC,83900,yes,0,-10.2,,67.88003736695232,0.0,No,2027,1643,Counter-Attack / Transition,info@trnavasc.sk,Club sporting director / first-team office
3979,Diego Rodriguez-Fernandez,MF,20,Bolivia,Bolivia Second Division - West,2,Oruro Wanderers,67100,yes,0,-10.3,,39.41748342581373,0.0,No,2028,2548,Flexible / Multi-System,info@orurowanderers.bo,Club sporting director / first-team office
2208,Karl Pikk-Kask,FW,17,Estonia,Estonia Third Tier - North,3,Narva Town,111248,no,111248,-10.4,,11.280328149491144,0.0,No,2029,1712,Flexible / Multi-System,info@narvatown.ee,"Club youth/academy office ONLY - player is a minor, do not contact directly"
981,Wilfried Traore,DF,23,Ivory Coast,Ivory Coast Provincial League,3,Yamoussoukro United,108480,no,108480,-10.4,,47.10111618760991,0.0,No,2028,1574,Flexible / Multi-System,info@yamoussoukrounited.ci,Club sporting director / first-team office
2038,Tim Horvat-Novak,FW,24,Slovenia,Slovenia Second Division - West,3,Celje United,78844,no,78844,-10.5,,43.5197559153549,0.0,Unknown,2028,1681,Direct / Target Approach,info@celjeunited.si,Club sporting director / first-team office
3244,Enock Tembo,MF,22,Zambia,Zambia Third Tier - South,2,Ndola City,101000,yes,0,-10.5,,30.379945216303252,0.0,Yes,2028,2157,Flexible / Multi-System,info@ndolacity.zm,Go through the player's agent - ask the club to confirm representation first
488,Arturs Liepa-Berzins,MF,21,Latvia,Latvia Second Division - East,3,Jelgava United,66800,yes,0,-10.5,,52.99252188985027,0.0,Yes,2026,2021,Flexible / Multi-System,info@jelgavaunited.lv,Go through the player's agent - ask the club to confirm representation first
1596,Callum Smith-Mitchell,GK,25,New Zealand,New Zealand Amateur League,3,Hamilton Wanderers,66868,no,66868,-10.5,,24.493370472797004,0.0,Yes,2029,1661,Sweeper-Keeper / High Line,info@hamiltonwanderers.nz,Go through the player's agent - ask the club to confirm representation first
1486,Seo-jun Lee-Kim,DF,24,South Korea,South Korea Amateur League,3,Gwangju Rangers,110300,yes,0,-10.6,,59.54911327730271,0.0,Unknown,2027,1138,Possession / Build-from-the-Back,info@gwangjurangers.kr,Club sporting director / first-team office
1756,Yeferson Gonzalez-Rojas,DF,20,Venezuela,Venezuela Amateur League,2,Barquisimeto SC,106304,no,106304,-10.7,,18.872736813047762,0.0,Yes,2029,1636,Flexible / Multi-System,info@barquisimetosc.ve,Go through the player's agent - ask the club to confirm representation first
1318,Arturs N. Berzins,DF,24,Latvia,Latvia Amateur League,3,Jelgava Town,88798,no,88798,-10.7,,60.689754076663,0.0,Unknown,2027,1578,Flexible / Multi-System,info@jelgavatown.lv,Club sporting director / first-team office
1450,Philipp Bauer,MF,25,Austria,Austria Third Tier - South,3,Wels Athletic,93133,no,93133,-10.7,,23.793514259110168,0.0,Yes,2029,1435,Possession / Build-from-the-Back,info@welsathletic.at,Go through the player's agent - ask the club to confirm representation first
2304,Omar Kareem-Abbas,MF,17,Iraq,Iraq Amateur League,4,Basra Rangers,95601,no,95601,-10.7,,12.279455193611305,0.0,No,2029,1861,Flexible / Multi-System,info@basrarangers.iq,"Club youth/academy office ONLY - player is a minor, do not contact directly"
940,Jon Einarsson-Gudmundsson,GK,22,Iceland,Iceland Reserve League,2,Akureyri United,69900,yes,0,-10.8,,42.988564228518094,0.0,No,2028,1314,Shot-Stopper / Traditional,info@akureyriunited.is,Club sporting director / first-team office
1464,Patrick Etoo-Njie,DF,25,Cameroon,Cameroon Provincial League,2,Garoua SC,72776,no,72776,-10.8,,56.40296574044113,0.0,Unknown,2027,2337,Flexible / Multi-System,info@garouasc.cm,Club sporting director / first-team office
3355,Nejc Zupan-Krajnc,DF,23,Slovenia,Slovenia Amateur League,4,Maribor United,68100,yes,0,-10.8,,38.46286196916588,0.0,Yes,2028,1893,Flexible / Multi-System,info@mariborunited.si,Go through the player's agent - ask the club to confirm representation first
716,Martin Svoboda-Novak,MF,23,Czechia,Czechia Amateur League,4,Ceske Budejovice Town,64400,yes,0,-10.8,,26.39823568080858,0.0,Yes,2029,1810,Flexible / Multi-System,info@ceskebudejovicetown.cz,Go through the player's agent - ask the club to confirm representation first
1268,Serge Kouassi,MF,21,Ivory Coast,Ivory Coast Second Division - West,2,Yamoussoukro Rovers,77969,no,77969,-10.9,,51.64772230782032,0.0,Unknown,2027,2147,Flexible / Multi-System,info@yamoussoukrorovers.ci,Club sporting director / first-team office
1971,Ardit Duro-Bardhi,MF,17,Albania,Albania Regional League,3,Vlore United,71369,no,71369,-10.9,,15.427983885184204,0.0,Unknown,2028,2627,Flexible / Multi-System,info@vloreunited.al,"Club youth/academy office ONLY - player is a minor, do not contact directly"
100,Giorgi Kapanadze-Gelashvili,FW,17,Georgia,Georgia Second Division,3,Rustavi SC,115433,no,115433,-10.9,,23.19823431083714,0.0,No,2027,1621,Flexible / Multi-System,info@rustavisc.ge,"Club youth/academy office ONLY - player is a minor, do not contact directly"
2119,Min-jun Choi,FW,17,South Korea,South Korea Regional League,2,Daegu Wanderers,105080,no,105080,-10.9,,17.745730972068287,0.0,Yes,2026,2130,High Press / Gegenpressing,info@daeguwanderers.kr,"Club youth/academy office ONLY - player is a minor, do not contact directly"
2907,Moussa Diop,DF,17,Senegal,Senegal Provincial League,3,Dakar Town,70644,no,70644,-11.0,,24.76660972032337,0.0,Unknown,2026,2133,Flexible / Multi-System,info@dakartown.sn,"Club youth/academy office ONLY - player is a minor, do not contact directly"
4351,Minh Le-Nguyen,GK,24,Vietnam,Vietnam Second Division - West,2,Da Nang United,81178,no,81178,-11.0,,44.12387954064037,0.0,No,2028,2565,Flexible / Multi-System,info@danangunited.vn,Club sporting director / first-team office
725,Piotr Wojcik-Kaminski,MF,25,Poland,Poland Reserve League,4,Gdynia SC,119899,no,119899,-11.0,,63.50406913152869,0.0,Unknown,2027,873,Possession / Build-from-the-Back,info@gdyniasc.pl,Club sporting director / first-team office
3969,Emiliano Perez-Lopez,FW,26,Paraguay,Paraguay Second Division,2,Asuncion City,85201,no,85201,-11.1,,61.91310483605884,0.0,No,2027,1616,Direct / Target Approach,info@asuncioncity.py,Club sporting director / first-team office
4888,Erion Krasniqi-Bardhi,GK,18,Albania,Albania Second Division - West,4,Vlore City,96407,no,96407,-11.1,,63.2902152466815,0.0,No,2027,1242,Shot-Stopper / Traditional,info@vlorecity.al,Club sporting director / first-team office
1294,Facundo Silva-Acosta,GK,21,Uruguay,Uruguay Regional League,2,Montevideo City,105801,no,105801,-11.1,,55.965717819956005,0.0,No,2027,1652,Shot-Stopper / Traditional,info@montevideocity.uy,Club sporting director / first-team office
530,Luca Bianchi,MF,23,Switzerland,Switzerland Second Division,3,Sion United,80800,yes,0,-11.2,,43.426538523619776,0.0,Unknown,2028,1677,Flexible / Multi-System,info@sionunited.ch,Club sporting director / first-team office
1139,Nika Lomidze-Kapanadze,DF,25,Georgia,Georgia Regional League,2,Kutaisi SC,69386,no,69386,-11.2,,64.46693915267254,0.0,Unknown,2026,1892,Flexible / Multi-System,info@kutaisisc.ge,Club sporting director / first-team office
4804,Emmanuel Phiri-Banda,MF,22,Zambia,Zambia Second Division - West,3,Ndola SC,76700,yes,0,-11.2,,65.78801723798543,0.0,No,2027,2125,Flexible / Multi-System,info@ndolasc.zm,Club sporting director / first-team office
4696,Roman Barrios-Escobar,MF,23,Panama,Panama Third Tier - South,4,David Rovers,60900,yes,0,-11.2,,74.9919230972987,0.0,No,2027,2060,Flexible / Multi-System,info@davidrovers.pa,Club sporting director / first-team office
1210,Somchai Rattanakosin-Sanguan,DF,24,Thailand,Thailand Reserve League,2,Chiang Mai Wanderers,115574,no,115574,-11.2,,54.16586008843634,0.0,Unknown,2027,1740,Flexible / Multi-System,info@chiangmaiwanderers.th,Club sporting director / first-team office
2911,Facundo Acosta-Ferreira,DF,18,Uruguay,Uruguay Third Tier - North,2,Salto City,111964,no,111964,-11.2,,53.11041589377646,0.0,No,2027,1950,Flexible / Multi-System,info@saltocity.uy,Club sporting director / first-team office
1553,Phong Tran-Nguyen,MF,26,Vietnam,Vietnam Third Tier - North,3,Da Nang Wanderers,104964,no,104964,-11.3,,55.293369554852354,0.0,Yes,2026,1343,Counter-Attack / Transition,info@danangwanderers.vn,Go through the player's agent - ask the club to confirm representation first
2176,Markus Steiner,DF,18,Austria,Austria Amateur League,2,Graz Athletic,71807,no,71807,-11.3,,40.297665034821925,0.0,Yes,2027,2558,Flexible / Multi-System,info@grazathletic.at,Go through the player's agent - ask the club to confirm representation first
3674,Hoang Nguyen-Vu,DF,24,Vietnam,Vietnam Second Division,3,Can Tho Athletic,75076,no,75076,-11.3,,43.70663379721419,0.0,Unknown,2028,1287,Flexible / Multi-System,info@canthoathletic.vn,Club sporting director / first-team office
2277,Filip Perovic,FW,21,Montenegro,Montenegro Amateur League,4,Bar Rovers,115998,no,115998,-11.4,,65.29764588346492,0.0,No,2027,1067,High Press / Gegenpressing,info@barrovers.me,Club sporting director / first-team office
502,Ren Suzuki-Sato,FW,23,Japan,Japan Third Tier - North,3,Sendai Rangers,82700,yes,0,-11.5,,35.20164646492627,0.0,Yes,2028,1761,Flexible / Multi-System,info@sendairangers.jp,Go through the player's agent - ask the club to confirm representation first
900,Sekou Sidibe-Traore,DF,24,Mali,Mali Amateur League,2,Mopti Town,91500,yes,0,-11.6,,43.66416907005466,0.0,No,2028,1668,Flexible / Multi-System,info@moptitown.ml,Club sporting director / first-team office
527,Jean Mbia,FW,19,Cameroon,Cameroon Second Division,4,Douala SC,107714,no,107714,-11.6,,22.17206639017043,0.0,Yes,2029,1784,Counter-Attack / Transition,info@doualasc.cm,Go through the player's agent - ask the club to confirm representation first
251,Moussa Ndiaye-Faye,MF,21,Senegal,Senegal Second Division - East,3,Dakar Rovers,70900,yes,0,-11.6,,27.63764588707992,0.0,Unknown,2029,2295,Flexible / Multi-System,info@dakarrovers.sn,Club sporting director / first-team office
2495,Stefan Mayer-Huber,MF,23,Austria,Austria Reserve League,3,Klagenfurt City,85300,yes,0,-11.6,,56.30617798985721,0.0,Yes,2026,1647,Flexible / Multi-System,info@klagenfurtcity.at,Go through the player's agent - ask the club to confirm representation first
3066,Andre Reid-Bailey,MF,21,Jamaica,Jamaica Regional League,2,Spanish Town SC,75400,yes,0,-11.6,,40.91174390939898,0.0,No,2028,2034,Flexible / Multi-System,info@spanishtownsc.jm,Club sporting director / first-team office
3074,Ahmed Mahmoud-Hassan,DF,24,Iraq,Iraq Third Tier - North,3,Erbil City,82708,no,82708,-11.6,,61.06821815707405,0.0,Unknown,2027,1957,Flexible / Multi-System,info@erbilcity.iq,Club sporting director / first-team office
133,Martin Horak-Cerny,DF,22,Czechia,Czechia Reserve League,2,Pardubice Town,67100,yes,0,-11.7,,54.62391621979237,0.0,Unknown,2027,2016,Flexible / Multi-System,info@pardubicetown.cz,Club sporting director / first-team office
2043,Nikola Jovanovic,MF,26,Montenegro,Montenegro Provincial League,3,Berane SC,87331,no,87331,-11.8,,69.17845363257416,0.0,Unknown,2026,1258,Possession / Build-from-the-Back,info@beranesc.me,Club sporting director / first-team office
1683,Jon Bjornsson-Sigurdsson,GK,17,Iceland,Iceland Reserve League,4,Hafnarfjordur Town,88181,no,88181,-11.9,,11.111652719374312,0.0,Unknown,2029,2229,Shot-Stopper / Traditional,info@hafnarfjordurtown.is,"Club youth/academy office ONLY - player is a minor, do not contact directly"
4990,Vuk Perovic-Vukotic,DF,24,Montenegro,Montenegro Provincial League,3,Podgorica Wanderers,89300,yes,0,-11.9,,32.721653367359025,0.0,No,2029,1961,Flexible / Multi-System,info@podgoricawanderers.me,Club sporting director / first-team office
2906,Souleymane Traore-Keita,MF,19,Mali,Mali Second Division - East,3,Kayes City,80864,no,80864,-12.0,,53.75880955442347,0.0,Unknown,2027,2206,Flexible / Multi-System,info@kayescity.ml,Club sporting director / first-team office
1583,Filip Trajkovski-Mitrovski,MF,22,North Macedonia,North Macedonia Third Tier - South,4,Stip FC,105300,yes,0,-12.0,,78.23905576980893,0.0,No,2026,1330,Possession / Build-from-the-Back,info@stipfc.mk,Club sporting director / first-team office
392,Kwabena Appiah-Asante,DF,23,Ghana,Ghana Second Division,4,Kumasi City,62100,yes,0,-12.0,,76.56403839642262,0.0,Unknown,2026,2297,Flexible / Multi-System,info@kumasicity.gh,Club sporting director / first-team office
2061,Kristijan Angelovski,DF,24,North Macedonia,North Macedonia Second Division - West,3,Skopje FC,70800,yes,0,-12.0,,43.93147628712164,0.0,Unknown,2028,1475,Flexible / Multi-System,info@skopjefc.mk,Club sporting director / first-team office
4015,Sora Watanabe,GK,25,Japan,Japan Second Division - West,2,Sapporo Town,89690,no,89690,-12.0,,51.200504103389804,0.0,Yes,2026,1936,Flexible / Multi-System,info@sapporotown.jp,Go through the player's agent - ask the club to confirm representation first
1206,Phong Le-Vu,FW,21,Vietnam,Vietnam Third Tier - North,2,Da Nang Town,70000,yes,0,-12.0,,59.34316408403895,0.0,Unknown,2026,2533,Flexible / Multi-System,info@danangtown.vn,Club sporting director / first-team office
1677,Bakary Keita-Traore,DF,20,Mali,Mali Regional League,4,Sikasso SC,74790,no,74790,-12.0,,22.891206052839962,0.0,Yes,2029,2003,Flexible / Multi-System,info@sikassosc.ml,Go through the player's agent - ask the club to confirm representation first
2605,Jakub Svoboda-Dvorak,MF,20,Czechia,Czechia Amateur League,2,Ostrava United,69900,yes,0,-12.1,,55.34549931236901,0.0,No,2027,2372,Flexible / Multi-System,info@ostravaunited.cz,Club sporting director / first-team office
4738,Cheikh Faye-Ndiaye,MF,19,Senegal,Senegal Third Tier - North,4,Saint-Louis Town,96714,no,96714,-12.1,,32.770964191483664,0.0,Yes,2028,1540,Flexible / Multi-System,info@saintlouistown.sn,Go through the player's agent - ask the club to confirm representation first
756,Andre Fotso,DF,24,Cameroon,Cameroon Provincial League,4,Douala Rangers,65600,yes,0,-12.1,,84.80312365692578,0.0,No,2026,1528,Flexible / Multi-System,info@doualarangers.cm,Club sporting director / first-team office
1384,Michael Steiner-Moser,GK,21,Austria,Austria Second Division - East,2,Klagenfurt Rovers,80283,no,80283,-12.1,,27.789060686881353,0.0,No,2029,896,Flexible / Multi-System,info@klagenfurtrovers.at,Club sporting director / first-team office
4473,Jack Clarke-Mitchell,FW,26,New Zealand,New Zealand Provincial League,3,Wellington Rangers,103230,no,103230,-12.1,,29.030608278492704,0.0,Unknown,2029,1597,Counter-Attack / Transition,info@wellingtonrangers.nz,Club sporting director / first-team office
960,Kelvin Phiri-Banda,MF,22,Zambia,Zambia Third Tier - North,2,Kitwe SC,110000,yes,0,-12.2,,30.153883085461008,0.0,Yes,2028,1855,Low Block / Park the Bus,info@kitwesc.zm,Go through the player's agent - ask the club to confirm representation first
2890,Yves Toure-Bamba,DF,20,Ivory Coast,Ivory Coast Second Division,2,Bouake Rangers,99537,no,99537,-12.2,,61.07631782189271,0.0,No,2026,2132,Flexible / Multi-System,info@bouakerangers.ci,Club sporting director / first-team office
123,Janis Berzins-Vitols,MF,22,Latvia,Latvia Reserve League,4,Jelgava SC,112643,no,112643,-12.3,,24.17260440209469,0.0,Yes,2029,1159,Possession / Build-from-the-Back,info@jelgavasc.lv,Go through the player's agent - ask the club to confirm representation first
2564,Marlon Reid,MF,21,Jamaica,Jamaica Third Tier - North,3,Spanish Town Rovers,61301,no,61301,-12.3,,73.15747433371722,0.0,No,2026,2276,Flexible / Multi-System,info@spanishtownrovers.jm,Club sporting director / first-team office
2679,Facundo Rodriguez-Acosta,FW,21,Uruguay,Uruguay Second Division,4,Salto Wanderers,69300,yes,0,-12.3,,49.85321816473366,0.0,Yes,2027,2174,Flexible / Multi-System,info@saltowanderers.uy,Go through the player's agent - ask the club to confirm representation first
3907,Sota Tanaka-Watanabe,FW,22,Japan,Japan Second Division - East,4,Fukuoka Athletic,61100,yes,0,-12.5,,25.501689697289404,0.0,Yes,2029,2093,Flexible / Multi-System,info@fukuokaathletic.jp,Go through the player's agent - ask the club to confirm representation first
466,Christian Etoo,GK,26,Cameroon,Cameroon Reserve League,2,Bafoussam SC,61699,no,61699,-12.5,,72.48857957407809,0.0,No,2026,1980,Flexible / Multi-System,info@bafoussamsc.cm,Club sporting director / first-team office
1681,Sardor Yusupov 83,FW,18,Uzbekistan,Uzbekistan Second Division,3,Bukhara Rangers,105359,no,105359,-12.5,,58.46083906534007,0.0,No,2027,1910,Flexible / Multi-System,info@bukhararangers.uz,Club sporting director / first-team office
406,Andres Tamm-Kukk,MF,22,Estonia,Estonia Third Tier - South,2,Parnu Rovers,66629,no,66629,-12.5,,69.23784385363783,0.0,No,2026,2274,Flexible / Multi-System,info@parnurovers.ee,Club sporting director / first-team office
4633,Kelvin Mwansa,MF,22,Zambia,Zambia Second Division - East,3,Kitwe Town,72000,yes,0,-12.6,,67.65527161352179,0.0,Unknown,2026,1973,Flexible / Multi-System,info@kitwetown.zm,Club sporting director / first-team office
399,Mateusz Mazur,FW,21,Poland,Poland Reserve League,3,Bytom Town,65800,yes,0,-12.6,,22.59585760522432,0.0,Yes,2029,2405,Flexible / Multi-System,info@bytomtown.pl,Go through the player's agent - ask the club to confirm representation first
3037,Ibrahim Agyemang-Appiah,DF,23,Ghana,Ghana Third Tier - North,3,Kumasi Town,66500,yes,0,-12.7,,69.27465160725625,0.0,No,2027,2226,Flexible / Multi-System,info@kumasitown.gh,Club sporting director / first-team office
1740,Liam Wilson-Smith,FW,24,New Zealand,New Zealand Provincial League,2,Auckland City,63639,no,63639,-12.7,,52.76106413019041,0.0,Yes,2026,2191,Flexible / Multi-System,info@aucklandcity.nz,Go through the player's agent - ask the club to confirm representation first
3523,Agustin Pereira 28,MF,17,Uruguay,Uruguay Third Tier - South,2,Rivera Rovers,80239,no,80239,-12.7,,15.522203527492549,0.0,No,2028,2244,Flexible / Multi-System,info@riverarovers.uy,"Club youth/academy office ONLY - player is a minor, do not contact directly"
557,Jan Kovac-Kranjc,DF,24,Slovenia,Slovenia Regional League,3,Ljubljana Rovers,88400,yes,0,-12.8,,32.75066850014378,0.0,No,2029,1517,Flexible / Multi-System,info@ljubljanarovers.si,Club sporting director / first-team office
2299,Randall Ramirez-Vargas,FW,20,Costa Rica,Costa Rica Regional League,2,Cartago Rovers,75800,yes,0,-12.8,,40.10729945182212,0.0,Yes,2027,2184,Flexible / Multi-System,info@cartagorovers.cr,Go through the player's agent - ask the club to confirm representation first
1440,Lukas Wagner-Huber,DF,25,Austria,Austria Second Division,3,Innsbruck Rovers,111600,yes,0,-12.8,,34.29052165479957,0.0,Yes,2028,1100,Counter-Attack / Transition,info@innsbruckrovers.at,Go through the player's agent - ask the club to confirm representation first
1682,Omar Abbas-Mahmoud,DF,23,Iraq,Iraq Provincial League,3,Baghdad Wanderers,63300,yes,0,-12.8,,33.72189080086986,0.0,No,2029,1917,Flexible / Multi-System,info@baghdadwanderers.iq,Club sporting director / first-team office
165,Kristijan Ristovski-Mitrovski,DF,25,North Macedonia,North Macedonia Second Division - East,3,Negotino Athletic,116249,no,116249,-12.9,,59.27602861971515,0.0,Unknown,2027,1450,Flexible / Multi-System,info@negotinoathletic.mk,Club sporting director / first-team office
4817,Juraj Urban,DF,22,Slovakia,Slovakia Third Tier - South,2,Nitra Athletic,70900,yes,0,-12.9,,42.93516613294716,0.0,No,2028,2105,Flexible / Multi-System,info@nitraathletic.sk,Club sporting director / first-team office
2121,Filip Kovacevic-Nikolic,DF,19,Montenegro,Montenegro Third Tier - South,3,Niksic Wanderers,112755,no,112755,-13.0,,37.05692622945031,0.0,Unknown,2028,1792,High Press / Gegenpressing,info@niksicwanderers.me,Club sporting director / first-team office
2318,Chai Rattanakosin-Wongsa,MF,22,Thailand,Thailand Regional League,2,Nonthaburi Rangers,85600,yes,0,-13.1,,59.511402783067915,0.0,No,2027,2124,Flexible / Multi-System,info@nonthaburirangers.th,Club sporting director / first-team office
1067,Gentian Shala-Bardhi,MF,25,Albania,Albania Second Division - West,2,Shkoder Wanderers,61323,no,61323,-13.1,,72.5273615740949,0.0,No,2026,1995,Flexible / Multi-System,info@shkoderwanderers.al,Club sporting director / first-team office
1813,Moussa Gueye-Ndiaye,GK,24,Senegal,Senegal Second Division,2,Thies United,115109,no,115109,-13.1,,54.18497086105309,0.0,Unknown,2027,1739,Shot-Stopper / Traditional,info@thiesunited.sn,Club sporting director / first-team office
2945,Anthony Preciado-Mendoza,FW,18,Ecuador,Ecuador Second Division,2,Manta Rovers,105718,no,105718,-13.1,,53.37784431486128,0.0,No,2027,2211,Flexible / Multi-System,info@mantarovers.ec,Club sporting director / first-team office
2849,Marco Muller,GK,24,Switzerland,Switzerland Amateur League,3,Lucerne Rangers,77542,no,77542,-13.2,,69.90183883248307,0.0,Unknown,2026,1091,Flexible / Multi-System,info@lucernerangers.ch,Club sporting director / first-team office
3047,Nicolas Martinez-Fernandez,MF,17,Bolivia,Bolivia Third Tier - South,3,Santa Cruz United,100334,no,100334,-13.2,,11.38270789677461,0.0,No,2029,2030,Flexible / Multi-System,info@santacruzunited.bo,"Club youth/academy office ONLY - player is a minor, do not contact directly"
257,Lukas Vesely-Dvorak,MF,21,Czechia,Czechia Regional League,3,Pardubice Wanderers,62712,no,62712,-13.3,,65.60294638960244,0.0,Unknown,2026,1640,Flexible / Multi-System,info@pardubicewanderers.cz,Club sporting director / first-team office
1797,Irakli Kapanadze-Kiknadze,MF,22,Georgia,Georgia Second Division - West,2,Batumi City,91900,yes,0,-13.3,,28.665863771268793,0.0,No,2029,2028,Flexible / Multi-System,info@batumicity.ge,Club sporting director / first-team office
3268,Janis Liepa,FW,21,Latvia,Latvia Second Division,2,Liepaja SC,64400,yes,0,-13.3,,28.330283347645636,0.0,No,2029,2442,Flexible / Multi-System,info@liepajasc.lv,Club sporting director / first-team office
1187,Cole Taylor-Wilson,MF,21,New Zealand,New Zealand Regional League,2,Christchurch City,80900,yes,0,-13.3,,27.770451195269175,0.0,No,2029,2151,Flexible / Multi-System,info@christchurchcity.nz,Club sporting director / first-team office
3910,Tomas Kucera-Cerny,MF,25,Czechia,Czechia Third Tier - North,4,Zlin SC,91711,no,91711,-13.3,,35.068737152112,0.0,No,2029,1354,Flexible / Multi-System,info@zlinsc.cz,Club sporting director / first-team office
414,Bryan Martinez-Mejia,DF,20,Honduras,Honduras Third Tier - North,3,San Pedro Sula Wanderers,119678,no,119678,-13.4,,41.027552604846925,0.0,No,2028,1440,Possession / Build-from-the-Back,info@sanpedrosulawanderers.hn,Club sporting director / first-team office
2928,Jack Wilson-Taylor,MF,22,New Zealand,New Zealand Reserve League,2,Hamilton Town,94591,no,94591,-13.4,,53.00711832022035,0.0,Unknown,2027,1692,Flexible / Multi-System,info@hamiltontown.nz,Club sporting director / first-team office
4308,Mustafa Hassan-Jabbar,MF,23,Iraq,Iraq Second Division,4,Basra Rangers,86637,no,86637,-13.4,,82.76407915967462,0.0,No,2026,1178,Counter-Attack / Transition,info@basrarangers.iq,Club sporting director / first-team office
3853,Arturs Kalns,MF,21,Latvia,Latvia Second Division - East,2,Jelgava Rangers,67600,yes,0,-13.5,,28.210325399732408,0.0,No,2029,2470,Flexible / Multi-System,info@jelgavarangers.lv,Club sporting director / first-team office
93,Janis Kalns-Vitols,FW,22,Latvia,Latvia Third Tier - South,2,Riga City,103315,no,103315,-13.5,,52.59951722643722,0.0,Unknown,2027,2122,Low Block / Park the Bus,info@rigacity.lv,Club sporting director / first-team office
2088,Christian Mbia-Fotso,FW,24,Cameroon,Cameroon Third Tier - North,2,Garoua FC,81368,no,81368,-13.5,,70.7545270137578,0.0,No,2026,2100,Flexible / Multi-System,info@garouafc.cm,Club sporting director / first-team office
2166,Nika Beridze-Kiknadze,MF,22,Georgia,Georgia Second Division - East,2,Rustavi City,95800,yes,0,-13.5,,67.07251500010778,0.0,No,2026,2051,Flexible / Multi-System,info@rustavicity.ge,Club sporting director / first-team office
814,Remo Baumann,MF,18,Switzerland,Switzerland Third Tier - South,2,Winterthur Athletic,111396,no,111396,-13.6,,18.795629881592994,0.0,Yes,2029,1775,Flexible / Multi-System,info@winterthurathletic.ch,Go through the player's agent - ask the club to confirm representation first
3540,Filip Perovic-Kovacevic,DF,19,Montenegro,Montenegro Second Division,3,Niksic Rangers,82714,no,82714,-13.6,,30.926737844509145,0.0,Yes,2028,2452,Flexible / Multi-System,info@niksicrangers.me,Go through the player's agent - ask the club to confirm representation first
809,Nattapong Srisawat-Wongsa,DF,24,Thailand,Thailand Third Tier - South,2,Nonthaburi Athletic,98400,yes,0,-13.6,,62.526089309215756,0.0,Unknown,2026,1809,Flexible / Multi-System,info@nonthaburiathletic.th,Club sporting director / first-team office
932,Marton Nagy,FW,24,Hungary,Hungary Amateur League,2,Debrecen FC,102573,no,102573,-13.8,,38.84307157815313,0.0,Unknown,2028,1709,Direct / Target Approach,info@debrecenfc.hu,Club sporting director / first-team office
1531,Minh Le-Tran,MF,22,Vietnam,Vietnam Second Division - West,2,Da Nang Town,66900,yes,0,-13.9,,21.510512998748933,0.0,Yes,2029,1775,Flexible / Multi-System,info@danangtown.vn,Go through the player's agent - ask the club to confirm representation first
659,Didier Traore-Kone,FW,22,Ivory Coast,Ivory Coast Second Division,3,Bouake Athletic,66800,yes,0,-13.9,,28.999556856531118,0.0,Unknown,2029,2344,Flexible / Multi-System,info@bouakeathletic.ci,Club sporting director / first-team office
696,Andres Zambrano,FW,22,Ecuador,Ecuador Reserve League,4,Manta Rangers,63900,yes,0,-13.9,,25.40190209313971,0.0,Yes,2029,2642,Flexible / Multi-System,info@mantarangers.ec,Go through the player's agent - ask the club to confirm representation first
3483,Adam Horak,GK,23,Czechia,Czechia Third Tier - North,2,Olomouc Wanderers,84549,no,84549,-13.9,,55.66778159197561,0.0,Unknown,2027,2199,Shot-Stopper / Traditional,info@olomoucwanderers.cz,Club sporting director / first-team office
3569,Yuto Takahashi,MF,23,Japan,Japan Provincial League,3,Sendai Athletic,89600,yes,0,-14.0,,69.02336641413739,0.0,Unknown,2026,1693,Flexible / Multi-System,info@sendaiathletic.jp,Club sporting director / first-team office
2296,Ened Bardhi-Hoxha,DF,22,Albania,Albania Third Tier - South,2,Elbasan Rangers,86000,yes,0,-14.0,,28.832780476519343,0.0,No,2029,1926,Flexible / Multi-System,info@elbasanrangers.al,Club sporting director / first-team office
1646,Kwabena Mensah-Boateng,FW,25,Ghana,Ghana Third Tier - South,3,Sekondi City,74733,no,74733,-14.1,,78.0479210509801,0.0,No,2026,1583,Flexible / Multi-System,info@sekondicity.gh,Club sporting director / first-team office
4017,Josip Novak,MF,18,Croatia,Croatia Provincial League,2,Zagreb Wanderers,96342,no,96342,-14.1,,38.18943596431365,0.0,No,2028,2235,Flexible / Multi-System,info@zagrebwanderers.hr,Club sporting director / first-team office
1792,Roberts Liepa-Berzins,MF,20,Latvia,Latvia Second Division - East,3,Liepaja FC,113587,no,113587,-14.1,,37.03309601796905,0.0,Unknown,2028,1447,Possession / Build-from-the-Back,info@liepajafc.lv,Club sporting director / first-team office
2209,Minh Nguyen-Vu,DF,25,Vietnam,Vietnam Second Division - East,3,Hai Phong Rangers,95600,yes,0,-14.2,,32.52704996187307,0.0,No,2029,2028,Flexible / Multi-System,info@haiphongrangers.vn,Club sporting director / first-team office
3414,Randall Campos,DF,26,Costa Rica,Costa Rica Provincial League,3,San Jose Town,86900,yes,0,-14.2,,60.80459860270536,0.0,Unknown,2027,1804,Flexible / Multi-System,info@sanjosetown.cr,Club sporting director / first-team office
2694,Romell Chirinos,DF,24,Honduras,Honduras Third Tier - South,2,Choluteca Rovers,97517,no,97517,-14.2,,69.64250702047183,0.0,No,2026,1944,Flexible / Multi-System,info@cholutecarovers.hn,Club sporting director / first-team office
1688,Luis Castillo-Campos,FW,20,Costa Rica,Costa Rica Second Division,2,Cartago United,70000,yes,0,-14.2,,19.575456365507556,0.0,Yes,2029,2249,Flexible / Multi-System,info@cartagounited.cr,Go through the player's agent - ask the club to confirm representation first
2158,Andrej Perovic-Vukotic,MF,21,Montenegro,Montenegro Third Tier - South,2,Berane FC,77000,yes,0,-14.3,,27.89076928150774,0.0,No,2029,2012,Flexible / Multi-System,info@beranefc.me,Club sporting director / first-team office
3634,Roman Barrios-Perez,MF,22,Panama,Panama Amateur League,2,Colon United,88006,no,88006,-14.3,,42.13081579190352,0.0,No,2028,2014,Flexible / Multi-System,info@colonunited.pa,Club sporting director / first-team office
1193,Saba Gelashvili-Kapanadze,DF,24,Georgia,Georgia Second Division,2,Rustavi City,94600,yes,0,-14.3,,39.11906655315282,0.0,Unknown,2028,1833,Flexible / Multi-System,info@rustavicity.ge,Club sporting director / first-team office
3234,Aleksandar Stankovic-Ilic,MF,23,Serbia,Serbia Provincial League,3,Vojvodina SC,75117,no,75117,-14.3,,68.54000767707919,0.0,No,2027,1788,Flexible / Multi-System,info@vojvodinasc.rs,Club sporting director / first-team office
2581,Tomas Urban-Sedlak,FW,21,Slovakia,Slovakia Provincial League,4,Nitra Rangers,98757,no,98757,-14.3,,23.425893486814886,0.0,Yes,2029,1565,Flexible / Multi-System,info@nitrarangers.sk,Go through the player's agent - ask the club to confirm representation first
1162,Franco Martinez,DF,25,Bolivia,Bolivia Second Division,3,La Paz SC,94372,no,94372,-14.4,,47.678822279966845,0.0,No,2028,1421,Counter-Attack / Transition,info@lapazsc.bo,Club sporting director / first-team office
256,Nam Tran-Le,GK,22,Vietnam,Vietnam Third Tier - South,3,Can Tho FC,113840,no,113840,-14.5,,45.10177568957244,0.0,No,2028,1663,Sweeper-Keeper / High Line,info@canthofc.vn,Club sporting director / first-team office
2842,Rodrigo Sanchez-Lopez,DF,26,Paraguay,Paraguay Amateur League,3,Luque FC,100700,yes,0,-14.6,,48.75583278725212,0.0,Yes,2027,1573,Flexible / Multi-System,info@luquefc.py,Go through the player's agent - ask the club to confirm representation first
3076,Irakli Kapanadze-Beridze,DF,25,Georgia,Georgia Second Division,3,Batumi Wanderers,98700,yes,0,-14.6,,47.49211872977442,0.0,No,2028,1802,Flexible / Multi-System,info@batumiwanderers.ge,Club sporting director / first-team office
4765,Gunnar Olafsson,FW,20,Iceland,Iceland Regional League,3,Hafnarfjordur Rangers,64609,no,64609,-14.6,,31.60251443511715,0.0,Yes,2028,2629,Flexible / Multi-System,info@hafnarfjordurrangers.is,Go through the player's agent - ask the club to confirm representation first
4326,Omar Hassan-Jabbar,FW,22,Iraq,Iraq Second Division,3,Basra Wanderers,97900,yes,0,-14.6,,31.213064111706835,0.0,No,2029,2087,Flexible / Multi-System,info@basrawanderers.iq,Club sporting director / first-team office
4940,Nattapong Srisawat-Boonmee,MF,23,Thailand,Thailand Second Division - West,2,Bangkok FC,103500,yes,0,-14.6,,26.50831506030267,0.0,Unknown,2029,1797,Flexible / Multi-System,info@bangkokfc.th,Club sporting director / first-team office
1167,Kevin Mejia-Martinez,FW,22,Honduras,Honduras Second Division - West,3,Choluteca FC,70500,yes,0,-14.7,,32.12279618703587,0.0,No,2029,2332,Flexible / Multi-System,info@cholutecafc.hn,Club sporting director / first-team office
543,Modibo Camara-Diarra,FW,22,Mali,Mali Third Tier - South,3,Kayes SC,113400,yes,0,-14.8,,32.92768620504264,0.0,Yes,2028,1432,Counter-Attack / Transition,info@kayessc.ml,Go through the player's agent - ask the club to confirm representation first
3517,Jose Ramirez,FW,24,Costa Rica,Costa Rica Second Division - East,4,Heredia SC,90400,yes,0,-14.8,,52.87181016731802,0.0,Yes,2027,1525,Counter-Attack / Transition,info@herediasc.cr,Go through the player's agent - ask the club to confirm representation first
1299,Cheikh Sow-Diop,GK,22,Senegal,Senegal Regional League,3,Ziguinchor Wanderers,116383,no,116383,-14.8,,56.99417459406596,0.0,Unknown,2027,2560,Flexible / Multi-System,info@ziguinchorwanderers.sn,Club sporting director / first-team office
2257,Philipp Steiner,GK,21,Austria,Austria Second Division,4,Innsbruck United,92839,no,92839,-14.8,,28.997024702807995,0.0,Unknown,2029,2286,Flexible / Multi-System,info@innsbruckunited.at,Club sporting director / first-team office
3879,Markus Wagner-Steiner,MF,17,Austria,Austria Second Division,2,Wels SC,93679,no,93679,-14.8,,10.458727690688209,0.0,No,2029,2456,Flexible / Multi-System,info@welssc.at,"Club youth/academy office ONLY - player is a minor, do not contact directly"
444,Uros Nikolic,MF,23,Serbia,Serbia Third Tier - North,3,Kraljevo United,90200,yes,0,-14.9,,47.867828203461265,0.0,No,2028,1869,Flexible / Multi-System,info@kraljevounited.rs,Club sporting director / first-team office
368,Anthony Chavez-Suarez,DF,24,Ecuador,Ecuador Amateur League,4,Cuenca Rovers,81900,yes,0,-14.9,,51.8572179545294,0.0,No,2028,1326,Flexible / Multi-System,info@cuencarovers.ec,Club sporting director / first-team office
4997,Kwabena Agyemang-Asante,DF,24,Ghana,Ghana Third Tier - South,4,Accra Rangers,87700,yes,0,-14.9,,31.633624094616724,0.0,Unknown,2029,1509,Low Block / Park the Bus,info@accrarangers.gh,Club sporting director / first-team office
3612,Karim Salim-Jabbar,DF,23,Iraq,Iraq Second Division - East,2,Basra United,74600,yes,0,-15.0,,71.29421283713195,0.0,No,2026,1923,Flexible / Multi-System,info@basraunited.iq,Club sporting director / first-team office
4423,Enock Sakala-Phiri,DF,25,Zambia,Zambia Second Division - West,2,Kitwe United,98800,yes,0,-15.0,,26.616329950347147,0.0,Unknown,2029,1720,Flexible / Multi-System,info@kitweunited.zm,Club sporting director / first-team office
2998,Quang Pham-Hoang,MF,24,Vietnam,Vietnam Reserve League,3,Da Nang SC,90100,yes,0,-15.0,,76.78126385965597,0.0,No,2026,1531,Flexible / Multi-System,info@danangsc.vn,Club sporting director / first-team office
651,Fidel Barrios-Torres,FW,23,Panama,Panama Second Division - West,2,David Athletic,99051,no,99051,-15.0,,26.6104214982745,0.0,Unknown,2029,1845,Flexible / Multi-System,info@davidathletic.pa,Club sporting director / first-team office
4077,Didier Bamba-Kone,FW,19,Ivory Coast,Ivory Coast Second Division - West,2,Bouake SC,116665,no,116665,-15.0,,52.919625429544936,0.0,No,2027,1581,Flexible / Multi-System,info@bouakesc.ci,Club sporting director / first-team office
3210,Luis Ramirez-Castillo,DF,17,Costa Rica,Costa Rica Reserve League,4,Cartago Wanderers,100973,no,100973,-15.1,,17.893329317844994,0.0,No,2028,1710,Flexible / Multi-System,info@cartagowanderers.cr,"Club youth/academy office ONLY - player is a minor, do not contact directly"
3528,Minh Hoang-Pham,MF,18,Vietnam,Vietnam Amateur League,3,Da Nang SC,78567,no,78567,-15.1,,42.56653991567194,0.0,No,2028,2291,Flexible / Multi-System,info@danangsc.vn,Club sporting director / first-team office
1685,Yaw Appiah-Owusu,MF,19,Ghana,Ghana Third Tier - North,3,Accra United,65627,no,65627,-15.1,,26.53670518497856,0.0,Unknown,2029,2542,Flexible / Multi-System,info@accraunited.gh,Club sporting director / first-team office
1419,Andre Murillo-Torres,DF,25,Panama,Panama Second Division,4,Santiago FC,61200,yes,0,-15.2,,85.31987017770112,0.0,No,2026,1869,Flexible / Multi-System,info@santiagofc.pa,Club sporting director / first-team office
4353,Martin Novak-Svoboda,MF,24,Czechia,Czechia Regional League,2,Olomouc City,116200,yes,0,-15.3,,60.25470409794669,0.0,No,2027,1537,Possession / Build-from-the-Back,info@olomouccity.cz,Club sporting director / first-team office
1344,Roberts Liepa,MF,19,Latvia,Latvia Second Division - East,3,Riga FC,110807,no,110807,-15.3,,20.588897638566312,0.0,Yes,2029,1867,Flexible / Multi-System,info@rigafc.lv,Go through the player's agent - ask the club to confirm representation first
3729,Michael Perez,DF,19,Panama,Panama Third Tier - South,4,Colon Rovers,72986,no,72986,-15.4,,47.32962069645882,0.0,Yes,2027,1748,Flexible / Multi-System,info@colonrovers.pa,Go through the player's agent - ask the club to confirm representation first
2090,Marko Nikolic,FW,23,Montenegro,Montenegro Second Division - West,2,Niksic FC,89200,yes,0,-15.4,,21.81340590617175,0.0,Yes,2029,1789,Flexible / Multi-System,info@niksicfc.me,Go through the player's agent - ask the club to confirm representation first
581,Bledi Meta-Hoxha,FW,20,Albania,Albania Provincial League,3,Shkoder SC,112333,no,112333,-15.5,,30.10945425094364,0.0,Yes,2028,1815,High Press / Gegenpressing,info@shkodersc.al,Go through the player's agent - ask the club to confirm representation first
836,Bakary Diarra-Sidibe,FW,23,Mali,Mali Regional League,2,Mopti FC,82200,yes,0,-15.5,,62.10766619987557,0.0,No,2027,1846,Flexible / Multi-System,info@moptifc.ml,Club sporting director / first-team office
4475,Phong Le-Pham,FW,21,Vietnam,Vietnam Amateur League,2,Hanoi Rangers,86800,yes,0,-15.5,,64.81371110964632,0.0,No,2026,2091,Flexible / Multi-System,info@hanoirangers.vn,Club sporting director / first-team office
4530,Kwabena Boateng,DF,18,Ghana,Ghana Amateur League,3,Sekondi United,96696,no,96696,-15.6,,67.0421602417728,0.0,No,2026,1776,Flexible / Multi-System,info@sekondiunited.gh,Club sporting director / first-team office
227,Federico Pereira-Silva,MF,24,Uruguay,Uruguay Second Division - West,3,Montevideo Rovers,101900,yes,0,-15.6,,75.95885938708385,0.0,No,2026,1558,Flexible / Multi-System,info@montevideorovers.uy,Club sporting director / first-team office
663,Yoon-seo Park-Jung,FW,20,South Korea,South Korea Third Tier - South,2,Daejeon United,64389,no,64389,-15.8,,39.559982624328455,0.0,No,2028,2444,Flexible / Multi-System,info@daejeonunited.kr,Club sporting director / first-team office
4318,Modibo Sidibe,MF,25,Mali,Mali Second Division - West,3,Mopti SC,93800,yes,0,-15.9,,68.7472514302303,0.0,Unknown,2026,1125,Possession / Build-from-the-Back,info@moptisc.ml,Club sporting director / first-team office
4112,Otabek Yuldashev,GK,18,Uzbekistan,Uzbekistan Amateur League,3,Bukhara United,62949,no,62949,-15.9,,61.155749027834055,0.0,No,2027,1540,Shot-Stopper / Traditional,info@bukharaunited.uz,Club sporting director / first-team office
4881,Jasur Rustamov-Rashidov,GK,22,Uzbekistan,Uzbekistan Amateur League,2,Tashkent Rovers,93629,no,93629,-15.9,,28.619150020268314,0.0,No,2029,925,Flexible / Multi-System,info@tashkentrovers.uz,Club sporting director / first-team office
956,Kacper Wojcik-Wisniewski,DF,24,Poland,Poland Amateur League,3,Bytom United,102900,yes,0,-15.9,,48.66372085989773,0.0,Yes,2027,1868,Flexible / Multi-System,info@bytomunited.pl,Go through the player's agent - ask the club to confirm representation first
2023,Jean Onana-Mbia,MF,24,Cameroon,Cameroon Amateur League,3,Bafoussam Wanderers,100600,yes,0,-15.9,,66.8103767792039,0.0,No,2027,1506,Counter-Attack / Transition,info@bafoussamwanderers.cm,Club sporting director / first-team office
1413,Giorgi Gelashvili-Lomidze,MF,25,Georgia,Georgia Second Division,2,Batumi Athletic,73994,no,73994,-16.1,,44.48308014147434,0.0,No,2028,2430,Flexible / Multi-System,info@batumiathletic.ge,Club sporting director / first-team office
214,Petr Prochazka,DF,26,Czechia,Czechia Third Tier - South,3,Zlin Rangers,72772,no,72772,-16.1,,35.597773205666286,0.0,Yes,2028,1615,Flexible / Multi-System,info@zlinrangers.cz,Go through the player's agent - ask the club to confirm representation first
312,Sebastian Perez-Ramirez,DF,24,Paraguay,Paraguay Third Tier - South,3,Asuncion Rovers,81164,no,81164,-16.1,,69.62316894107596,0.0,Unknown,2026,1408,Flexible / Multi-System,info@asuncionrovers.py,Club sporting director / first-team office
4233,Tomas Cerny,MF,19,Czechia,Czechia Regional League,3,Ostrava Athletic,68014,no,68014,-16.1,,38.73280269107267,0.0,Unknown,2028,2438,Flexible / Multi-System,info@ostravaathletic.cz,Club sporting director / first-team office
3497,Noah Frei,FW,18,Switzerland,Switzerland Second Division - East,3,Winterthur FC,83162,no,83162,-16.1,,38.05728874376615,0.0,Unknown,2028,1940,Flexible / Multi-System,info@winterthurfc.ch,Club sporting director / first-team office
3550,Vuk Nikolic-Ilic,FW,25,Montenegro,Montenegro Third Tier - South,2,Niksic Rangers,90434,no,90434,-16.1,,44.950847079697716,0.0,Yes,2027,1946,Flexible / Multi-System,info@niksicrangers.me,Go through the player's agent - ask the club to confirm representation first
3459,Liam Smith-Mitchell,GK,21,New Zealand,New Zealand Third Tier - South,3,Hamilton Town,62300,yes,0,-16.1,,40.9264846572651,0.0,Unknown,2028,2115,Flexible / Multi-System,info@hamiltontown.nz,Club sporting director / first-team office
2898,Ivan Horvat-Kovacevic,FW,20,Croatia,Croatia Third Tier - North,3,Medimurje Rangers,105033,no,105033,-16.3,,37.287672144296295,0.0,Unknown,2028,2140,High Press / Gegenpressing,info@medimurjerangers.hr,Club sporting director / first-team office
3615,Sander Saar-Mets,FW,22,Estonia,Estonia Second Division,2,Tartu Wanderers,108440,no,108440,-16.3,,66.34909313762076,0.0,No,2026,1541,Flexible / Multi-System,info@tartuwanderers.ee,Club sporting director / first-team office
4270,Karim Abbas-Salim,MF,25,Iraq,Iraq Amateur League,3,Basra SC,82878,no,82878,-16.3,,61.057247320576124,0.0,Unknown,2027,1962,Flexible / Multi-System,info@basrasc.iq,Club sporting director / first-team office
3629,Min-jun Jung-Lee,DF,21,South Korea,South Korea Third Tier - North,2,Gwangju SC,64100,yes,0,-16.4,,30.28574913658784,0.0,Yes,2028,2082,Flexible / Multi-System,info@gwangjusc.kr,Go through the player's agent - ask the club to confirm representation first
4534,Edgars Vitols-Ozols,GK,26,Latvia,Latvia Third Tier - North,3,Daugavpils FC,81785,no,81785,-16.4,,32.97431612931155,0.0,No,2029,2133,Sweeper-Keeper / High Line,info@daugavpilsfc.lv,Club sporting director / first-team office
3966,Modibo Coulibaly-Traore,DF,25,Mali,Mali Amateur League,3,Kayes Wanderers,96500,yes,0,-16.4,,47.58588555817272,0.0,No,2028,1855,Flexible / Multi-System,info@kayeswanderers.ml,Club sporting director / first-team office
2151,Didier Bamba,FW,22,Ivory Coast,Ivory Coast Third Tier - North,2,Bouake SC,62900,yes,0,-16.5,,69.58764541353396,0.0,No,2026,2657,Flexible / Multi-System,info@bouakesc.ci,Club sporting director / first-team office
2454,Michael Steiner,DF,25,Austria,Austria Third Tier - South,3,Klagenfurt Athletic,113700,yes,0,-16.5,,54.90792710025164,0.0,Yes,2026,1625,Flexible / Multi-System,info@klagenfurtathletic.at,Go through the player's agent - ask the club to confirm representation first
1801,Haruto Ito-Tanaka,MF,23,Japan,Japan Second Division,2,Fukuoka Rovers,90900,yes,0,-16.5,,31.88567529581955,0.0,Yes,2028,1741,Flexible / Multi-System,info@fukuokarovers.jp,Go through the player's agent - ask the club to confirm representation first
2607,Martin Urban-Sedlak,FW,26,Slovakia,Slovakia Provincial League,4,Trencin City,89160,no,89160,-16.6,,52.9357459043197,0.0,Yes,2027,1466,Counter-Attack / Transition,info@trencincity.sk,Go through the player's agent - ask the club to confirm representation first
3117,Kevin Chavez-Quinonez,FW,20,Ecuador,Ecuador Amateur League,2,Guayaquil Athletic,78000,yes,0,-16.6,,26.569249254486355,0.0,No,2029,2512,Flexible / Multi-System,info@guayaquilathletic.ec,Club sporting director / first-team office
4215,Jakub Zielinski-Mazur,MF,20,Poland,Poland Third Tier - North,4,Gdynia Athletic,83081,no,83081,-16.6,,64.1194328633835,0.0,No,2027,2136,Flexible / Multi-System,info@gdyniaathletic.pl,Club sporting director / first-team office
3261,Wesly Elvir,DF,26,Honduras,Honduras Third Tier - North,4,Tegucigalpa Rovers,89300,yes,0,-16.7,,25.653871357734214,0.0,Yes,2029,1754,Possession / Build-from-the-Back,info@tegucigalparovers.hn,Go through the player's agent - ask the club to confirm representation first
2741,Ji-ho Lee-Jung,FW,22,South Korea,South Korea Second Division - East,2,Gwangju Athletic,63529,no,63529,-16.7,,69.52708502260504,0.0,No,2026,2657,Flexible / Multi-System,info@gwangjuathletic.kr,Club sporting director / first-team office
4361,Milos Kovacevic,GK,25,Montenegro,Montenegro Regional League,3,Danilovgrad City,92279,no,92279,-16.7,,47.77248071270551,0.0,No,2028,1831,Sweeper-Keeper / Build-from-the-Back,info@danilovgradcity.me,Club sporting director / first-team office
1986,Enock Banda-Mwansa,DF,26,Zambia,Zambia Amateur League,3,Livingstone Rangers,105011,no,105011,-16.8,,66.55998260733828,0.0,No,2027,1516,Flexible / Multi-System,info@livingstonerangers.zm,Club sporting director / first-team office
3224,Mwansa Mwansa-Sakala,DF,25,Zambia,Zambia Second Division - West,3,Lusaka SC,113200,yes,0,-16.8,,54.929105495556584,0.0,Yes,2026,1775,Flexible / Multi-System,info@lusakasc.zm,Go through the player's agent - ask the club to confirm representation first
3070,Eric Mbia-Etoo,FW,24,Cameroon,Cameroon Reserve League,4,Garoua Rangers,107693,no,107693,-16.8,,34.57925226062963,0.0,No,2029,1144,Counter-Attack / Transition,info@garouarangers.cm,Club sporting director / first-team office
1380,Bakary Coulibaly,MF,19,Mali,Mali Regional League,2,Sikasso FC,87101,no,87101,-16.8,,34.61820149082979,0.0,Unknown,2028,2220,Flexible / Multi-System,info@sikassofc.ml,Club sporting director / first-team office
2681,Ardit Hoxha-Duro,DF,25,Albania,Albania Reserve League,4,Durres United,98200,yes,0,-16.8,,25.441496888552436,0.0,Yes,2029,1319,Flexible / Multi-System,info@durresunited.al,Go through the player's agent - ask the club to confirm representation first
3380,Einar Bjornsson-Sigurdsson,MF,18,Iceland,Iceland Third Tier - South,2,Akureyri Rangers,89224,no,89224,-16.9,,19.164205813971645,0.0,Yes,2029,2511,Flexible / Multi-System,info@akureyrirangers.is,Go through the player's agent - ask the club to confirm representation first
2475,Igor Ristovski,DF,23,North Macedonia,North Macedonia Second Division,4,Skopje United,68284,no,68284,-17.0,,61.674898048634724,0.0,Yes,2026,2333,Flexible / Multi-System,info@skopjeunited.mk,Go through the player's agent - ask the club to confirm representation first
3060,Kelvin Tembo,MF,18,Zambia,Zambia Second Division,4,Livingstone Town,69543,no,69543,-17.0,,33.73046767782076,0.0,Yes,2028,2607,Flexible / Multi-System,info@livingstonetown.zm,Go through the player's agent - ask the club to confirm representation first
2549,Pongsak Wongsa-Sanguan,MF,20,Thailand,Thailand Second Division,3,Bangkok SC,75379,no,75379,-17.1,,68.5191294884926,0.0,No,2026,2140,Flexible / Multi-System,info@bangkoksc.th,Club sporting director / first-team office
1987,Didier Traore-Toure,GK,18,Ivory Coast,Ivory Coast Regional League,2,Yamoussoukro Rangers,115290,no,115290,-17.1,,47.59887697896386,0.0,Unknown,2027,1700,Shot-Stopper / Traditional,info@yamoussoukrorangers.ci,Club sporting director / first-team office
641,Jan Novak-Kovac,MF,25,Slovenia,Slovenia Second Division - West,3,Koper United,68600,yes,0,-17.2,,78.63489580097223,0.0,No,2026,1698,Flexible / Multi-System,info@koperunited.si,Club sporting director / first-team office
760,Given Mwansa-Sakala,GK,25,Zambia,Zambia Second Division,3,Livingstone FC,79698,no,79698,-17.2,,35.315719564688365,0.0,Yes,2028,1833,Shot-Stopper / Traditional,info@livingstonefc.zm,Go through the player's agent - ask the club to confirm representation first
2659,Max Kouassi-Traore,GK,21,Ivory Coast,Ivory Coast Amateur League,3,Yamoussoukro Athletic,75900,yes,0,-17.2,,44.76840066122977,0.0,No,2028,1675,Shot-Stopper / Traditional,info@yamoussoukroathletic.ci,Club sporting director / first-team office
3759,Andri Olafsson-Halldorsson,GK,24,Iceland,Iceland Reserve League,2,Keflavik United,86300,yes,0,-17.2,,26.933231230748756,0.0,Unknown,2029,2291,Sweeper-Keeper / High Line,info@keflavikunited.is,Club sporting director / first-team office
705,Do-yun Choi-Kang,DF,23,South Korea,South Korea Third Tier - North,3,Daejeon SC,77401,no,77401,-17.2,,77.80873429205812,0.0,No,2026,2039,Flexible / Multi-System,info@daejeonsc.kr,Club sporting director / first-team office
4149,Jesus Gonzalez,DF,25,Venezuela,Venezuela Second Division,3,Caracas Wanderers,70900,yes,0,-17.2,,33.38898344172356,0.0,No,2029,1628,Flexible / Multi-System,info@caracaswanderers.ve,Club sporting director / first-team office
2559,Adam Svoboda,MF,25,Czechia,Czechia Second Division - East,2,Zlin FC,111000,yes,0,-17.3,,38.57564505875048,0.0,Unknown,2028,1373,Counter-Attack / Transition,info@zlinfc.cz,Club sporting director / first-team office
4282,Ha-joon Park-Kim,MF,24,South Korea,South Korea Reserve League,2,Busan Town,115200,yes,0,-17.3,,68.63439879097147,0.0,No,2026,1577,Flexible / Multi-System,info@busantown.kr,Club sporting director / first-team office
778,Petr Horak-Svoboda,MF,25,Czechia,Czechia Second Division - East,3,Ceske Budejovice Rovers,86600,yes,0,-17.3,,67.69216879848115,0.0,No,2027,1464,Flexible / Multi-System,info@ceskebudejovicerovers.cz,Club sporting director / first-team office
1836,Romell Mejia,MF,22,Honduras,Honduras Regional League,3,Tegucigalpa Rangers,62400,yes,0,-17.3,,47.537987457446555,0.0,No,2028,2463,Flexible / Multi-System,info@tegucigalparangers.hn,Club sporting director / first-team office
4989,David Hofer,GK,21,Austria,Austria Regional League,2,Graz Athletic,72100,yes,0,-17.4,,41.072264608911624,0.0,No,2028,1433,Shot-Stopper / Traditional,info@grazathletic.at,Club sporting director / first-team office
4170,Nejc Kranjc-Krajnc,MF,17,Slovenia,Slovenia Second Division - West,3,Kranj Rovers,85250,no,85250,-17.4,,19.788637367431605,0.0,Yes,2026,2028,Flexible / Multi-System,info@kranjrovers.si,"Club youth/academy office ONLY - player is a minor, do not contact directly"
179,Vuk Radovic-Jovanovic,FW,21,Montenegro,Montenegro Second Division - East,3,Niksic Rovers,74811,no,74811,-17.4,,56.75408389356649,0.0,Unknown,2027,2306,Flexible / Multi-System,info@niksicrovers.me,Club sporting director / first-team office
825,Min-jun Lee-Kim,MF,17,South Korea,South Korea Second Division - West,3,Daejeon Wanderers,105188,no,105188,-17.4,,21.0143602857207,0.0,Unknown,2027,1610,Flexible / Multi-System,info@daejeonwanderers.kr,"Club youth/academy office ONLY - player is a minor, do not contact directly"
4924,Marco Weber,MF,24,Switzerland,Switzerland Regional League,3,Aarau FC,76451,no,76451,-17.4,,35.44448590371646,0.0,Yes,2028,2134,Flexible / Multi-System,info@aaraufc.ch,Go through the player's agent - ask the club to confirm representation first
1793,Michal Kowalski,DF,18,Poland,Poland Second Division,3,Bytom Athletic,84588,no,84588,-17.4,,67.83154796416046,0.0,No,2026,2289,Flexible / Multi-System,info@bytomathletic.pl,Club sporting director / first-team office
384,Anderson Hernandez,FW,24,Venezuela,Venezuela Regional League,3,Barquisimeto Rovers,65787,no,65787,-17.5,,78.92351490414575,0.0,No,2026,2080,Low Block / Park the Bus,info@barquisimetorovers.ve,Club sporting director / first-team office
977,Wilfried Kone-Bamba,MF,24,Ivory Coast,Ivory Coast Second Division - West,2,San Pedro United,86956,no,86956,-17.5,,61.80274761156719,0.0,No,2027,2057,Flexible / Multi-System,info@sanpedrounited.ci,Club sporting director / first-team office
1049,Gunnar Olafsson-Petursson,MF,23,Iceland,Iceland Third Tier - North,4,Selfoss City,64500,yes,0,-17.5,,52.952330695187094,0.0,No,2028,2234,Flexible / Multi-System,info@selfosscity.is,Club sporting director / first-team office
2321,Amadou Camara,DF,23,Mali,Mali Amateur League,3,Sikasso City,77600,yes,0,-17.5,,68.3452511373458,0.0,No,2027,2405,Flexible / Multi-System,info@sikassocity.ml,Club sporting director / first-team office
4794,Ondrej Cerny,DF,26,Czechia,Czechia Third Tier - South,2,Zlin United,99700,yes,0,-17.5,,62.45432391536377,0.0,Unknown,2026,1916,Flexible / Multi-System,info@zlinunited.cz,Club sporting director / first-team office
2276,Given Banda-Phiri,DF,20,Zambia,Zambia Provincial League,2,Ndola SC,99124,no,99124,-17.6,,53.67949433621745,0.0,No,2027,2079,Flexible / Multi-System,info@ndolasc.zm,Club sporting director / first-team office
3780,Andre Njie-Fotso,DF,22,Cameroon,Cameroon Third Tier - North,3,Yaounde Wanderers,64500,yes,0,-17.6,,66.79284107758048,0.0,No,2027,2495,Flexible / Multi-System,info@yaoundewanderers.cm,Club sporting director / first-team office
1309,Christian Ngoy,GK,18,Cameroon,Cameroon Reserve League,3,Douala FC,100854,no,100854,-17.6,,60.01744561932933,0.0,Unknown,2026,2651,Flexible / Multi-System,info@doualafc.cm,Club sporting director / first-team office
4909,Luka Horvat,DF,25,Slovenia,Slovenia Regional League,3,Koper SC,101300,yes,0,-17.6,,66.76985265050187,0.0,No,2027,1242,Possession / Build-from-the-Back,info@kopersc.si,Club sporting director / first-team office
385,Fidel Escobar-Murillo,FW,20,Panama,Panama Second Division - West,4,Santiago FC,86148,no,86148,-17.7,,27.835884612500678,0.0,Unknown,2029,2259,Flexible / Multi-System,info@santiagofc.pa,Club sporting director / first-team office
4889,Ji-ho Jung-Kim,DF,26,South Korea,South Korea Second Division - East,3,Incheon Wanderers,96300,yes,0,-17.7,,76.33546854790185,0.0,No,2026,1854,Flexible / Multi-System,info@incheonwanderers.kr,Club sporting director / first-team office
2804,Gunnar Einarsson,FW,22,Iceland,Iceland Amateur League,2,Keflavik FC,74100,yes,0,-17.8,,21.318981857003152,0.0,Yes,2029,2224,Flexible / Multi-System,info@keflavikfc.is,Go through the player's agent - ask the club to confirm representation first
575,Petr Novak-Vesely,MF,25,Czechia,Czechia Regional League,2,Ostrava Rangers,114200,yes,0,-17.8,,29.249214552804045,0.0,No,2029,1326,Flexible / Multi-System,info@ostravarangers.cz,Club sporting director / first-team office
1805,Miguel Morales,GK,18,Costa Rica,Costa Rica Second Division - West,4,San Jose Rovers,88081,no,88081,-17.8,,27.78188995953768,0.0,Unknown,2029,2037,Shot-Stopper / Traditional,info@sanjoserovers.cr,Club sporting director / first-team office
4242,Yuto Watanabe-Tanaka,MF,25,Japan,Japan Third Tier - South,3,Sendai SC,94400,yes,0,-17.9,,32.5630212653411,0.0,No,2029,1307,Possession / Build-from-the-Back,info@sendaisc.jp,Club sporting director / first-team office
1068,Luka Kovac,DF,19,Slovenia,Slovenia Third Tier - South,2,Koper SC,83190,no,83190,-17.9,,54.50895289305083,0.0,No,2027,2687,Flexible / Multi-System,info@kopersc.si,Club sporting director / first-team office
1441,Michael Barrios,DF,26,Panama,Panama Third Tier - South,3,Panama City Athletic,100100,yes,0,-17.9,,68.3573323475827,0.0,Unknown,2026,1627,Flexible / Multi-System,info@panamacityathletic.pa,Club sporting director / first-team office
3062,Ren Watanabe,DF,25,Japan,Japan Second Division,4,Sapporo Athletic,70000,yes,0,-17.9,,47.23945612322503,0.0,Unknown,2028,1671,Flexible / Multi-System,info@sapporoathletic.jp,Club sporting director / first-team office
430,Ren Tanaka,FW,19,Japan,Japan Second Division,4,Fukuoka Town,117442,no,117442,-17.9,,44.14581845920043,0.0,No,2028,1728,High Press / Gegenpressing,info@fukuokatown.jp,Club sporting director / first-team office
1079,Gentian Krasniqi,GK,18,Albania,Albania Third Tier - North,2,Tirana Athletic,114793,no,114793,-18.0,,52.9945812420549,0.0,No,2027,814,Flexible / Multi-System,info@tiranaathletic.al,Club sporting director / first-team office
3182,Michael Mayer,DF,22,Austria,Austria Third Tier - North,4,Graz City,82102,no,82102,-18.0,,71.84714960746227,0.0,Unknown,2026,2016,Flexible / Multi-System,info@grazcity.at,Club sporting director / first-team office
4903,Franco Vargas,MF,21,Bolivia,Bolivia Third Tier - South,2,Cochabamba Athletic,82789,no,82789,-18.0,,20.22675616998946,0.0,Yes,2029,2329,Flexible / Multi-System,info@cochabambaathletic.bo,Go through the player's agent - ask the club to confirm representation first
3339,Sekou Diarra-Keita,GK,26,Mali,Mali Third Tier - South,4,Sikasso Town,62242,no,62242,-18.1,,26.477081093995007,0.0,Yes,2029,1435,Flexible / Multi-System,info@sikassotown.ml,Go through the player's agent - ask the club to confirm representation first
1229,Emiliano Gonzalez,DF,25,Paraguay,Paraguay Second Division - East,3,Luque Rangers,87400,yes,0,-18.1,,69.17367313564775,0.0,Unknown,2026,1823,Flexible / Multi-System,info@luquerangers.py,Club sporting director / first-team office
4527,Jon Sigurdsson-Olafsson,MF,24,Iceland,Iceland Second Division,4,Akureyri Town,103299,no,103299,-18.2,,71.60363888771276,0.0,No,2027,1301,Counter-Attack / Transition,info@akureyritown.is,Club sporting director / first-team office
2712,Phong Pham-Nguyen,FW,18,Vietnam,Vietnam Regional League,4,Hanoi Rovers,87685,no,87685,-18.2,,40.69326827660966,0.0,Unknown,2028,2072,Flexible / Multi-System,info@hanoirovers.vn,Club sporting director / first-team office
1310,Sekou Camara-Keita,DF,23,Mali,Mali Reserve League,2,Mopti City,78387,no,78387,-18.2,,70.98597828649656,0.0,No,2026,2571,Flexible / Multi-System,info@mopticity.ml,Club sporting director / first-team office
3289,Nika Beridze,MF,26,Georgia,Georgia Regional League,2,Batumi FC,91509,no,91509,-18.2,,39.23294183034123,0.0,Unknown,2028,2029,Flexible / Multi-System,info@batumifc.ge,Club sporting director / first-team office
2117,Diyorbek Yuldashev-Rustamov,DF,25,Uzbekistan,Uzbekistan Reserve League,3,Tashkent Wanderers,104414,no,104414,-18.2,,75.79704707550651,0.0,No,2026,1709,Low Block / Park the Bus,info@tashkentwanderers.uz,Club sporting director / first-team office
1506,Fabian Bianchi-Keller,GK,25,Switzerland,Switzerland Third Tier - North,4,Sion Athletic,87631,no,87631,-18.3,,74.29127172883261,0.0,Unknown,2026,1751,Shot-Stopper / Traditional,info@sionathletic.ch,Club sporting director / first-team office
2718,Edgars Liepa-Ozols,FW,24,Latvia,Latvia Reserve League,3,Riga Wanderers,105000,yes,0,-18.3,,32.26121196964039,0.0,No,2029,1793,Counter-Attack / Transition,info@rigawanderers.lv,Club sporting director / first-team office
4140,Gentian Duro,MF,19,Albania,Albania Third Tier - South,3,Elbasan SC,85976,no,85976,-18.4,,42.23221462673067,0.0,No,2028,2239,Flexible / Multi-System,info@elbasansc.al,Club sporting director / first-team office
149,Petar Ilic,FW,21,Montenegro,Montenegro Amateur League,3,Budva Town,106630,no,106630,-18.4,,43.45635406085275,0.0,No,2028,2017,High Press / Gegenpressing,info@budvatown.me,Club sporting director / first-team office
1462,Marko Horvat-Novak,DF,26,Croatia,Croatia Reserve League,4,Medimurje United,98789,no,98789,-18.5,,34.84135209480643,0.0,No,2029,1363,Flexible / Multi-System,info@medimurjeunited.hr,Club sporting director / first-team office
3732,Do-yun Kim,DF,23,South Korea,South Korea Second Division - East,3,Gwangju Rovers,62100,yes,0,-18.5,,24.652424682505302,0.0,Yes,2029,2466,Flexible / Multi-System,info@gwangjurovers.kr,Go through the player's agent - ask the club to confirm representation first
2403,Karl Pikk,DF,26,Estonia,Estonia Second Division - West,3,Narva City,101206,no,101206,-18.5,,23.62107224238275,0.0,Yes,2029,1278,Possession / Build-from-the-Back,info@narvacity.ee,Go through the player's agent - ask the club to confirm representation first
4388,Oumar Diarra-Camara,GK,21,Mali,Mali Regional League,4,Sikasso United,68862,no,68862,-18.6,,33.12662744178353,0.0,No,2029,1392,Flexible / Multi-System,info@sikassounited.ml,Club sporting director / first-team office
1018,Anthony Figueroa-Mejia,MF,21,Honduras,Honduras Provincial League,3,Tegucigalpa United,82224,no,82224,-18.6,,52.037946564776234,0.0,Yes,2026,1777,Flexible / Multi-System,info@tegucigalpaunited.hn,Go through the player's agent - ask the club to confirm representation first
90,Aleksandar Stankovic,DF,20,Serbia,Serbia Second Division,3,Cacak Town,94833,no,94833,-18.7,,60.34158323657945,0.0,Unknown,2026,2204,Flexible / Multi-System,info@cacaktown.rs,Club sporting director / first-team office
724,Seo-jun Park,MF,22,South Korea,South Korea Regional League,2,Daegu Athletic,63132,no,63132,-18.8,,38.9719619483768,0.0,Unknown,2028,2562,Flexible / Multi-System,info@daeguathletic.kr,Club sporting director / first-team office
504,Cole Smith-Brown,DF,22,New Zealand,New Zealand Amateur League,3,Wellington SC,73100,yes,0,-18.8,,32.021164336566585,0.0,No,2029,2195,Flexible / Multi-System,info@wellingtonsc.nz,Club sporting director / first-team office
1892,Modibo Keita-Sidibe,MF,24,Mali,Mali Second Division - West,2,Kayes City,90700,yes,0,-18.8,,26.81629451368066,0.0,Unknown,2029,1656,Flexible / Multi-System,info@kayescity.ml,Club sporting director / first-team office
3014,Andre Escobar-Godoy,MF,21,Panama,Panama Third Tier - North,2,Santiago SC,63000,yes,0,-18.8,,59.89278097003981,0.0,Unknown,2026,2645,Flexible / Multi-System,info@santiagosc.pa,Club sporting director / first-team office
4067,Do-yun Kim-Lee,MF,24,South Korea,South Korea Third Tier - South,4,Daegu Athletic,93700,yes,0,-18.8,,82.19846759840104,0.0,No,2026,1537,Flexible / Multi-System,info@daeguathletic.kr,Club sporting director / first-team office
3405,Otabek Tashkentov,MF,24,Uzbekistan,Uzbekistan Regional League,2,Andijan Wanderers,115300,yes,0,-18.8,,29.224690996472123,0.0,No,2029,1910,Flexible / Multi-System,info@andijanwanderers.uz,Club sporting director / first-team office
1574,Randall Castillo-Campos,DF,25,Costa Rica,Costa Rica Third Tier - South,2,San Jose United,81132,no,81132,-18.9,,70.77251184693611,0.0,No,2026,2212,Flexible / Multi-System,info@sanjoseunited.cr,Club sporting director / first-team office
222,Kelvin Tembo-Banda,FW,22,Zambia,Zambia Provincial League,4,Ndola Rovers,75300,yes,0,-18.9,,51.66120173047724,0.0,Yes,2027,2382,Flexible / Multi-System,info@ndolarovers.zm,Go through the player's agent - ask the club to confirm representation first
816,Ha-joon Jung-Kim,DF,26,South Korea,South Korea Regional League,3,Incheon FC,118700,yes,0,-18.9,,48.059275524074174,0.0,Yes,2027,1325,Flexible / Multi-System,info@incheonfc.kr,Go through the player's agent - ask the club to confirm representation first
3731,Vladimir Krstic,GK,21,Serbia,Serbia Second Division - East,3,Cacak Athletic,68300,yes,0,-18.9,,63.668977013958596,0.0,No,2027,2559,Shot-Stopper / Traditional,info@cacakathletic.rs,Club sporting director / first-team office
1503,Vuk Nikolic-Radovic,DF,18,Montenegro,Montenegro Second Division - East,2,Podgorica United,83886,no,83886,-19.0,,45.24744674046823,0.0,Yes,2026,2556,Flexible / Multi-System,info@podgoricaunited.me,Go through the player's agent - ask the club to confirm representation first
4120,Yves Toure,FW,23,Ivory Coast,Ivory Coast Second Division - East,4,Yamoussoukro Wanderers,108591,no,108591,-19.0,,31.047701449164958,0.0,Unknown,2029,1390,Counter-Attack / Transition,info@yamoussoukrowanderers.ci,Club sporting director / first-team office
2054,Ivan Novak-Horvat,DF,21,Croatia,Croatia Reserve League,2,Osijek FC,61700,yes,0,-19.1,,28.436653078610643,0.0,No,2029,2461,Flexible / Multi-System,info@osijekfc.hr,Club sporting director / first-team office
547,Noah Clarke-Smith,GK,21,New Zealand,New Zealand Second Division - West,3,Auckland City,73000,yes,0,-19.1,,63.299303781202326,0.0,No,2027,1700,Shot-Stopper / Traditional,info@aucklandcity.nz,Club sporting director / first-team office
1908,Wuilker Hernandez-Gonzalez,GK,23,Venezuela,Venezuela Second Division,3,Barquisimeto FC,100594,no,100594,-19.1,,29.096389215906115,0.0,Unknown,2029,1077,Flexible / Multi-System,info@barquisimetofc.ve,Club sporting director / first-team office
3543,Ibrahim Appiah-Asante,GK,26,Ghana,Ghana Second Division - West,3,Kumasi United,119865,no,119865,-19.1,,46.69159519322436,0.0,No,2028,1939,Shot-Stopper / Traditional,info@kumasiunited.gh,Club sporting director / first-team office
2624,Lukas Horak-Vesely,MF,24,Czechia,Czechia Second Division,2,Olomouc Wanderers,86400,yes,0,-19.2,,63.24167809383184,0.0,Unknown,2026,1914,Flexible / Multi-System,info@olomoucwanderers.cz,Club sporting director / first-team office
3878,Saba Beridze-Kapanadze,GK,24,Georgia,Georgia Second Division - West,2,Tbilisi Town,87517,no,87517,-19.2,,51.310500636971426,0.0,Yes,2026,2336,Sweeper-Keeper / High Line,info@tbilisitown.ge,Go through the player's agent - ask the club to confirm representation first
3683,Igor Trajkovski-Angelovski,MF,26,North Macedonia,North Macedonia Provincial League,3,Tetovo Wanderers,78662,no,78662,-19.4,,43.52855713561056,0.0,Unknown,2028,1986,Flexible / Multi-System,info@tetovowanderers.mk,Club sporting director / first-team office
576,Lukas Bauer,DF,26,Austria,Austria Regional League,3,Wels SC,65500,yes,0,-19.4,,24.537710704456217,0.0,Yes,2029,1564,Flexible / Multi-System,info@welssc.at,Go through the player's agent - ask the club to confirm representation first
1295,Marko Ilic-Perovic,DF,18,Montenegro,Montenegro Second Division - East,2,Berane Wanderers,79032,no,79032,-19.4,,23.84565260940843,0.0,Unknown,2029,2562,Flexible / Multi-System,info@beranewanderers.me,Club sporting director / first-team office
2507,Jesus Gonzalez-Martinez,DF,25,Venezuela,Venezuela Third Tier - South,4,Maracaibo Rangers,79762,no,79762,-19.4,,31.897324814580934,0.0,Unknown,2029,1673,Flexible / Multi-System,info@maracaiborangers.ve,Club sporting director / first-team office
3388,Bence Horvath-Kiss,DF,23,Hungary,Hungary Reserve League,3,Debrecen City,93905,no,93905,-19.4,,49.05478706171557,0.0,Yes,2027,1973,Flexible / Multi-System,info@debrecencity.hu,Go through the player's agent - ask the club to confirm representation first
4405,Janis Kalns,DF,25,Latvia,Latvia Regional League,4,Liepaja Town,68300,yes,0,-19.4,,66.70925712225795,0.0,Unknown,2027,1344,Flexible / Multi-System,info@liepajatown.lv,Club sporting director / first-team office
2863,Tim Zupan-Novak,DF,24,Slovenia,Slovenia Second Division - East,4,Celje Town,65700,yes,0,-19.5,,84.7918216306044,0.0,No,2026,2052,Flexible / Multi-System,info@celjetown.si,Club sporting director / first-team office
2426,Jasur Karimov-Yusupov,DF,23,Uzbekistan,Uzbekistan Regional League,2,Tashkent Athletic,114400,yes,0,-19.5,,54.21427184379315,0.0,Unknown,2027,1921,Flexible / Multi-System,info@tashkentathletic.uz,Club sporting director / first-team office
3310,Igor Radovic,FW,24,Montenegro,Montenegro Regional League,2,Niksic Town,89276,no,89276,-19.5,,51.22123560595736,0.0,Yes,2026,1539,Flexible / Multi-System,info@niksictown.me,Go through the player's agent - ask the club to confirm representation first
4844,Karlo Kovacevic,MF,20,Croatia,Croatia Third Tier - South,2,Osijek FC,81926,no,81926,-19.5,,49.04323071652474,0.0,Unknown,2027,2154,Flexible / Multi-System,info@osijekfc.hr,Club sporting director / first-team office
3031,Bartosz Szymanski-Mazur,FW,25,Poland,Poland Regional League,4,Rzeszow Rangers,88200,yes,0,-19.5,,72.60056536703195,0.0,No,2027,1250,Flexible / Multi-System,info@rzeszowrangers.pl,Club sporting director / first-team office
308,Karl Saar-Mets,MF,18,Estonia,Estonia Regional League,2,Tallinn FC,95229,no,95229,-19.6,,44.748100053490056,0.0,Yes,2026,2128,Flexible / Multi-System,info@tallinnfc.ee,Go through the player's agent - ask the club to confirm representation first
3631,Petar Kovacevic-Perovic,DF,22,Montenegro,Montenegro Regional League,2,Bar SC,95647,no,95647,-19.6,,60.274656208452924,0.0,Unknown,2026,1954,Flexible / Multi-System,info@barsc.me,Club sporting director / first-team office
1868,Miguel Campos-Solano,DF,25,Costa Rica,Costa Rica Second Division - East,3,San Jose United,115700,yes,0,-19.7,,75.11938208352922,0.0,No,2026,1227,Flexible / Multi-System,info@sanjoseunited.cr,Club sporting director / first-team office
845,Gergo Szabo,DF,23,Hungary,Hungary Provincial League,2,Kecskemet FC,89076,no,89076,-19.7,,45.010397228562134,0.0,Yes,2027,2220,Flexible / Multi-System,info@kecskemetfc.hu,Go through the player's agent - ask the club to confirm representation first
174,Goran Stojanovski,FW,23,North Macedonia,North Macedonia Provincial League,4,Ohrid Rangers,78900,yes,0,-19.8,,37.97062370175774,0.0,Yes,2028,1850,Flexible / Multi-System,info@ohridrangers.mk,Go through the player's agent - ask the club to confirm representation first
1575,Karl Kukk-Mets,MF,23,Estonia,Estonia Provincial League,3,Tartu Town,75098,no,75098,-19.8,,78.0146551826842,0.0,No,2026,2447,Flexible / Multi-System,info@tartutown.ee,Club sporting director / first-team office
1143,Nejc Zupan-Horvat,DF,23,Slovenia,Slovenia Reserve League,2,Maribor City,82300,yes,0,-19.9,,62.101059351964146,0.0,No,2027,2501,Flexible / Multi-System,info@mariborcity.si,Club sporting director / first-team office
4545,Shamar Reid,GK,23,Jamaica,Jamaica Second Division - East,4,May Pen SC,85572,no,85572,-19.9,,37.70187476077352,0.0,Yes,2028,1603,Shot-Stopper / Traditional,info@maypensc.jm,Go through the player's agent - ask the club to confirm representation first
2530,Adam Nagy-Szabo,MF,23,Hungary,Hungary Second Division - East,3,Gyor United,119102,no,119102,-19.9,,28.669573818893525,0.0,Unknown,2029,1307,Counter-Attack / Transition,info@gyorunited.hu,Club sporting director / first-team office
2203,Bojan Petrovic-Milic,DF,24,Serbia,Serbia Second Division - East,4,Nis United,69192,no,69192,-20.1,,35.9440584751002,0.0,No,2029,1661,Flexible / Multi-System,info@nisunited.rs,Club sporting director / first-team office
1391,Bledi Hoxha-Shala,DF,25,Albania,Albania Second Division - West,2,Elbasan City,78300,yes,0,-20.1,,30.231231440354357,0.0,No,2029,2214,Flexible / Multi-System,info@elbasancity.al,Club sporting director / first-team office
1378,Adalberto Murillo-Godoy,DF,17,Panama,Panama Second Division - West,2,Panama City Athletic,106479,no,106479,-20.1,,15.142636900543543,0.0,No,2028,2351,Flexible / Multi-System,info@panamacityathletic.pa,"Club youth/academy office ONLY - player is a minor, do not contact directly"
3253,Ethan Mitchell,DF,21,New Zealand,New Zealand Reserve League,2,Auckland Rangers,67962,no,67962,-20.1,,37.09574595997778,0.0,Unknown,2028,2109,Flexible / Multi-System,info@aucklandrangers.nz,Club sporting director / first-team office
4104,Nika Kiknadze-Gelashvili,FW,25,Georgia,Georgia Reserve League,2,Kutaisi Wanderers,98659,no,98659,-20.1,,43.37730674781007,0.0,No,2028,2285,Flexible / Multi-System,info@kutaisiwanderers.ge,Club sporting director / first-team office
3158,Michael Escobar,DF,24,Panama,Panama Amateur League,3,David Town,84100,yes,0,-20.3,,29.55592152053635,0.0,Unknown,2029,1613,Low Block / Park the Bus,info@davidtown.pa,Club sporting director / first-team office
1239,Andrej Nikolic-Jovanovic,FW,26,Montenegro,Montenegro Second Division - East,2,Danilovgrad FC,97838,no,97838,-20.4,,29.6476708361755,0.0,No,2029,1651,Flexible / Multi-System,info@danilovgradfc.me,Club sporting director / first-team office
4181,Ziga Kovac-Zupan,FW,22,Slovenia,Slovenia Amateur League,3,Maribor Rangers,64200,yes,0,-20.4,,32.38698909009754,0.0,No,2029,2598,Flexible / Multi-System,info@mariborrangers.si,Club sporting director / first-team office
4009,Wesly Elvir-Palacios,MF,26,Honduras,Honduras Reserve League,4,Tegucigalpa Rangers,86789,no,86789,-20.4,,65.32542682952189,0.0,Unknown,2027,1893,Flexible / Multi-System,info@tegucigalparangers.hn,Club sporting director / first-team office
761,Yves Bamba-Kone,MF,21,Ivory Coast,Ivory Coast Provincial League,2,Abidjan FC,93947,no,93947,-20.4,,27.40950398293056,0.0,No,2029,1951,Flexible / Multi-System,info@abidjanfc.ci,Club sporting director / first-team office
2451,Dominik Toth-Urban,MF,25,Slovakia,Slovakia Second Division,4,Trnava Wanderers,61900,yes,0,-20.5,,47.750512323783674,0.0,Unknown,2028,1773,Flexible / Multi-System,info@trnavawanderers.sk,Club sporting director / first-team office
4162,Jean Onana-Ngoy,FW,23,Cameroon,Cameroon Provincial League,4,Bafoussam Athletic,96100,yes,0,-20.5,,64.74550453633786,0.0,Unknown,2027,1942,Flexible / Multi-System,info@bafoussamathletic.cm,Club sporting director / first-team office
3258,Silvan Schmid,DF,26,Switzerland,Switzerland Second Division - East,3,Sion Town,86200,yes,0,-20.5,,23.955115540132784,0.0,Yes,2029,1560,Flexible / Multi-System,info@siontown.ch,Go through the player's agent - ask the club to confirm representation first
1697,Anon Wongsa-Srisawat,GK,26,Thailand,Thailand Reserve League,2,Khon Kaen SC,81975,no,81975,-20.5,,32.17531699069623,0.0,Yes,2028,861,Sweeper-Keeper / High Line,info@khonkaensc.th,Go through the player's agent - ask the club to confirm representation first
1199,Nattapong Rattanakosin-Sanguan,MF,23,Thailand,Thailand Reserve League,2,Khon Kaen SC,80900,yes,0,-20.5,,45.391173623568726,0.0,Yes,2027,2131,Flexible / Multi-System,info@khonkaensc.th,Go through the player's agent - ask the club to confirm representation first
4430,Roman Godoy,FW,21,Panama,Panama Third Tier - South,2,Panama City Athletic,84600,yes,0,-20.6,,64.9594678101063,0.0,No,2026,2351,Flexible / Multi-System,info@panamacityathletic.pa,Club sporting director / first-team office
1119,Nicolas Torres-Flores,GK,19,Bolivia,Bolivia Reserve League,2,Oruro FC,117647,no,117647,-20.7,,23.02985204322998,0.0,Unknown,2029,1137,Sweeper-Keeper / High Line,info@orurofc.bo,Club sporting director / first-team office
3316,Levente Kiss-Varga,MF,21,Hungary,Hungary Third Tier - North,2,Debrecen FC,60400,yes,0,-20.7,,48.82778753667716,0.0,Yes,2026,2312,Flexible / Multi-System,info@debrecenfc.hu,Go through the player's agent - ask the club to confirm representation first
4102,Jan Novak-Vesely,MF,21,Czechia,Czechia Third Tier - North,2,Olomouc FC,62000,yes,0,-20.7,,28.42458670473614,0.0,No,2029,2691,Flexible / Multi-System,info@olomoucfc.cz,Club sporting director / first-team office
3500,Kittipong Rattanakosin-Boonmee,GK,26,Thailand,Thailand Amateur League,2,Khon Kaen City,71613,no,71613,-20.8,,40.0836415032812,0.0,Unknown,2028,2333,Sweeper-Keeper / High Line,info@khonkaencity.th,Club sporting director / first-team office
1314,Ibrahima Diop-Diallo,MF,20,Senegal,Senegal Provincial League,2,Thies Athletic,102761,no,102761,-20.8,,44.45104030436414,0.0,Yes,2026,1887,Flexible / Multi-System,info@thiesathletic.sn,Go through the player's agent - ask the club to confirm representation first
4977,Kacper Zielinski,MF,23,Poland,Poland Third Tier - South,2,Gdynia Town,83000,yes,0,-20.9,,62.05505446943977,0.0,No,2027,2031,Flexible / Multi-System,info@gdyniatown.pl,Club sporting director / first-team office
823,Lukas Varga-Molnar,FW,20,Slovakia,Slovakia Provincial League,4,Trnava United,82463,no,82463,-21.0,,31.098317742758855,0.0,No,2029,1750,Flexible / Multi-System,info@trnavaunited.sk,Club sporting director / first-team office
1201,Bartosz Wojcik-Szymanski,GK,20,Poland,Poland Second Division,3,Tychy SC,87800,no,87800,-21.0,,37.876994083696204,0.0,Unknown,2028,2185,Flexible / Multi-System,info@tychysc.pl,Club sporting director / first-team office
285,Uros Krstic,DF,24,Serbia,Serbia Amateur League,4,Nis Rangers,67745,no,67745,-21.1,,47.374998391964766,0.0,Unknown,2028,2002,Flexible / Multi-System,info@nisrangers.rs,Club sporting director / first-team office
787,Marton Kovacs,MF,21,Hungary,Hungary Second Division - East,2,Szombathely Rangers,61600,yes,0,-21.1,,30.39135656679186,0.0,Yes,2028,2518,Flexible / Multi-System,info@szombathelyrangers.hu,Go through the player's agent - ask the club to confirm representation first
2105,Diyorbek Tashkentov,FW,24,Uzbekistan,Uzbekistan Regional League,2,Bukhara United,94500,yes,0,-21.1,,61.35447029860365,0.0,No,2027,1976,Flexible / Multi-System,info@bukharaunited.uz,Club sporting director / first-team office
1426,Giorgi Kiknadze-Beridze,MF,24,Georgia,Georgia Second Division - East,2,Kutaisi Athletic,62055,no,62055,-21.1,,46.45676229596455,0.0,Yes,2027,2341,Flexible / Multi-System,info@kutaisiathletic.ge,Go through the player's agent - ask the club to confirm representation first
3458,Luca Bianchi-Frei,MF,19,Switzerland,Switzerland Provincial League,4,Thun Town,61501,no,61501,-21.2,,23.28642359428364,0.0,Yes,2029,2515,Flexible / Multi-System,info@thuntown.ch,Go through the player's agent - ask the club to confirm representation first
2677,Edgars Vitols,FW,24,Latvia,Latvia Second Division - East,3,Daugavpils Rangers,78800,yes,0,-21.2,,48.43711319274616,0.0,No,2028,2373,Flexible / Multi-System,info@daugavpilsrangers.lv,Club sporting director / first-team office
617,Souleymane Diarra-Traore,GK,25,Mali,Mali Amateur League,2,Sikasso SC,88584,no,88584,-21.3,,70.23043171895351,0.0,No,2026,1437,Flexible / Multi-System,info@sikassosc.ml,Club sporting director / first-team office
76,Junior Rojas-Hernandez,DF,25,Venezuela,Venezuela Second Division - East,4,Caracas Athletic,106200,yes,0,-21.3,,50.69156041746429,0.0,No,2028,1528,Flexible / Multi-System,info@caracasathletic.ve,Club sporting director / first-team office
1437,Serge Bamba-Diabate,FW,22,Ivory Coast,Ivory Coast Second Division - East,2,Abidjan Rangers,85932,no,85932,-21.3,,21.04442179030861,0.0,Yes,2029,2339,Low Block / Park the Bus,info@abidjanrangers.ci,Go through the player's agent - ask the club to confirm representation first
4711,Andres Kukk-Kask,FW,17,Estonia,Estonia Second Division - West,2,Tartu Town,99616,no,99616,-21.4,,19.28455713869542,0.0,Unknown,2027,2650,Flexible / Multi-System,info@tartutown.ee,"Club youth/academy office ONLY - player is a minor, do not contact directly"
517,Andre Njie-Mbia,DF,21,Cameroon,Cameroon Provincial League,4,Garoua United,89866,no,89866,-21.5,,34.58364857647748,0.0,Yes,2028,1609,High Press / Gegenpressing,info@garouaunited.cm,Go through the player's agent - ask the club to confirm representation first
1900,Vasil Stojanovski-Ristovski,DF,19,North Macedonia,North Macedonia Third Tier - North,2,Skopje City,80940,no,80940,-21.5,,45.38921037993036,0.0,Yes,2026,2441,Flexible / Multi-System,info@skopjecity.mk,Go through the player's agent - ask the club to confirm representation first
4876,Emiliano Sanchez-Perez,MF,25,Paraguay,Paraguay Reserve League,4,Asuncion Wanderers,74306,no,74306,-21.5,,38.170458692466156,0.0,Yes,2028,1923,Flexible / Multi-System,info@asuncionwanderers.py,Go through the player's agent - ask the club to confirm representation first
1742,Luka Lomidze-Kiknadze,FW,24,Georgia,Georgia Reserve League,3,Kutaisi SC,62714,no,62714,-21.5,,49.41455649314456,0.0,No,2028,2494,Flexible / Multi-System,info@kutaisisc.ge,Club sporting director / first-team office
323,Ardit Meta-Shala,FW,20,Albania,Albania Second Division - East,3,Vlore SC,114919,no,114919,-21.5,,52.13074590134817,0.0,Unknown,2027,1489,Flexible / Multi-System,info@vloresc.al,Club sporting director / first-team office
1490,Florian Steiner-Huber,DF,20,Austria,Austria Third Tier - South,2,Linz City,90286,no,90286,-21.5,,34.509585273882315,0.0,Unknown,2028,2471,Flexible / Multi-System,info@linzcity.at,Club sporting director / first-team office
2895,Cole Taylor-Smith,MF,25,New Zealand,New Zealand Second Division - West,4,Wellington FC,112169,no,112169,-21.5,,50.44959465063275,0.0,No,2028,1279,Possession / Build-from-the-Back,info@wellingtonfc.nz,Club sporting director / first-team office
1446,Marton Nagy-Horvath,MF,24,Hungary,Hungary Regional League,4,Debrecen Rovers,65600,yes,0,-21.5,,74.50568603519051,0.0,No,2027,2081,Flexible / Multi-System,info@debrecenrovers.hu,Club sporting director / first-team office
4350,Maximiliano Pereira-Gonzalez,FW,19,Uruguay,Uruguay Reserve League,4,Rivera Wanderers,105136,no,105136,-21.6,,44.5754639424248,0.0,No,2028,2412,Flexible / Multi-System,info@riverawanderers.uy,Club sporting director / first-team office
2985,Bruno Rodriguez,FW,24,Uruguay,Uruguay Second Division,2,Paysandu Rangers,82100,yes,0,-21.6,,51.59817163025699,0.0,Yes,2026,2287,Flexible / Multi-System,info@paysandurangers.uy,Go through the player's agent - ask the club to confirm representation first
1343,Balazs Toth,MF,17,Hungary,Hungary Regional League,4,Szeged City,111133,no,111133,-21.6,,25.003154122621112,0.0,No,2027,1820,Flexible / Multi-System,info@szegedcity.hu,"Club youth/academy office ONLY - player is a minor, do not contact directly"
1993,Edgars Liepa-Kalns,MF,26,Latvia,Latvia Third Tier - South,3,Jelgava United,103490,no,103490,-21.6,,29.024219211075465,0.0,Unknown,2029,1753,Flexible / Multi-System,info@jelgavaunited.lv,Club sporting director / first-team office
4799,Callum Mitchell-Taylor,FW,24,New Zealand,New Zealand Reserve League,3,Christchurch United,94200,yes,0,-21.7,,42.847378281328304,0.0,Unknown,2028,1896,Flexible / Multi-System,info@christchurchunited.nz,Club sporting director / first-team office
623,Nejc Krajnc-Zupan,FW,20,Slovenia,Slovenia Third Tier - North,4,Celje SC,66738,no,66738,-21.8,,31.6793977398753,0.0,No,2029,2581,Flexible / Multi-System,info@celjesc.si,Club sporting director / first-team office
4409,Bryan Elvir-Chirinos,DF,17,Honduras,Honduras Regional League,2,La Ceiba Wanderers,83523,no,83523,-21.8,,21.795960975617938,0.0,No,2027,2307,Flexible / Multi-System,info@laceibawanderers.hn,"Club youth/academy office ONLY - player is a minor, do not contact directly"
4783,Sota Sato-Suzuki,DF,17,Japan,Japan Provincial League,3,Sendai Athletic,86023,no,86023,-21.8,,10.366280067727217,0.0,Unknown,2029,2568,Flexible / Multi-System,info@sendaiathletic.jp,"Club youth/academy office ONLY - player is a minor, do not contact directly"
3401,Emmanuel Mensah-Owusu,DF,25,Ghana,Ghana Provincial League,3,Kumasi Rovers,117320,no,117320,-21.8,,42.03234817875793,0.0,Unknown,2028,1266,Counter-Attack / Transition,info@kumasirovers.gh,Club sporting director / first-team office
795,Tomas Svoboda,MF,21,Czechia,Czechia Third Tier - South,4,Zlin Wanderers,87064,no,87064,-21.8,,47.51755824380513,0.0,No,2028,1852,Flexible / Multi-System,info@zlinwanderers.cz,Club sporting director / first-team office
1627,Junior Rojas-Martinez,MF,19,Venezuela,Venezuela Provincial League,3,Caracas Town,80680,no,80680,-21.9,,29.004828073909362,0.0,No,2029,2104,Flexible / Multi-System,info@caracastown.ve,Club sporting director / first-team office
1968,Wuilker Hernandez-Rondon,MF,24,Venezuela,Venezuela Second Division - East,3,Valencia United,72700,yes,0,-22.0,,24.314810807722743,0.0,Yes,2029,2057,Flexible / Multi-System,info@valenciaunited.ve,Go through the player's agent - ask the club to confirm representation first
3846,Toni Barisic-Kovacevic,FW,23,Croatia,Croatia Reserve League,2,Rudes SC,76889,no,76889,-22.0,,62.471707389271316,0.0,No,2027,2483,Flexible / Multi-System,info@rudessc.hr,Club sporting director / first-team office
4022,Sander Kukk-Pikk,FW,18,Estonia,Estonia Regional League,3,Parnu Wanderers,99235,no,99235,-22.0,,28.484207077448257,0.0,No,2029,2324,Flexible / Multi-System,info@parnuwanderers.ee,Club sporting director / first-team office
3774,Tomas Kovac-Horvath,MF,20,Slovakia,Slovakia Third Tier - North,4,Trencin Wanderers,66991,no,66991,-22.1,,46.36846120856944,0.0,No,2028,2433,Flexible / Multi-System,info@trencinwanderers.sk,Club sporting director / first-team office
4717,Marton Szabo-Molnar,MF,25,Hungary,Hungary Regional League,3,Pecs Wanderers,115700,yes,0,-22.1,,42.08351809841191,0.0,Unknown,2028,1203,Flexible / Multi-System,info@pecswanderers.hu,Club sporting director / first-team office
4084,Chai Srisawat,DF,25,Thailand,Thailand Second Division - West,3,Chiang Mai Rovers,71048,no,71048,-22.1,,61.88563746042877,0.0,Unknown,2027,1785,Flexible / Multi-System,info@chiangmairovers.th,Club sporting director / first-team office
4550,Bekzod Rashidov-Karimov,DF,22,Uzbekistan,Uzbekistan Second Division,2,Bukhara City,67100,yes,0,-22.1,,44.3684068478886,0.0,Yes,2027,2236,Flexible / Multi-System,info@bukharacity.uz,Go through the player's agent - ask the club to confirm representation first
3097,Min-jun Kang-Park,GK,24,South Korea,South Korea Third Tier - North,3,Daejeon FC,66559,no,66559,-22.1,,70.84227406819662,0.0,Unknown,2026,919,Sweeper-Keeper / High Line,info@daejeonfc.kr,Club sporting director / first-team office
4859,Fabian Muller,DF,23,Switzerland,Switzerland Second Division - East,2,Thun City,119111,no,119111,-22.2,,21.268390073251947,0.0,Yes,2029,1490,Counter-Attack / Transition,info@thuncity.ch,Go through the player's agent - ask the club to confirm representation first
4931,Abdoulaye Gueye,DF,18,Senegal,Senegal Second Division - East,2,Saint-Louis United,80666,no,80666,-22.2,,45.40267979094649,0.0,Yes,2026,2104,Flexible / Multi-System,info@saintlouisunited.sn,Go through the player's agent - ask the club to confirm representation first
3916,Kofi Owusu-Agyemang,MF,24,Ghana,Ghana Provincial League,3,Sekondi Wanderers,86000,yes,0,-22.3,,32.829640562686286,0.0,No,2029,2152,Flexible / Multi-System,info@sekondiwanderers.gh,Club sporting director / first-team office
3999,Andres Saar-Mets,DF,21,Estonia,Estonia Third Tier - North,2,Narva United,113170,no,113170,-22.3,,19.68100876385095,0.0,Yes,2029,1948,Flexible / Multi-System,info@narvaunited.ee,Go through the player's agent - ask the club to confirm representation first
970,Emmanuel Owusu-Agyemang,GK,24,Ghana,Ghana Regional League,4,Kumasi Town,64100,yes,0,-22.4,,47.60481587872457,0.0,Unknown,2028,1378,Shot-Stopper / Traditional,info@kumasitown.gh,Club sporting director / first-team office
3547,Uros Jovanovic,MF,24,Serbia,Serbia Regional League,3,Nis Rangers,79400,yes,0,-22.4,,24.127974304600553,0.0,Yes,2029,2047,Flexible / Multi-System,info@nisrangers.rs,Go through the player's agent - ask the club to confirm representation first
1010,Rasmus Tamm,MF,25,Estonia,Estonia Second Division - West,2,Parnu City,91036,no,91036,-22.4,,43.683597165822086,0.0,No,2028,1724,Flexible / Multi-System,info@parnucity.ee,Club sporting director / first-team office
3277,Zsolt Szabo,DF,23,Hungary,Hungary Regional League,2,Gyor United,63600,yes,0,-22.4,,22.468698052364957,0.0,Yes,2029,2014,Flexible / Multi-System,info@gyorunited.hu,Go through the player's agent - ask the club to confirm representation first
3000,Mamadou Ndiaye-Diop,MF,25,Senegal,Senegal Provincial League,3,Dakar Town,88000,yes,0,-22.5,,76.93986889762431,0.0,No,2026,2133,Flexible / Multi-System,info@dakartown.sn,Club sporting director / first-team office
2106,Philipp Mayer-Steiner,DF,26,Austria,Austria Amateur League,4,Wels SC,113000,yes,0,-22.5,,72.6567526777353,0.0,Unknown,2026,1455,Flexible / Multi-System,info@welssc.at,Club sporting director / first-team office
4193,Piotr Wojcik,DF,24,Poland,Poland Amateur League,2,Olsztyn SC,71500,yes,0,-22.5,,40.08918054544706,0.0,Unknown,2028,2416,Flexible / Multi-System,info@olsztynsc.pl,Club sporting director / first-team office
2739,Min-jun Park-Lee,GK,25,South Korea,South Korea Third Tier - South,4,Daegu Wanderers,62265,no,62265,-22.5,,36.277358150540714,0.0,No,2029,1225,Flexible / Multi-System,info@daeguwanderers.kr,Club sporting director / first-team office
1944,Emmanuel Zulu-Banda,MF,23,Zambia,Zambia Amateur League,2,Ndola City,79500,yes,0,-22.6,,44.20459560787223,0.0,No,2028,2149,Flexible / Multi-System,info@ndolacity.zm,Club sporting director / first-team office
3389,Liam Clarke,MF,26,New Zealand,New Zealand Reserve League,4,Wellington FC,111300,yes,0,-22.7,,36.84458267376529,0.0,Yes,2028,1171,Counter-Attack / Transition,info@wellingtonfc.nz,Go through the player's agent - ask the club to confirm representation first
1680,Emiliano Lopez-Gonzalez,FW,25,Paraguay,Paraguay Third Tier - South,4,Ciudad del Este SC,65800,yes,0,-22.7,,26.348606377513654,0.0,Yes,2029,2041,Flexible / Multi-System,info@ciudaddelestesc.py,Go through the player's agent - ask the club to confirm representation first
2175,Jasur Karimov-Rustamov,MF,23,Uzbekistan,Uzbekistan Amateur League,3,Samarkand FC,61500,yes,0,-22.8,,69.75007383269204,0.0,No,2027,2011,Flexible / Multi-System,info@samarkandfc.uz,Club sporting director / first-team office
3033,Piotr Szymanski,DF,20,Poland,Poland Third Tier - North,3,Tychy United,65659,no,65659,-22.8,,44.468858153179504,0.0,Yes,2027,2086,Flexible / Multi-System,info@tychyunited.pl,Go through the player's agent - ask the club to confirm representation first
4344,Sander Kask-Saar,DF,25,Estonia,Estonia Second Division,3,Narva Wanderers,73100,yes,0,-22.9,,48.75638808586761,0.0,No,2028,1771,Flexible / Multi-System,info@narvawanderers.ee,Club sporting director / first-team office
1051,Bekzod Rustamov-Rashidov,GK,22,Uzbekistan,Uzbekistan Regional League,2,Tashkent Athletic,115503,no,115503,-23.0,,30.02535811248705,0.0,Yes,2028,2514,Flexible / Multi-System,info@tashkentathletic.uz,Go through the player's agent - ask the club to confirm representation first
4714,Blaze Angelovski-Ristovski,MF,26,North Macedonia,North Macedonia Third Tier - North,3,Stip Wanderers,89600,yes,0,-23.1,,43.03549046527651,0.0,Unknown,2028,1647,Flexible / Multi-System,info@stipwanderers.mk,Club sporting director / first-team office
2317,Esteban Ramirez,MF,23,Costa Rica,Costa Rica Third Tier - North,3,San Jose Town,65000,yes,0,-23.1,,69.4130816338349,0.0,No,2027,2263,Flexible / Multi-System,info@sanjosetown.cr,Club sporting director / first-team office
3816,Quang Hoang-Vu,MF,25,Vietnam,Vietnam Amateur League,3,Da Nang Rangers,81200,yes,0,-23.1,,77.48319549354059,0.0,No,2026,2015,Flexible / Multi-System,info@danangrangers.vn,Club sporting director / first-team office
347,Stefan Steiner-Wagner,DF,25,Austria,Austria Amateur League,3,Klagenfurt Town,80600,yes,0,-23.2,,56.58610132647761,0.0,Yes,2026,2218,Flexible / Multi-System,info@klagenfurttown.at,Go through the player's agent - ask the club to confirm representation first
2456,Yves Toure-Kone,MF,22,Ivory Coast,Ivory Coast Second Division - West,2,Abidjan SC,98008,no,98008,-23.2,,66.93891824157184,0.0,No,2026,1703,Flexible / Multi-System,info@abidjansc.ci,Club sporting director / first-team office
1245,Bjarni Karlsson-Halldorsson,DF,25,Iceland,Iceland Amateur League,2,Akureyri Rovers,89200,yes,0,-23.3,,51.22505274584397,0.0,Yes,2026,1824,Flexible / Multi-System,info@akureyrirovers.is,Go through the player's agent - ask the club to confirm representation first
4921,Serge Kouassi-Kone,MF,25,Ivory Coast,Ivory Coast Amateur League,3,Abidjan Wanderers,70900,yes,0,-23.4,,33.38898344172356,0.0,No,2029,1762,Flexible / Multi-System,info@abidjanwanderers.ci,Club sporting director / first-team office
4660,Milos Nikolic-Jovanovic,GK,20,Montenegro,Montenegro Provincial League,4,Berane SC,102200,no,102200,-23.5,,44.68607092577318,0.0,No,2028,1396,Flexible / Multi-System,info@beranesc.me,Club sporting director / first-team office
343,Ziga Novak,FW,20,Slovenia,Slovenia Third Tier - South,4,Ljubljana Athletic,95299,no,95299,-23.5,,30.707137978648987,0.0,No,2029,1671,Flexible / Multi-System,info@ljubljanaathletic.si,Club sporting director / first-team office
4173,Sander Pikk-Kukk,FW,25,Estonia,Estonia Second Division - East,4,Tartu Wanderers,72100,yes,0,-23.5,,73.89229718807984,0.0,No,2027,1884,Flexible / Multi-System,info@tartuwanderers.ee,Club sporting director / first-team office
657,Andre Reid-Lowe,GK,24,Jamaica,Jamaica Amateur League,3,May Pen Town,75551,no,75551,-23.7,,35.48123190080604,0.0,Yes,2028,2592,Flexible / Multi-System,info@maypentown.jm,Go through the player's agent - ask the club to confirm representation first
1778,Kristers K. Berzins,DF,22,Latvia,Latvia Third Tier - South,3,Liepaja Rangers,89274,no,89274,-23.8,,33.624158145978015,0.0,Yes,2028,2208,Flexible / Multi-System,info@liepajarangers.lv,Go through the player's agent - ask the club to confirm representation first
3571,Emmanuel Owusu,DF,18,Ghana,Ghana Second Division - East,3,Tamale Rangers,88635,no,88635,-23.9,,28.76715090671771,0.0,No,2029,2034,Flexible / Multi-System,info@tamalerangers.gh,Club sporting director / first-team office
4204,Gentian Duro-Meta,DF,20,Albania,Albania Amateur League,3,Durres Town,118364,no,118364,-23.9,,36.89984639811181,0.0,Unknown,2028,1633,Flexible / Multi-System,info@durrestown.al,Club sporting director / first-team office
1228,Bledi Meta-Krasniqi,MF,25,Albania,Albania Reserve League,2,Durres FC,111392,no,111392,-24.0,,29.312999942276637,0.0,No,2029,1671,Flexible / Multi-System,info@durresfc.al,Club sporting director / first-team office
4750,Max Bamba-Traore,DF,26,Ivory Coast,Ivory Coast Second Division,4,Bouake Rovers,63200,yes,0,-24.1,,53.046753633325,0.0,No,2028,2078,Flexible / Multi-System,info@bouakerovers.ci,Club sporting director / first-team office
1862,Nattapong Srisawat-Sanguan,FW,24,Thailand,Thailand Reserve League,3,Khon Kaen Athletic,71579,no,71579,-24.2,,29.975774430304902,0.0,Unknown,2029,2083,Flexible / Multi-System,info@khonkaenathletic.th,Club sporting director / first-team office
1521,Remo Frei,MF,24,Switzerland,Switzerland Reserve League,2,St. Gallen Athletic,89000,yes,0,-24.2,,55.41843798470554,0.0,Unknown,2027,1901,Flexible / Multi-System,info@stgallenathletic.ch,Club sporting director / first-team office
4958,Karlo Matic-Barisic,GK,23,Croatia,Croatia Regional League,2,Zagreb Wanderers,71236,no,71236,-24.3,,44.631176705903016,0.0,No,2028,944,Flexible / Multi-System,info@zagrebwanderers.hr,Club sporting director / first-team office
1481,Ivan Kovac,DF,24,Croatia,Croatia Third Tier - North,3,Osijek SC,63700,yes,0,-24.3,,79.14645646107917,0.0,No,2026,1705,Flexible / Multi-System,info@osijeksc.hr,Club sporting director / first-team office
4874,Anon Rattanakosin-Charoensuk,MF,26,Thailand,Thailand Provincial League,4,Khon Kaen FC,103000,yes,0,-24.4,,34.71432657781646,0.0,No,2029,1614,Flexible / Multi-System,info@khonkaenfc.th,Club sporting director / first-team office
859,Seo-jun Choi,DF,24,South Korea,South Korea Third Tier - South,3,Gwangju Town,104418,no,104418,-24.4,,66.59297227099073,0.0,No,2027,1775,Flexible / Multi-System,info@gwangjutown.kr,Club sporting director / first-team office
2045,Carlos Campos,DF,24,Costa Rica,Costa Rica Reserve League,2,San Jose City,99600,yes,0,-24.4,,62.459808103754085,0.0,Unknown,2026,1987,Flexible / Multi-System,info@sanjosecity.cr,Club sporting director / first-team office
3419,Carlos Quinonez-Suarez,MF,22,Ecuador,Ecuador Second Division - East,3,Guayaquil FC,105409,no,105409,-24.4,,45.406460064138614,0.0,No,2028,1525,Flexible / Multi-System,info@guayaquilfc.ec,Club sporting director / first-team office
2260,Marco Keller,FW,17,Switzerland,Switzerland Second Division,3,Aarau Rangers,86540,no,86540,-24.5,,12.321846405933083,0.0,Yes,2028,2249,Flexible / Multi-System,info@aaraurangers.ch,"Club youth/academy office ONLY - player is a minor, do not contact directly"
4274,Devon Reid-Powell,FW,21,Jamaica,Jamaica Third Tier - South,2,May Pen Athletic,97676,no,97676,-24.5,,64.14767595833116,0.0,No,2026,2513,Flexible / Multi-System,info@maypenathletic.jm,Club sporting director / first-team office
3278,Jose Barrios-Murillo,MF,22,Panama,Panama Third Tier - North,2,Panama City Rovers,62300,yes,0,-24.5,,54.979824570261805,0.0,Unknown,2027,2590,Flexible / Multi-System,info@panamacityrovers.pa,Club sporting director / first-team office
4861,Marlon Figueroa,MF,25,Honduras,Honduras Second Division,2,La Ceiba Town,92600,yes,0,-24.6,,43.61853593823841,0.0,No,2028,1812,Flexible / Multi-System,info@laceibatown.hn,Club sporting director / first-team office
3360,Santiago Martinez-Vargas,MF,24,Bolivia,Bolivia Second Division,3,Santa Cruz Athletic,66700,yes,0,-24.6,,49.14884148107938,0.0,No,2028,2166,Flexible / Multi-System,info@santacruzathletic.bo,Club sporting director / first-team office
2921,Lukas Dvorak-Vesely,GK,24,Czechia,Czechia Amateur League,3,Ceske Budejovice SC,69600,yes,0,-24.6,,50.357405814839204,0.0,Yes,2027,2601,Shot-Stopper / Traditional,info@ceskebudejovicesc.cz,Go through the player's agent - ask the club to confirm representation first
1999,Omar Kareem-Hassan,DF,23,Iraq,Iraq Second Division,3,Najaf Town,60800,yes,0,-24.6,,30.406931178534947,0.0,Unknown,2029,2432,Flexible / Multi-System,info@najaftown.iq,Club sporting director / first-team office
1642,Ziga Kranjc-Kovac,MF,18,Slovenia,Slovenia Regional League,3,Kranj United,76813,no,76813,-24.6,,38.322668075500495,0.0,Unknown,2028,2574,Flexible / Multi-System,info@kranjunited.si,Club sporting director / first-team office
1796,Shamar Campbell-Reid,MF,18,Jamaica,Jamaica Amateur League,2,May Pen Wanderers,118264,no,118264,-24.6,,23.019313810732733,0.0,Unknown,2029,2516,Flexible / Multi-System,info@maypenwanderers.jm,Club sporting director / first-team office
4853,Marlon Campbell-Brown,MF,19,Jamaica,Jamaica Reserve League,4,Spanish Town SC,64525,no,64525,-24.6,,58.90121905448009,0.0,Unknown,2027,2427,Flexible / Multi-System,info@spanishtownsc.jm,Club sporting director / first-team office
4256,Cheikh Sow-Gueye,DF,23,Senegal,Senegal Second Division - East,2,Ziguinchor Athletic,117815,no,117815,-24.7,,21.288759422833024,0.0,Yes,2029,1385,Flexible / Multi-System,info@ziguinchorathletic.sn,Go through the player's agent - ask the club to confirm representation first
2866,Kaito Takahashi-Ito,MF,18,Japan,Japan Third Tier - North,4,Sendai SC,73275,no,73275,-24.7,,53.85242720664331,0.0,Yes,2026,2321,Flexible / Multi-System,info@sendaisc.jp,Go through the player's agent - ask the club to confirm representation first
340,Damion Bailey-Reid,FW,19,Jamaica,Jamaica Amateur League,4,May Pen Wanderers,96410,no,96410,-24.7,,30.67601124132323,0.0,No,2029,1703,Flexible / Multi-System,info@maypenwanderers.jm,Club sporting director / first-team office
4319,Bryan Mejia-Martinez,FW,25,Honduras,Honduras Third Tier - South,2,La Ceiba FC,108100,yes,0,-24.7,,62.013835014016394,0.0,Unknown,2026,1908,Flexible / Multi-System,info@laceibafc.hn,Club sporting director / first-team office
4164,Jan Horvat-Novak,GK,23,Slovenia,Slovenia Reserve League,3,Koper Wanderers,73285,no,73285,-24.8,,78.18165420382842,0.0,No,2026,1459,Sweeper-Keeper / High Line,info@koperwanderers.si,Club sporting director / first-team office
4013,Ha-joon Park-Lee,GK,25,South Korea,South Korea Second Division - West,2,Daegu United,68400,yes,0,-24.8,,52.429042953520764,0.0,Yes,2026,2488,Shot-Stopper / Traditional,info@daeguunited.kr,Go through the player's agent - ask the club to confirm representation first
3188,Uros Milic-Nikolic,FW,22,Serbia,Serbia Reserve League,3,Backa Topola Wanderers,94138,no,94138,-24.9,,31.32026697195832,0.0,No,2029,2193,Direct / Target Approach,info@backatopolawanderers.rs,Club sporting director / first-team office
3835,Adalberto Torres-Godoy,DF,24,Panama,Panama Amateur League,2,Panama City SC,118121,no,118121,-24.9,,38.366336815116824,0.0,Unknown,2028,1630,Low Block / Park the Bus,info@panamacitysc.pa,Club sporting director / first-team office
4393,Anderson Perez-Hernandez,GK,21,Venezuela,Venezuela Second Division,3,Valencia Athletic,60800,yes,0,-24.9,,31.175370136002776,0.0,No,2029,1269,Shot-Stopper / Traditional,info@valenciaathletic.ve,Club sporting director / first-team office
2434,Wesly Palacios,MF,20,Honduras,Honduras Second Division - West,3,San Pedro Sula FC,107774,no,107774,-25.0,,37.203714340188185,0.0,Unknown,2028,1861,Flexible / Multi-System,info@sanpedrosulafc.hn,Club sporting director / first-team office
3051,Carlos Mendoza-Quinonez,MF,25,Ecuador,Ecuador Provincial League,2,Manta City,83800,yes,0,-25.2,,32.113386579343214,0.0,Yes,2028,1995,Flexible / Multi-System,info@mantacity.ec,Go through the player's agent - ask the club to confirm representation first
4525,Ziga Krajnc-Kranjc,MF,26,Slovenia,Slovenia Amateur League,2,Kranj Town,75727,no,75727,-25.2,,30.319745493816438,0.0,No,2029,2125,Flexible / Multi-System,info@kranjtown.si,Club sporting director / first-team office
1025,Chai Boonmee-Sanguan,FW,24,Thailand,Thailand Second Division,4,Nonthaburi Town,76100,yes,0,-25.2,,53.67446938221976,0.0,Yes,2027,1930,Flexible / Multi-System,info@nonthaburitown.th,Go through the player's agent - ask the club to confirm representation first
3836,Philipp Mayer,FW,24,Austria,Austria Reserve League,3,Klagenfurt City,74600,yes,0,-25.2,,29.86754364132281,0.0,Unknown,2029,2035,Flexible / Multi-System,info@klagenfurtcity.at,Club sporting director / first-team office
4266,Gentian Bardhi-Meta,DF,26,Albania,Albania Second Division - East,2,Tirana City,73086,no,73086,-25.2,,40.012295336786984,0.0,Unknown,2028,2402,Flexible / Multi-System,info@tiranacity.al,Club sporting director / first-team office
292,Nicolas Ferreira,FW,26,Uruguay,Uruguay Regional League,4,Montevideo Town,73947,no,73947,-25.3,,38.18663760243597,0.0,Yes,2028,2032,Flexible / Multi-System,info@montevideotown.uy,Go through the player's agent - ask the club to confirm representation first
3126,Martin Sedlak-Urban,GK,23,Slovakia,Slovakia Second Division - East,3,Banska Bystrica SC,79918,no,79918,-25.3,,77.59116499854169,0.0,No,2026,1806,Sweeper-Keeper / High Line,info@banskabystricasc.sk,Club sporting director / first-team office
4667,Tim Zupan-Horvat,FW,25,Slovenia,Slovenia Third Tier - North,4,Kranj SC,117100,yes,0,-25.4,,72.43052265860202,0.0,Unknown,2026,1234,Counter-Attack / Transition,info@kranjsc.si,Club sporting director / first-team office
936,Jasur Yusupov-Tashkentov,GK,23,Uzbekistan,Uzbekistan Second Division,2,Andijan Town,97033,no,97033,-25.4,,69.67283350081033,0.0,No,2026,803,Flexible / Multi-System,info@andijantown.uz,Club sporting director / first-team office
931,Ondrej Kucera,MF,25,Czechia,Czechia Second Division - East,4,Olomouc Rangers,68600,yes,0,-25.4,,38.43825012905586,0.0,Yes,2028,2230,Flexible / Multi-System,info@olomoucrangers.cz,Go through the player's agent - ask the club to confirm representation first
3055,Darko Mitrovski-Trajkovski,MF,23,North Macedonia,North Macedonia Second Division,2,Ohrid Wanderers,91214,no,91214,-25.4,,26.803038052657545,0.0,Unknown,2029,2181,Flexible / Multi-System,info@ohridwanderers.mk,Club sporting director / first-team office
2724,Erion Shala-Meta,DF,24,Albania,Albania Regional League,3,Durres Wanderers,68679,no,68679,-25.5,,62.069544675032944,0.0,Unknown,2027,2417,Flexible / Multi-System,info@durreswanderers.al,Club sporting director / first-team office
2673,Wojciech Wisniewski,MF,26,Poland,Poland Provincial League,2,Bytom City,111300,yes,0,-25.5,,29.315119265764995,0.0,No,2029,1731,Low Block / Park the Bus,info@bytomcity.pl,Club sporting director / first-team office
4196,Ibrahim Boateng-Agyemang,FW,25,Ghana,Ghana Amateur League,2,Tamale Wanderers,104500,yes,0,-25.5,,43.159546259795825,0.0,No,2028,1828,Flexible / Multi-System,info@tamalewanderers.gh,Club sporting director / first-team office
1890,Luka Novak-Horvat,MF,24,Slovenia,Slovenia Third Tier - South,2,Ljubljana Rangers,104600,yes,0,-25.6,,62.19268623454996,0.0,Unknown,2026,2102,Flexible / Multi-System,info@ljubljanarangers.si,Club sporting director / first-team office
1156,Randall Morales-Castillo,DF,26,Costa Rica,Costa Rica Amateur League,4,Cartago Wanderers,114500,yes,0,-25.6,,51.78970498901382,0.0,Yes,2027,1442,Flexible / Multi-System,info@cartagowanderers.cr,Go through the player's agent - ask the club to confirm representation first
4923,Seo-jun Kim-Kang,DF,20,South Korea,South Korea Regional League,2,Busan FC,109819,no,109819,-25.6,,38.82712162626737,0.0,Yes,2027,2091,Flexible / Multi-System,info@busanfc.kr,Go through the player's agent - ask the club to confirm representation first
4815,Ardit Meta-Krasniqi,DF,23,Albania,Albania Reserve League,2,Durres Athletic,68200,yes,0,-25.7,,27.493705190937558,0.0,Unknown,2029,2331,Flexible / Multi-System,info@durresathletic.al,Club sporting director / first-team office
1658,Kristijan Trajkovski-Stojanovski,MF,21,North Macedonia,North Macedonia Regional League,2,Ohrid City,88303,no,88303,-25.8,,24.761958474308152,0.0,Unknown,2029,2190,Flexible / Multi-System,info@ohridcity.mk,Club sporting director / first-team office
1996,Jose Vargas-Campos,DF,25,Costa Rica,Costa Rica Third Tier - North,2,San Jose Athletic,69600,yes,0,-25.8,,64.44957075915717,0.0,Unknown,2026,1989,Flexible / Multi-System,info@sanjoseathletic.cr,Club sporting director / first-team office
2335,Rodrigo Lopez-Cardozo,DF,23,Paraguay,Paraguay Amateur League,3,Ciudad del Este United,76812,no,76812,-25.8,,68.40631570332148,0.0,No,2027,2417,Flexible / Multi-System,info@ciudaddelesteunited.py,Club sporting director / first-team office
1335,Jakub Nowak-Wisniewski,DF,18,Poland,Poland Second Division - East,3,Bytom Rangers,95846,no,95846,-25.9,,25.67166273315627,0.0,Unknown,2029,1967,Flexible / Multi-System,info@bytomrangers.pl,Club sporting director / first-team office
2071,Esteban Vargas,MF,22,Costa Rica,Costa Rica Reserve League,2,Heredia Athletic,77473,no,77473,-25.9,,42.603378012874074,0.0,No,2028,2367,Flexible / Multi-System,info@herediaathletic.cr,Club sporting director / first-team office
1939,Dominik Toth,MF,26,Slovakia,Slovakia Provincial League,3,Nitra City,106400,yes,0,-26.0,,47.18097411901172,0.0,No,2028,1785,Low Block / Park the Bus,info@nitracity.sk,Club sporting director / first-team office
4333,Jan Kranjc,MF,24,Slovenia,Slovenia Provincial League,2,Ljubljana FC,65932,no,65932,-26.0,,30.689447534593697,0.0,No,2029,2480,Flexible / Multi-System,info@ljubljanafc.si,Club sporting director / first-team office
4320,Klodian Duro-Shala,FW,26,Albania,Albania Second Division,2,Shkoder United,69140,no,69140,-26.1,,52.37970144427648,0.0,Yes,2026,2461,Flexible / Multi-System,info@shkoderunited.al,Go through the player's agent - ask the club to confirm representation first
4773,Ibrahima Faye-Sow,FW,22,Senegal,Senegal Amateur League,2,Thies Rangers,108900,yes,0,-26.1,,48.40548179385281,0.0,Yes,2026,2359,Flexible / Multi-System,info@thiesrangers.sn,Go through the player's agent - ask the club to confirm representation first
3541,Sherzod Rashidov-Rustamov,FW,23,Uzbekistan,Uzbekistan Provincial League,2,Andijan FC,117600,yes,0,-26.1,,68.51068109619055,0.0,No,2026,2365,Flexible / Multi-System,info@andijanfc.uz,Club sporting director / first-team office
2120,Fidel Escobar-Godoy,MF,23,Panama,Panama Regional League,4,Colon United,60365,no,60365,-26.2,,32.68456494277833,0.0,Unknown,2029,2658,Flexible / Multi-System,info@colonunited.pa,Club sporting director / first-team office
763,Luis Vargas-Campos,GK,17,Costa Rica,Costa Rica Second Division - East,2,Heredia City,94076,no,94076,-26.2,,19.38135191564713,0.0,Unknown,2027,1819,Flexible / Multi-System,info@herediacity.cr,"Club youth/academy office ONLY - player is a minor, do not contact directly"
3635,Sardor Yuldashev-Yusupov,FW,23,Uzbekistan,Uzbekistan Second Division - West,3,Bukhara Rovers,65600,yes,0,-26.2,,33.61674473498234,0.0,No,2029,2631,Flexible / Multi-System,info@bukhararovers.uz,Club sporting director / first-team office
4558,Roberts O. Kalns,DF,25,Latvia,Latvia Reserve League,2,Riga FC,60200,yes,0,-26.2,,27.795514115362767,0.0,Unknown,2029,2648,Flexible / Multi-System,info@rigafc.lv,Club sporting director / first-team office
558,Roman Torres,DF,24,Panama,Panama Second Division - East,3,Santiago City,72600,yes,0,-26.3,,33.31983085065124,0.0,No,2029,2504,Flexible / Multi-System,info@santiagocity.pa,Club sporting director / first-team office
1146,Ethan Smith-Taylor,DF,21,New Zealand,New Zealand Second Division,2,Auckland Rovers,76165,no,76165,-26.3,,40.87562285244403,0.0,No,2028,2671,Flexible / Multi-System,info@aucklandrovers.nz,Club sporting director / first-team office
348,Agustin Silva-Pereira,MF,26,Uruguay,Uruguay Third Tier - South,3,Paysandu Athletic,114000,yes,0,-26.4,,32.02989890000437,0.0,No,2029,1540,Flexible / Multi-System,info@paysanduathletic.uy,Club sporting director / first-team office
2400,Eric Njie,MF,24,Cameroon,Cameroon Reserve League,2,Douala City,88700,yes,0,-26.4,,26.868664938225464,0.0,Unknown,2029,2219,Flexible / Multi-System,info@doualacity.cm,Club sporting director / first-team office
4327,Kevin Pikk-Mets,FW,17,Estonia,Estonia Amateur League,3,Parnu United,75921,no,75921,-26.4,,27.390475244131757,0.0,No,2026,2054,Flexible / Multi-System,info@parnuunited.ee,"Club youth/academy office ONLY - player is a minor, do not contact directly"
2236,Didier Toure-Diabate,DF,26,Ivory Coast,Ivory Coast Reserve League,4,Abidjan Rangers,63800,yes,0,-26.4,,32.52667007664841,0.0,Unknown,2029,2242,Flexible / Multi-System,info@abidjanrangers.ci,Club sporting director / first-team office
3011,Diego Fernandez-Vargas,DF,26,Bolivia,Bolivia Reserve League,2,Sucre FC,73400,yes,0,-26.4,,45.77923196834647,0.0,Yes,2027,1532,Flexible / Multi-System,info@sucrefc.bo,Go through the player's agent - ask the club to confirm representation first
1934,Lukas Huber-Gruber,MF,24,Austria,Austria Second Division - East,4,Klagenfurt Wanderers,97800,yes,0,-26.4,,45.87713805512339,0.0,Unknown,2028,1832,Low Block / Park the Bus,info@klagenfurtwanderers.at,Club sporting director / first-team office
943,Marko Horvat,GK,25,Croatia,Croatia Third Tier - North,2,Rudes United,93398,no,93398,-26.5,,43.58579859840542,0.0,No,2028,1626,Shot-Stopper / Traditional,info@rudesunited.hr,Club sporting director / first-team office
3034,Giorgi Lomidze-Kiknadze,DF,24,Georgia,Georgia Second Division - East,2,Batumi City,85600,yes,0,-26.6,,70.44131767873353,0.0,No,2026,1924,Flexible / Multi-System,info@batumicity.ge,Club sporting director / first-team office
2993,Adam Prochazka,MF,24,Czechia,Czechia Third Tier - South,3,Zlin Rangers,76300,yes,0,-26.6,,24.212200329837508,0.0,Yes,2029,2081,Flexible / Multi-System,info@zlinrangers.cz,Go through the player's agent - ask the club to confirm representation first
1042,Samuel Fotso-Onana,MF,25,Cameroon,Cameroon Second Division,2,Bafoussam United,90867,no,90867,-26.7,,61.56529327294039,0.0,No,2027,2246,Flexible / Multi-System,info@bafoussamunited.cm,Club sporting director / first-team office
873,Arturs Liepa-Vitols,FW,17,Latvia,Latvia Second Division - West,2,Liepaja Town,110006,no,110006,-26.7,,24.21768092301874,0.0,No,2026,2604,Flexible / Multi-System,info@liepajatown.lv,"Club youth/academy office ONLY - player is a minor, do not contact directly"
159,Yaw Asante-Boateng,DF,21,Ghana,Ghana Amateur League,3,Sekondi FC,71155,no,71155,-26.7,,57.00344736705418,0.0,Unknown,2027,2598,Flexible / Multi-System,info@sekondifc.gh,Club sporting director / first-team office
573,Dusan Stankovic-Petrovic,GK,19,Serbia,Serbia Third Tier - North,3,Dobanovci Athletic,70171,no,70171,-26.8,,26.381709092562552,0.0,Unknown,2029,1110,Sweeper-Keeper / High Line,info@dobanovciathletic.rs,Club sporting director / first-team office
2331,Andre Godoy-Murillo,GK,22,Panama,Panama Third Tier - North,4,Panama City Rangers,99800,no,99800,-26.8,,78.60716990234083,0.0,No,2026,1024,Sweeper-Keeper / Build-from-the-Back,info@panamacityrangers.pa,Club sporting director / first-team office
2089,Jakub Horak-Prochazka,FW,25,Czechia,Czechia Third Tier - South,2,Olomouc FC,71773,no,71773,-26.8,,64.276429120823,0.0,Unknown,2026,2152,Flexible / Multi-System,info@olomoucfc.cz,Club sporting director / first-team office
2754,Jon Einarsson,FW,18,Iceland,Iceland Amateur League,4,Selfoss City,77986,no,77986,-26.8,,65.93962294732147,0.0,Unknown,2026,2652,Flexible / Multi-System,info@selfosscity.is,Club sporting director / first-team office
1617,Mwansa Tembo-Sakala,DF,26,Zambia,Zambia Second Division - East,4,Kitwe City,68300,yes,0,-26.9,,52.687761052987995,0.0,No,2028,1914,Flexible / Multi-System,info@kitwecity.zm,Club sporting director / first-team office
4646,Arturs Liepa-Ozols,FW,24,Latvia,Latvia Reserve League,4,Jelgava City,67100,yes,0,-26.9,,74.35844230722954,0.0,No,2027,2452,Flexible / Multi-System,info@jelgavacity.lv,Club sporting director / first-team office
442,Bruno Pereira-Rodriguez,MF,26,Uruguay,Uruguay Regional League,3,Paysandu Rovers,84800,yes,0,-26.9,,43.24332410165575,0.0,Unknown,2028,1926,Flexible / Multi-System,info@paysandurovers.uy,Club sporting director / first-team office
2381,Kevin Quinonez-Preciado,GK,17,Ecuador,Ecuador Reserve League,4,Guayaquil City,99064,no,99064,-26.9,,17.92323823541372,0.0,No,2028,2458,Shot-Stopper / Traditional,info@guayaquilcity.ec,"Club youth/academy office ONLY - player is a minor, do not contact directly"
4478,Ante Novak-Radic,MF,24,Croatia,Croatia Regional League,2,Osijek Wanderers,82200,yes,0,-26.9,,39.60296241772533,0.0,Unknown,2028,1781,Flexible / Multi-System,info@osijekwanderers.hr,Club sporting director / first-team office
29,Toni Matic-Novak,FW,20,Croatia,Croatia Third Tier - North,3,Bijelo Brdo FC,112081,no,112081,-27.0,,28.18241858872768,0.0,No,2029,2073,Flexible / Multi-System,info@bijelobrdofc.hr,Club sporting director / first-team office
2408,Ali Jabbar-Abbas,FW,24,Iraq,Iraq Amateur League,4,Erbil Rangers,69700,yes,0,-27.0,,75.79446281953467,0.0,Unknown,2026,2152,Flexible / Multi-System,info@erbilrangers.iq,Club sporting director / first-team office
3487,Bakary Diarra-Keita,DF,19,Mali,Mali Second Division,2,Kayes SC,102291,no,102291,-27.0,,60.930637158434855,0.0,No,2026,2359,Flexible / Multi-System,info@kayessc.ml,Club sporting director / first-team office
185,Klodian Shala-Bardhi,MF,20,Albania,Albania Regional League,2,Shkoder Rovers,60175,no,60175,-27.0,,24.421259820982502,0.0,Unknown,2029,2450,Flexible / Multi-System,info@shkoderrovers.al,Club sporting director / first-team office
893,Ibrahim Agyemang-Mensah,MF,18,Ghana,Ghana Third Tier - North,2,Kumasi Rangers,75944,no,75944,-27.0,,49.36967818974377,0.0,Unknown,2027,2647,Flexible / Multi-System,info@kumasirangers.gh,Club sporting director / first-team office
846,Gunnar Sigurdsson,FW,24,Iceland,Iceland Third Tier - North,3,Reykjavik SC,79200,yes,0,-27.0,,29.711576829738437,0.0,Unknown,2029,2381,Flexible / Multi-System,info@reykjaviksc.is,Club sporting director / first-team office
590,Marko Radic-Novak,DF,23,Croatia,Croatia Third Tier - North,3,Rudes FC,80137,no,80137,-27.1,,68.1531368641124,0.0,No,2027,1725,Flexible / Multi-System,info@rudesfc.hr,Club sporting director / first-team office
3542,Seo-jun Kim-Lee,GK,21,South Korea,South Korea Reserve League,2,Incheon Wanderers,106958,no,106958,-27.1,,55.912482092864636,0.0,No,2027,1142,Shot-Stopper / Traditional,info@incheonwanderers.kr,Club sporting director / first-team office
2366,Ivan Cardozo-Sanchez,GK,23,Paraguay,Paraguay Second Division,2,Ciudad del Este Rangers,99639,no,99639,-27.1,,61.070844454027686,0.0,No,2027,1501,Sweeper-Keeper / High Line,info@ciudaddelesterangers.py,Club sporting director / first-team office
661,Roberts Vitols-Ozols,MF,21,Latvia,Latvia Second Division - West,4,Riga FC,73259,no,73259,-27.1,,49.6114614023967,0.0,Yes,2027,1913,Flexible / Multi-System,info@rigafc.lv,Go through the player's agent - ask the club to confirm representation first
1928,Igor Stojanovski-Naumovski,MF,19,North Macedonia,North Macedonia Amateur League,2,Skopje SC,79888,no,79888,-27.2,,55.9446769956968,0.0,Unknown,2026,2474,Flexible / Multi-System,info@skopjesc.mk,Club sporting director / first-team office
1140,Adam Molnar-Toth,FW,22,Hungary,Hungary Second Division,2,Debrecen Athletic,78000,yes,0,-27.2,,68.2897928886009,0.0,No,2026,2641,Flexible / Multi-System,info@debrecenathletic.hu,Club sporting director / first-team office
3887,Sardor Rashidov-Yusupov,FW,23,Uzbekistan,Uzbekistan Amateur League,3,Andijan Athletic,86000,yes,0,-27.2,,29.49820163113447,0.0,Unknown,2029,2064,Flexible / Multi-System,info@andijanathletic.uz,Club sporting director / first-team office
2289,Szymon Wojcik,FW,23,Poland,Poland Regional League,2,Bytom FC,60600,yes,0,-27.3,,22.56389400715028,0.0,Yes,2029,2574,Flexible / Multi-System,info@bytomfc.pl,Go through the player's agent - ask the club to confirm representation first
3524,Marton Horvath-Varga,FW,22,Hungary,Hungary Second Division,4,Szeged SC,75163,no,75163,-27.3,,34.314430088694934,0.0,No,2029,2141,Flexible / Multi-System,info@szegedsc.hu,Club sporting director / first-team office
1947,Yuto Watanabe-Sato,MF,26,Japan,Japan Second Division,4,Osaka Rovers,65800,yes,0,-27.3,,47.49590876329439,0.0,Unknown,2028,2329,Flexible / Multi-System,info@osakarovers.jp,Club sporting director / first-team office
1058,Marek Saar-Kask,FW,26,Estonia,Estonia Second Division,3,Parnu FC,93200,yes,0,-27.4,,32.59949331564078,0.0,No,2029,1645,Flexible / Multi-System,info@parnufc.ee,Club sporting director / first-team office
1160,Einar Sigurdsson-Einarsson,DF,20,Iceland,Iceland Third Tier - South,2,Reykjavik Wanderers,91772,no,91772,-27.4,,26.193915286120102,0.0,No,2029,1924,Flexible / Multi-System,info@reykjavikwanderers.is,Club sporting director / first-team office
3597,Luka Kapanadze-Gelashvili,DF,22,Georgia,Georgia Regional League,3,Tbilisi SC,64054,no,64054,-27.4,,23.641634883372717,0.0,Yes,2029,2449,Flexible / Multi-System,info@tbilisisc.ge,Go through the player's agent - ask the club to confirm representation first
2650,Kittipong Wongsa,MF,25,Thailand,Thailand Amateur League,4,Khon Kaen Rovers,63257,no,63257,-27.5,,47.659992054654275,0.0,Unknown,2028,2135,Flexible / Multi-System,info@khonkaenrovers.th,Club sporting director / first-team office
834,Nam Nguyen-Hoang,DF,26,Vietnam,Vietnam Second Division - East,3,Da Nang FC,63551,no,63551,-27.5,,49.357265031317674,0.0,No,2028,2437,Flexible / Multi-System,info@danangfc.vn,Club sporting director / first-team office
911,Franco Flores-Fernandez,DF,18,Bolivia,Bolivia Second Division - East,2,La Paz SC,101581,no,101581,-27.5,,60.967782866161194,0.0,No,2026,2693,Flexible / Multi-System,info@lapazsc.bo,Club sporting director / first-team office
306,Klodian Duro-Bardhi,MF,26,Albania,Albania Regional League,4,Shkoder Rovers,64500,yes,0,-27.5,,36.1655877044508,0.0,No,2029,2329,Flexible / Multi-System,info@shkoderrovers.al,Club sporting director / first-team office
601,Callum Taylor-Smith,MF,25,New Zealand,New Zealand Second Division - East,2,Wellington FC,102900,yes,0,-27.5,,21.542398743998515,0.0,Yes,2029,1990,Flexible / Multi-System,info@wellingtonfc.nz,Go through the player's agent - ask the club to confirm representation first
434,Federico Acosta-Gonzalez,GK,18,Uruguay,Uruguay Reserve League,4,Rivera Rovers,103017,no,103017,-27.6,,71.62076826415691,0.0,No,2026,1997,Sweeper-Keeper / Build-from-the-Back,info@riverarovers.uy,Club sporting director / first-team office
5,Yaw Mensah-Asante,FW,26,Ghana,Ghana Third Tier - South,4,Kumasi Rangers,60400,yes,0,-27.6,,62.34054814063174,0.0,Yes,2026,2491,Flexible / Multi-System,info@kumasirangers.gh,Go through the player's agent - ask the club to confirm representation first
1619,Sander Mets,MF,24,Estonia,Estonia Second Division - West,2,Tallinn Rangers,95867,no,95867,-27.7,,61.27741620453948,0.0,No,2027,2208,Flexible / Multi-System,info@tallinnrangers.ee,Club sporting director / first-team office
922,Josip Horvat-Novak,FW,24,Croatia,Croatia Amateur League,2,Zagreb Rangers,66692,no,66692,-27.7,,22.375562054071256,0.0,Yes,2029,2246,Flexible / Multi-System,info@zagrebrangers.hr,Go through the player's agent - ask the club to confirm representation first
3376,Anthony Quinonez-Preciado,FW,23,Ecuador,Ecuador Second Division - West,2,Quito Rovers,60700,yes,0,-27.7,,30.912275962480077,0.0,No,2029,2569,Flexible / Multi-System,info@quitorovers.ec,Club sporting director / first-team office
1739,Devon Powell,DF,23,Jamaica,Jamaica Second Division - East,2,Spanish Town City,82976,no,82976,-27.7,,44.039380622701195,0.0,No,2028,2162,Flexible / Multi-System,info@spanishtowncity.jm,Club sporting director / first-team office
4488,Markus Bauer,DF,22,Austria,Austria Reserve League,3,Wels Rangers,119860,no,119860,-27.7,,40.34269031149959,0.0,Unknown,2028,1599,Flexible / Multi-System,info@welsrangers.at,Club sporting director / first-team office
664,Haruto Suzuki-Ito,MF,20,Japan,Japan Provincial League,4,Nagoya SC,62327,no,62327,-27.7,,46.66217244595295,0.0,No,2028,2336,Flexible / Multi-System,info@nagoyasc.jp,Club sporting director / first-team office
4607,Quang Le-Hoang,MF,25,Vietnam,Vietnam Second Division - East,2,Da Nang United,97400,yes,0,-27.7,,39.019351660560154,0.0,Unknown,2028,1934,Flexible / Multi-System,info@danangunited.vn,Club sporting director / first-team office
1181,Tomas Kucera-Vesely,GK,17,Czechia,Czechia Third Tier - North,4,Ostrava Town,84568,no,84568,-27.8,,23.009381537284174,0.0,Unknown,2027,2633,Sweeper-Keeper / High Line,info@ostravatown.cz,"Club youth/academy office ONLY - player is a minor, do not contact directly"
3431,Michael Torres,GK,23,Panama,Panama Provincial League,3,Colon United,83434,no,83434,-27.9,,48.195531888262934,0.0,No,2028,1877,Shot-Stopper / Traditional,info@colonunited.pa,Club sporting director / first-team office
4249,Fidel Murillo-Torres,MF,25,Panama,Panama Amateur League,2,Panama City SC,61880,no,61880,-27.9,,52.89062357416466,0.0,Yes,2026,2652,Flexible / Multi-System,info@panamacitysc.pa,Go through the player's agent - ask the club to confirm representation first
4435,Bryan Figueroa-Chirinos,GK,22,Honduras,Honduras Provincial League,2,La Ceiba Wanderers,80945,no,80945,-28.0,,26.04461395426989,0.0,Unknown,2029,2039,Sweeper-Keeper / High Line,info@laceibawanderers.hn,Club sporting director / first-team office
2436,Abdoulaye Ndiaye-Sow,MF,26,Senegal,Senegal Regional League,2,Dakar SC,103000,yes,0,-28.0,,69.30996324680953,0.0,No,2026,2073,Flexible / Multi-System,info@dakarsc.sn,Club sporting director / first-team office
3462,Bekzod Rustamov-Yusupov,DF,26,Uzbekistan,Uzbekistan Third Tier - North,2,Samarkand Town,80300,yes,0,-28.0,,39.684082832509645,0.0,Unknown,2028,2152,Flexible / Multi-System,info@samarkandtown.uz,Club sporting director / first-team office
1370,Vasil Ristovski-Stojanovski,DF,25,North Macedonia,North Macedonia Regional League,3,Tetovo United,68300,yes,0,-28.0,,49.04700402049416,0.0,No,2028,2655,Flexible / Multi-System,info@tetovounited.mk,Club sporting director / first-team office
2228,Carlos Castillo-Morales,MF,24,Costa Rica,Costa Rica Second Division - West,3,Cartago United,76438,no,76438,-28.1,,61.49093421516098,0.0,Unknown,2027,2369,Flexible / Multi-System,info@cartagounited.cr,Club sporting director / first-team office
1054,Kristijan Angelovski-Stojanovski,FW,21,North Macedonia,North Macedonia Second Division - East,2,Stip SC,89259,no,89259,-28.1,,58.09446084379572,0.0,Unknown,2026,2239,Flexible / Multi-System,info@stipsc.mk,Club sporting director / first-team office
1735,Kacper Kowalski-Wojcik,FW,24,Poland,Poland Second Division - West,4,Olsztyn Town,65800,yes,0,-28.1,,36.10249664321902,0.0,No,2029,2088,Flexible / Multi-System,info@olsztyntown.pl,Club sporting director / first-team office
822,Ardit Bardhi-Shala,DF,17,Albania,Albania Regional League,2,Shkoder City,98876,no,98876,-28.1,,15.241111937749011,0.0,No,2028,2583,Flexible / Multi-System,info@shkodercity.al,"Club youth/academy office ONLY - player is a minor, do not contact directly"
3189,Chanda Sakala-Phiri,DF,19,Zambia,Zambia Second Division - West,3,Lusaka Town,102250,no,102250,-28.2,,20.734195253521925,0.0,Yes,2029,2003,Flexible / Multi-System,info@lusakatown.zm,Go through the player's agent - ask the club to confirm representation first
3767,Martin Horak,DF,26,Czechia,Czechia Third Tier - South,3,Ceske Budejovice Athletic,69200,yes,0,-28.2,,78.57500050840605,0.0,No,2026,2322,Flexible / Multi-System,info@ceskebudejoviceathletic.cz,Club sporting director / first-team office
2359,Blaze Mitrovski-Angelovski,FW,22,North Macedonia,North Macedonia Second Division - West,4,Negotino FC,68638,no,68638,-28.2,,81.2244311942211,0.0,No,2026,2461,Flexible / Multi-System,info@negotinofc.mk,Club sporting director / first-team office
1053,Sekou Diarra-Traore,FW,25,Mali,Mali Second Division - East,2,Kayes FC,115313,no,115313,-28.2,,29.224402695968056,0.0,No,2029,1746,Flexible / Multi-System,info@kayesfc.ml,Club sporting director / first-team office
4212,Christian Fotso-Onana,MF,24,Cameroon,Cameroon Second Division - West,3,Garoua SC,61500,yes,0,-28.3,,49.49914792613381,0.0,No,2028,2375,Flexible / Multi-System,info@garouasc.cm,Club sporting director / first-team office
98,Andres Zambrano-Preciado,GK,18,Ecuador,Ecuador Reserve League,3,Cuenca United,68653,no,68653,-28.4,,69.08178270306705,0.0,No,2026,899,Flexible / Multi-System,info@cuencaunited.ec,Club sporting director / first-team office
819,Blaze Trajkovski-Naumovski,DF,20,North Macedonia,North Macedonia Third Tier - South,3,Ohrid City,109950,no,109950,-28.4,,58.24306614303423,0.0,No,2027,2397,Flexible / Multi-System,info@ohridcity.mk,Club sporting director / first-team office
1514,Einar Einarsson,MF,25,Iceland,Iceland Provincial League,2,Keflavik Rovers,115300,yes,0,-28.5,,38.44756973240031,0.0,Unknown,2028,1801,Low Block / Park the Bus,info@keflavikrovers.is,Club sporting director / first-team office
4014,Petar Nikolic-Radovic,GK,20,Montenegro,Montenegro Reserve League,4,Budva FC,60185,no,60185,-28.5,,48.13503174603544,0.0,Yes,2027,954,Flexible / Multi-System,info@budvafc.me,Go through the player's agent - ask the club to confirm representation first
4832,Silvan Baumann,FW,23,Switzerland,Switzerland Third Tier - North,4,Aarau City,86600,yes,0,-28.5,,53.07085711061746,0.0,Yes,2027,2244,Flexible / Multi-System,info@aaraucity.ch,Go through the player's agent - ask the club to confirm representation first
4699,Einar Karlsson,GK,19,Iceland,Iceland Reserve League,4,Hafnarfjordur Athletic,65131,no,65131,-28.6,,23.169867808361563,0.0,Yes,2029,2535,Flexible / Multi-System,info@hafnarfjordurathletic.is,Go through the player's agent - ask the club to confirm representation first
2667,Marco Weber-Keller,FW,24,Switzerland,Switzerland Second Division,2,Winterthur Rangers,92600,yes,0,-28.7,,44.85784915756665,0.0,Yes,2027,1940,Flexible / Multi-System,info@winterthurrangers.ch,Go through the player's agent - ask the club to confirm representation first
534,Omar Jabbar-Abbas,FW,25,Iraq,Iraq Second Division - East,3,Basra FC,67400,yes,0,-28.7,,33.53721548969208,0.0,No,2029,2032,Flexible / Multi-System,info@basrafc.iq,Club sporting director / first-team office
3110,Jean Njie-Mbia,DF,17,Cameroon,Cameroon Third Tier - North,4,Yaounde FC,119877,no,119877,-28.7,,12.038716117296836,0.0,No,2029,1921,Flexible / Multi-System,info@yaoundefc.cm,"Club youth/academy office ONLY - player is a minor, do not contact directly"
4546,Sora Sato,DF,22,Japan,Japan Second Division,2,Sendai Rovers,67225,no,67225,-28.7,,43.135590467861064,0.0,No,2028,2685,Flexible / Multi-System,info@sendairovers.jp,Club sporting director / first-team office
520,Uros Ilic-Stankovic,FW,19,Serbia,Serbia Amateur League,3,Nis Rovers,101632,no,101632,-28.8,,42.80101417720784,0.0,Yes,2027,2077,Flexible / Multi-System,info@nisrovers.rs,Go through the player's agent - ask the club to confirm representation first
258,Sekou Coulibaly-Traore,MF,19,Mali,Mali Second Division,4,Mopti Rangers,98955,no,98955,-28.9,,46.08564639148439,0.0,Yes,2027,2070,Flexible / Multi-System,info@moptirangers.ml,Go through the player's agent - ask the club to confirm representation first
723,Yaw Boateng-Appiah,FW,23,Ghana,Ghana Second Division - East,2,Sekondi United,70500,yes,0,-28.9,,40.13861749961008,0.0,Unknown,2028,2096,Flexible / Multi-System,info@sekondiunited.gh,Club sporting director / first-team office
1733,Mateo Fernandez-Flores,FW,21,Bolivia,Bolivia Amateur League,2,La Paz Athletic,78737,no,78737,-28.9,,65.36898090813953,0.0,No,2026,2658,Flexible / Multi-System,info@lapazathletic.bo,Club sporting director / first-team office
3691,Dominik Kovac,DF,24,Slovakia,Slovakia Regional League,2,Nitra SC,60700,yes,0,-28.9,,40.66773146713938,0.0,Unknown,2028,2480,Flexible / Multi-System,info@nitrasc.sk,Club sporting director / first-team office
2231,Kaito Ito,MF,23,Japan,Japan Second Division - East,3,Sapporo Athletic,69895,no,69895,-29.0,,70.53977226202916,0.0,Unknown,2026,2507,Flexible / Multi-System,info@sapporoathletic.jp,Club sporting director / first-team office
3228,Kemar Powell-Lowe,MF,26,Jamaica,Jamaica Second Division - West,3,Montego Bay FC,71100,yes,0,-29.0,,70.434347829072,0.0,Unknown,2026,2379,Flexible / Multi-System,info@montegobayfc.jm,Club sporting director / first-team office
4392,Milos Radovic-Nikolic,DF,25,Montenegro,Montenegro Second Division - East,2,Budva Town,64125,no,64125,-29.0,,22.45254161486316,0.0,Yes,2029,2426,Flexible / Multi-System,info@budvatown.me,Go through the player's agent - ask the club to confirm representation first
2259,Fidel Murillo-Barrios,FW,17,Panama,Panama Provincial League,3,Santiago City,81921,no,81921,-29.1,,24.447731300076455,0.0,Unknown,2026,2475,Flexible / Multi-System,info@santiagocity.pa,"Club youth/academy office ONLY - player is a minor, do not contact directly"
4330,Kwame Asante-Owusu,DF,23,Ghana,Ghana Regional League,4,Accra Rangers,106288,no,106288,-29.1,,45.54425441092783,0.0,Unknown,2028,1399,Possession / Build-from-the-Back,info@accrarangers.gh,Club sporting director / first-team office
2512,Marek Saar,FW,23,Estonia,Estonia Amateur League,2,Tartu City,73500,yes,0,-29.2,,64.1428415699092,0.0,Unknown,2026,2589,Flexible / Multi-System,info@tartucity.ee,Club sporting director / first-team office
1752,Thomas Hofer-Moser,MF,18,Austria,Austria Third Tier - North,3,Graz Town,74243,no,74243,-29.3,,61.64790166934107,0.0,Unknown,2026,2482,Flexible / Multi-System,info@graztown.at,Club sporting director / first-team office
2909,Ante Novak,MF,23,Croatia,Croatia Amateur League,2,Belisce City,64000,yes,0,-29.3,,64.92434696185204,0.0,Unknown,2026,2589,Flexible / Multi-System,info@beliscecity.hr,Club sporting director / first-team office
3395,Seo-jun Park-Choi,MF,17,South Korea,South Korea Second Division - West,3,Daejeon United,84622,no,84622,-29.3,,12.346034362703437,0.0,Yes,2028,2584,Flexible / Multi-System,info@daejeonunited.kr,"Club youth/academy office ONLY - player is a minor, do not contact directly"
3363,Nemanja Ilic-Jovanovic,FW,26,Serbia,Serbia Third Tier - North,3,Dobanovci Rovers,89800,yes,0,-29.3,,43.027095282056074,0.0,Unknown,2028,1950,Flexible / Multi-System,info@dobanovcirovers.rs,Club sporting director / first-team office
2668,Patrick Njie-Onana,FW,26,Cameroon,Cameroon Third Tier - North,4,Douala Rangers,71400,yes,0,-29.4,,75.63481585384609,0.0,Unknown,2026,2357,Flexible / Multi-System,info@doualarangers.cm,Club sporting director / first-team office
2891,Cheikh Ndiaye-Sow,MF,24,Senegal,Senegal Provincial League,2,Ziguinchor Rangers,103467,no,103467,-29.4,,44.4244178151323,0.0,Yes,2027,2083,Flexible / Multi-System,info@ziguinchorrangers.sn,Go through the player's agent - ask the club to confirm representation first
3777,Hussein Kareem,DF,25,Iraq,Iraq Second Division,3,Najaf United,63700,yes,0,-29.4,,49.347152266591806,0.0,No,2028,2466,Flexible / Multi-System,info@najafunited.iq,Club sporting director / first-team office
1963,Wilfried Toure,FW,23,Ivory Coast,Ivory Coast Third Tier - North,4,San Pedro Athletic,116900,yes,0,-29.5,,70.83285292916717,0.0,No,2027,1743,Low Block / Park the Bus,info@sanpedroathletic.ci,Club sporting director / first-team office
420,Michael Perez-Godoy,MF,18,Panama,Panama Second Division,3,Santiago United,94109,no,94109,-29.5,,37.647708733835444,0.0,Unknown,2028,2553,Flexible / Multi-System,info@santiagounited.pa,Club sporting director / first-team office
4455,Filip Ristovski-Stojanovski,DF,23,North Macedonia,North Macedonia Second Division - West,2,Stip Town,99674,no,99674,-29.5,,54.87189908180849,0.0,Unknown,2027,1935,Flexible / Multi-System,info@stiptown.mk,Club sporting director / first-team office
1675,Sekou Traore 67,FW,25,Mali,Mali Provincial League,4,Mopti Rovers,104300,yes,0,-29.7,,50.77169685988078,0.0,No,2028,1626,Flexible / Multi-System,info@moptirovers.ml,Club sporting director / first-team office
1219,Moussa Diop-Sow,DF,25,Senegal,Senegal Second Division,4,Thies Athletic,63042,no,63042,-29.7,,76.46324481604225,0.0,Unknown,2026,2050,Flexible / Multi-System,info@thiesathletic.sn,Club sporting director / first-team office
1707,Adalberto Torres-Barrios,MF,24,Panama,Panama Reserve League,2,Panama City SC,86923,no,86923,-29.8,,39.40983992287952,0.0,Unknown,2028,1935,Flexible / Multi-System,info@panamacitysc.pa,Club sporting director / first-team office
535,Kemar Brown-Lowe,FW,20,Jamaica,Jamaica Third Tier - South,4,Montego Bay FC,113997,no,113997,-29.9,,51.80966006222347,0.0,Yes,2026,1767,High Press / Gegenpressing,info@montegobayfc.jm,Go through the player's agent - ask the club to confirm representation first
796,Petar Ilic-Perovic,MF,24,Montenegro,Montenegro Regional League,2,Budva Rovers,97496,no,97496,-29.9,,21.64432571306028,0.0,Yes,2029,2137,Flexible / Multi-System,info@budvarovers.me,Go through the player's agent - ask the club to confirm representation first
4993,Irakli Lomidze-Kapanadze,FW,26,Georgia,Georgia Third Tier - South,2,Kutaisi FC,86890,no,86890,-29.9,,55.53490700804311,0.0,Unknown,2027,2128,Flexible / Multi-System,info@kutaisifc.ge,Club sporting director / first-team office
2194,Carlos Ramirez,MF,25,Costa Rica,Costa Rica Regional League,3,San Jose Town,67900,yes,0,-30.0,,78.7054978738475,0.0,No,2026,2087,Flexible / Multi-System,info@sanjosetown.cr,Club sporting director / first-team office
2767,Franck Diabate-Toure,FW,26,Ivory Coast,Ivory Coast Amateur League,2,San Pedro Rovers,95445,no,95445,-30.0,,21.68462929426278,0.0,Yes,2029,2261,Flexible / Multi-System,info@sanpedrorovers.ci,Go through the player's agent - ask the club to confirm representation first
4395,Karim Jabbar-Abbas,FW,26,Iraq,Iraq Third Tier - North,2,Erbil Rovers,95300,yes,0,-30.0,,50.9294176416173,0.0,Yes,2026,1467,Flexible / Multi-System,info@erbilrovers.iq,Go through the player's agent - ask the club to confirm representation first
219,Sander Saar,MF,20,Estonia,Estonia Third Tier - South,4,Parnu Athletic,76650,no,76650,-30.1,,33.444501207632875,0.0,Yes,2028,2197,Flexible / Multi-System,info@parnuathletic.ee,Go through the player's agent - ask the club to confirm representation first
3620,Samuel Onana-Ngoy,GK,21,Cameroon,Cameroon Third Tier - South,2,Douala Rangers,61800,yes,0,-30.1,,58.661537558984875,0.0,No,2027,1700,Flexible / Multi-System,info@doualarangers.cm,Club sporting director / first-team office
3931,Kaito Tanaka-Ito,DF,20,Japan,Japan Amateur League,3,Osaka Wanderers,88227,no,88227,-30.3,,60.724021308010016,0.0,Unknown,2026,2474,Flexible / Multi-System,info@osakawanderers.jp,Club sporting director / first-team office
4082,Marek Urban,FW,25,Slovakia,Slovakia Third Tier - South,2,Presov Rovers,89100,yes,0,-30.3,,39.32463122014577,0.0,Unknown,2028,2264,Flexible / Multi-System,info@presovrovers.sk,Club sporting director / first-team office
1977,Marlon Mejia-Martinez,MF,20,Honduras,Honduras Provincial League,3,Choluteca United,119890,no,119890,-30.3,,25.173767327993342,0.0,Unknown,2029,1930,Flexible / Multi-System,info@cholutecaunited.hn,Club sporting director / first-team office
2064,Marlon Elvir,MF,18,Honduras,Honduras Reserve League,4,La Ceiba Town,99382,no,99382,-30.4,,44.79553185305312,0.0,No,2028,1751,Flexible / Multi-System,info@laceibatown.hn,Club sporting director / first-team office
3163,Yaw Boateng-Asante,MF,23,Ghana,Ghana Amateur League,3,Tamale Town,98828,no,98828,-30.4,,47.48673335002546,0.0,No,2028,1737,Flexible / Multi-System,info@tamaletown.gh,Club sporting director / first-team office
1398,Karl Olafsson-Karlsson,GK,23,Iceland,Iceland Second Division - West,4,Akureyri FC,83238,no,83238,-30.4,,25.812155458829107,0.0,Yes,2029,1041,Flexible / Multi-System,info@akureyrifc.is,Go through the player's agent - ask the club to confirm representation first
1614,Chai Sanguan-Srisawat,DF,24,Thailand,Thailand Provincial League,4,Bangkok Wanderers,66883,no,66883,-30.5,,76.0685643277858,0.0,Unknown,2026,2334,Flexible / Multi-System,info@bangkokwanderers.th,Club sporting director / first-team office
2127,Jefferson Zambrano-Suarez,DF,24,Ecuador,Ecuador Amateur League,2,Quito Wanderers,77100,yes,0,-30.5,,39.82554242319457,0.0,Unknown,2028,2168,Flexible / Multi-System,info@quitowanderers.ec,Club sporting director / first-team office
1715,Emiliano Lopez,MF,23,Paraguay,Paraguay Second Division - West,4,Luque SC,94393,no,94393,-30.5,,73.80964488734314,0.0,Unknown,2026,1658,Flexible / Multi-System,info@luquesc.py,Club sporting director / first-team office
622,Andre Campbell,DF,21,Jamaica,Jamaica Amateur League,4,Montego Bay Athletic,78813,no,78813,-30.6,,67.54366628281122,0.0,No,2027,2115,Flexible / Multi-System,info@montegobayathletic.jm,Club sporting director / first-team office
1009,Saba Beridze-Gelashvili,DF,21,Georgia,Georgia Second Division - East,2,Kutaisi SC,100255,no,100255,-30.6,,35.855073601683856,0.0,Unknown,2028,2300,Flexible / Multi-System,info@kutaisisc.ge,Club sporting director / first-team office
2692,Edgars Berzins-Ozols,FW,21,Latvia,Latvia Third Tier - South,2,Jelgava Town,96204,no,96204,-30.6,,29.22866632686813,0.0,Yes,2028,2467,Flexible / Multi-System,info@jelgavatown.lv,Go through the player's agent - ask the club to confirm representation first
92,Mateo Vargas-Martinez,MF,21,Bolivia,Bolivia Second Division,4,La Paz City,118389,no,118389,-30.6,,58.56681569624866,0.0,Unknown,2027,1782,High Press / Gegenpressing,info@lapazcity.bo,Club sporting director / first-team office
2167,Marko Barisic-Matic,MF,25,Croatia,Croatia Second Division - East,2,Medimurje Rangers,97775,no,97775,-30.6,,29.64934186414259,0.0,No,2029,1723,Flexible / Multi-System,info@medimurjerangers.hr,Club sporting director / first-team office
3165,Rodrigo Ramirez,MF,20,Paraguay,Paraguay Second Division - West,2,Asuncion Rovers,105142,no,105142,-30.7,,37.8984714246377,0.0,No,2028,2423,Flexible / Multi-System,info@asuncionrovers.py,Club sporting director / first-team office
3819,Didier Traore-Diabate,FW,23,Ivory Coast,Ivory Coast Reserve League,2,Abidjan Town,84622,no,84622,-30.7,,32.08596988142448,0.0,Yes,2028,2174,Flexible / Multi-System,info@abidjantown.ci,Go through the player's agent - ask the club to confirm representation first
4442,Chai Rattanakosin,DF,21,Thailand,Thailand Third Tier - North,3,Khon Kaen FC,88998,no,88998,-30.7,,39.66901121006798,0.0,Unknown,2028,2453,Flexible / Multi-System,info@khonkaenfc.th,Club sporting director / first-team office
1365,Jose Perez-Godoy,FW,17,Panama,Panama Second Division - West,3,David Town,119746,no,119746,-30.8,,23.123893756138827,0.0,No,2027,2188,Flexible / Multi-System,info@davidtown.pa,"Club youth/academy office ONLY - player is a minor, do not contact directly"
762,Martin Dvorak,FW,25,Czechia,Czechia Second Division - West,3,Olomouc Athletic,97865,no,97865,-30.9,,47.527437366137335,0.0,No,2028,1797,Flexible / Multi-System,info@olomoucathletic.cz,Club sporting director / first-team office
4884,Modibo Keita-Traore,MF,24,Mali,Mali Second Division,3,Sikasso Town,106336,no,106336,-31.0,,67.99681330300166,0.0,Unknown,2026,2141,Flexible / Multi-System,info@sikassotown.ml,Club sporting director / first-team office
2432,Jose Morales-Ramirez,MF,22,Costa Rica,Costa Rica Second Division,4,San Jose United,107539,no,107539,-31.0,,50.07512480460889,0.0,Yes,2027,1679,Flexible / Multi-System,info@sanjoseunited.cr,Go through the player's agent - ask the club to confirm representation first
3682,Wilfried Toure-Kone,DF,21,Ivory Coast,Ivory Coast Third Tier - South,2,Abidjan City,116525,no,116525,-31.0,,46.09948843206801,0.0,Yes,2026,2185,Flexible / Multi-System,info@abidjancity.ci,Go through the player's agent - ask the club to confirm representation first
3840,Kevin Chirinos-Palacios,DF,25,Honduras,Honduras Second Division - West,3,Tegucigalpa Athletic,79815,no,79815,-31.0,,35.311186748666756,0.0,Yes,2028,2243,Flexible / Multi-System,info@tegucigalpaathletic.hn,Go through the player's agent - ask the club to confirm representation first
4259,Kelvin Phiri-Sakala,MF,25,Zambia,Zambia Amateur League,3,Lusaka Rovers,63900,yes,0,-31.0,,71.09544267315246,0.0,Unknown,2026,2507,Flexible / Multi-System,info@lusakarovers.zm,Club sporting director / first-team office
4979,Karlo Radic-Barisic,GK,25,Croatia,Croatia Second Division,3,Zagreb SC,106564,no,106564,-31.1,,75.66198934404974,0.0,No,2026,1984,Sweeper-Keeper / Build-from-the-Back,info@zagrebsc.hr,Club sporting director / first-team office
2104,Anthony Palacios-Figueroa,DF,22,Honduras,Honduras Regional League,3,La Ceiba City,119757,no,119757,-31.2,,64.70933040954844,0.0,Unknown,2026,2237,Flexible / Multi-System,info@laceibacity.hn,Club sporting director / first-team office
1549,Gergo Varga,FW,18,Hungary,Hungary Third Tier - North,3,Debrecen SC,115968,no,115968,-31.2,,25.24713679890927,0.0,Unknown,2029,2047,Direct / Target Approach,info@debrecensc.hu,Club sporting director / first-team office
1004,Goran Ristovski-Mitrovski,MF,26,North Macedonia,North Macedonia Third Tier - North,2,Ohrid United,60800,yes,0,-31.2,,52.97217142709383,0.0,Yes,2026,2686,Flexible / Multi-System,info@ohridunited.mk,Go through the player's agent - ask the club to confirm representation first
2795,Emmanuel Agyemang-Appiah,MF,22,Ghana,Ghana Provincial League,3,Accra Wanderers,72244,no,72244,-31.2,,59.42246284928914,0.0,Unknown,2027,2013,Flexible / Multi-System,info@accrawanderers.gh,Club sporting director / first-team office
96,Irakli Gelashvili-Kapanadze,GK,24,Georgia,Georgia Third Tier - North,4,Kutaisi Athletic,75352,no,75352,-31.3,,38.12379934379775,0.0,Yes,2028,1035,Shot-Stopper / Traditional,info@kutaisiathletic.ge,Go through the player's agent - ask the club to confirm representation first
456,Ened Meta,FW,24,Albania,Albania Second Division - East,2,Elbasan SC,116700,yes,0,-31.3,,54.11992752534211,0.0,Unknown,2027,2411,Flexible / Multi-System,info@elbasansc.al,Club sporting director / first-team office
2799,Kaito Tanaka-Sato,FW,24,Japan,Japan Reserve League,2,Nagoya Athletic,101000,yes,0,-31.4,,44.518322097013616,0.0,Yes,2027,2600,Flexible / Multi-System,info@nagoyaathletic.jp,Go through the player's agent - ask the club to confirm representation first
1767,Luis Campos-Vargas,MF,25,Costa Rica,Costa Rica Second Division - West,3,Alajuela Wanderers,64500,yes,0,-31.4,,57.70023926434858,0.0,Yes,2026,2123,Flexible / Multi-System,info@alajuelawanderers.cr,Go through the player's agent - ask the club to confirm representation first
4509,Gentian Shala-Hoxha,DF,20,Albania,Albania Third Tier - South,3,Tirana City,67980,no,67980,-31.5,,54.581425421251005,0.0,Unknown,2027,2692,Flexible / Multi-System,info@tiranacity.al,Club sporting director / first-team office
3962,Junior Perez-Martinez,FW,20,Venezuela,Venezuela Third Tier - North,2,Valencia Athletic,73846,no,73846,-31.6,,62.692831327229534,0.0,No,2026,2646,Flexible / Multi-System,info@valenciaathletic.ve,Club sporting director / first-team office
3408,Silvan Muller-Meier,MF,25,Switzerland,Switzerland Second Division,2,Winterthur City,89249,no,89249,-31.6,,39.31888229503729,0.0,Unknown,2028,2251,Flexible / Multi-System,info@winterthurcity.ch,Club sporting director / first-team office
4145,Kittipong Srisawat,MF,23,Thailand,Thailand Regional League,3,Nonthaburi Rovers,114998,no,114998,-31.7,,48.19269989864394,0.0,Yes,2027,1579,Flexible / Multi-System,info@nonthaburirovers.th,Go through the player's agent - ask the club to confirm representation first
2221,Noah Taylor-Brown,DF,17,New Zealand,New Zealand Second Division,2,Hamilton FC,108466,no,108466,-31.8,,19.141469421879684,0.0,Unknown,2027,2550,Flexible / Multi-System,info@hamiltonfc.nz,"Club youth/academy office ONLY - player is a minor, do not contact directly"
3750,Karl Halldorsson,DF,25,Iceland,Iceland Regional League,2,Vestmannaeyjar United,89800,yes,0,-31.8,,43.73587968989647,0.0,No,2028,2519,Flexible / Multi-System,info@vestmannaeyjarunited.is,Club sporting director / first-team office
4007,Igor Naumovski-Trajkovski,FW,21,North Macedonia,North Macedonia Second Division - West,3,Ohrid United,71293,no,71293,-31.8,,30.74408546383759,0.0,No,2029,2681,Flexible / Multi-System,info@ohridunited.mk,Club sporting director / first-team office
2351,Somchai Rattanakosin-Boonmee,MF,25,Thailand,Thailand Second Division - East,4,Chiang Mai Wanderers,62334,no,62334,-31.8,,85.18291508467557,0.0,No,2026,2602,Flexible / Multi-System,info@chiangmaiwanderers.th,Club sporting director / first-team office
709,Eric Ngoy-Onana,MF,21,Cameroon,Cameroon Regional League,2,Garoua Rovers,84096,no,84096,-31.9,,24.8679509101993,0.0,Unknown,2029,2247,Flexible / Multi-System,info@garouarovers.cm,Club sporting director / first-team office
4006,Omar Mahmoud,FW,22,Iraq,Iraq Amateur League,2,Erbil FC,114026,no,114026,-32.0,,25.275322842054283,0.0,Unknown,2029,2406,Flexible / Multi-System,info@erbilfc.iq,Club sporting director / first-team office
1612,Jakub Novak-Cerny,GK,26,Czechia,Czechia Second Division,4,Pardubice FC,103639,no,103639,-32.0,,81.47655431485762,0.0,No,2026,1742,Shot-Stopper / Traditional,info@pardubicefc.cz,Club sporting director / first-team office
3250,Emiliano Cardozo-Lopez,FW,23,Paraguay,Paraguay Provincial League,3,Encarnacion SC,103522,no,103522,-32.1,,32.301254169948486,0.0,No,2029,2048,Direct / Target Approach,info@encarnacionsc.py,Club sporting director / first-team office
4324,Nejc Krajnc,DF,21,Slovenia,Slovenia Regional League,3,Koper FC,80530,no,80530,-32.1,,44.537048875789296,0.0,No,2028,2269,Flexible / Multi-System,info@koperfc.si,Club sporting director / first-team office
2095,Rasmus Kask,MF,24,Estonia,Estonia Regional League,2,Tartu Athletic,74300,yes,0,-32.2,,62.65921836674873,0.0,No,2027,2683,Flexible / Multi-System,info@tartuathletic.ee,Club sporting director / first-team office
2262,Given Mwansa,DF,18,Zambia,Zambia Regional League,2,Livingstone SC,104933,no,104933,-32.2,,34.05859422291516,0.0,Unknown,2028,2572,Flexible / Multi-System,info@livingstonesc.zm,Club sporting director / first-team office
597,Jasur Rustamov,MF,25,Uzbekistan,Uzbekistan Second Division - East,2,Andijan SC,66359,no,66359,-32.2,,52.56819965583865,0.0,Yes,2026,2542,Flexible / Multi-System,info@andijansc.uz,Go through the player's agent - ask the club to confirm representation first
3005,Serge Kouassi-Diabate,MF,20,Ivory Coast,Ivory Coast Second Division - West,3,Yamoussoukro FC,70731,no,70731,-32.4,,29.34076638723872,0.0,No,2029,2457,Flexible / Multi-System,info@yamoussoukrofc.ci,Club sporting director / first-team office
448,Kristers E. Liepa,DF,26,Latvia,Latvia Amateur League,2,Liepaja Rovers,62100,yes,0,-32.4,,22.515670817249422,0.0,Yes,2029,2442,Flexible / Multi-System,info@liepajarovers.lv,Go through the player's agent - ask the club to confirm representation first
2386,Kevin Chavez-Mendoza,DF,22,Ecuador,Ecuador Regional League,3,Quito Town,115934,no,115934,-32.5,,57.013454630685935,0.0,Unknown,2027,2094,Flexible / Multi-System,info@quitotown.ec,Club sporting director / first-team office
2870,Ren Takahashi-Watanabe,FW,21,Japan,Japan Third Tier - North,3,Sendai Town,88091,no,88091,-32.5,,22.02632713952903,0.0,Yes,2029,2421,Flexible / Multi-System,info@sendaitown.jp,Go through the player's agent - ask the club to confirm representation first
3350,Amadou Keita,GK,26,Mali,Mali Third Tier - South,2,Kayes Town,69701,no,69701,-32.5,,27.44138272857806,0.0,Unknown,2029,1437,Sweeper-Keeper / High Line,info@kayestown.ml,Club sporting director / first-team office
3314,Andre Murillo,DF,18,Panama,Panama Second Division - East,3,Santiago Town,89013,no,89013,-32.6,,20.987250602007997,0.0,Yes,2029,2420,Flexible / Multi-System,info@santiagotown.pa,Go through the player's agent - ask the club to confirm representation first
276,Ethan Mitchell-Clarke,MF,24,New Zealand,New Zealand Provincial League,3,Wellington Rovers,90972,no,90972,-32.6,,32.668584316128836,0.0,No,2029,1775,Flexible / Multi-System,info@wellingtonrovers.nz,Club sporting director / first-team office
2865,Hussein Kareem-Hassan,MF,17,Iraq,Iraq Provincial League,2,Basra Rovers,95270,no,95270,-32.6,,15.725186430573082,0.0,Yes,2027,2316,Flexible / Multi-System,info@basrarovers.iq,"Club youth/academy office ONLY - player is a minor, do not contact directly"
1157,Nico Weber-Baumann,MF,24,Switzerland,Switzerland Second Division,2,St. Gallen Wanderers,93563,no,93563,-32.6,,43.57906755246924,0.0,No,2028,2281,Flexible / Multi-System,info@stgallenwanderers.ch,Club sporting director / first-team office
4218,Adam Molnar-Szabo,MF,25,Hungary,Hungary Third Tier - North,2,Szombathely City,81700,yes,0,-32.6,,62.1408320847673,0.0,No,2027,2189,Flexible / Multi-System,info@szombathelycity.hu,Club sporting director / first-team office
1097,Tomas Balaz,GK,18,Slovakia,Slovakia Second Division,3,Zilina United,75764,no,75764,-32.8,,42.70206338918521,0.0,No,2028,1049,Flexible / Multi-System,info@zilinaunited.sk,Club sporting director / first-team office
3886,Bledi Bardhi-Meta,MF,24,Albania,Albania Third Tier - South,2,Durres City,82600,yes,0,-32.8,,55.78149531990898,0.0,Unknown,2027,2218,Flexible / Multi-System,info@durrescity.al,Club sporting director / first-team office
4458,Emiliano Perez,FW,20,Paraguay,Paraguay Second Division,4,Ciudad del Este City,89816,no,89816,-32.8,,63.68360249211125,0.0,No,2027,1747,Flexible / Multi-System,info@ciudaddelestecity.py,Club sporting director / first-team office
2920,Roman Barrios-Godoy,DF,19,Panama,Panama Second Division - East,2,Colon Rovers,108183,no,108183,-32.9,,38.8781473805435,0.0,Yes,2027,2607,Flexible / Multi-System,info@colonrovers.pa,Go through the player's agent - ask the club to confirm representation first
747,Sora Suzuki-Ito,MF,25,Japan,Japan Regional League,2,Nagoya United,63116,no,63116,-33.0,,72.34470037733358,0.0,No,2026,2442,Flexible / Multi-System,info@nagoyaunited.jp,Club sporting director / first-team office
63,Karim Hassan-Mahmoud,FW,25,Iraq,Iraq Third Tier - North,2,Najaf Rangers,83812,no,83812,-33.0,,27.00225979615604,0.0,Unknown,2029,2293,Flexible / Multi-System,info@najafrangers.iq,Club sporting director / first-team office
2237,Callum Wilson,FW,24,New Zealand,New Zealand Regional League,2,Auckland Rovers,104020,no,104020,-33.0,,54.667370133126546,0.0,Unknown,2027,2679,Flexible / Multi-System,info@aucklandrovers.nz,Club sporting director / first-team office
901,Amadou Sidibe-Diarra,MF,25,Mali,Mali Reserve League,3,Sikasso Town,117679,no,117679,-33.0,,46.76685184143315,0.0,No,2028,1681,Flexible / Multi-System,info@sikassotown.ml,Club sporting director / first-team office
37,Modibo Sidibe-Coulibaly,DF,26,Mali,Mali Amateur League,2,Kayes Athletic,98035,no,98035,-33.1,,54.95156371725998,0.0,Unknown,2027,2090,Flexible / Multi-System,info@kayesathletic.ml,Club sporting director / first-team office
4932,Ji-ho Kang-Jung,FW,25,South Korea,South Korea Second Division - West,4,Daejeon Wanderers,79387,no,79387,-33.1,,35.5143548968685,0.0,No,2029,1746,Flexible / Multi-System,info@daejeonwanderers.kr,Club sporting director / first-team office
3768,Sherzod Tashkentov-Yuldashev,DF,26,Uzbekistan,Uzbekistan Amateur League,3,Andijan Town,71100,yes,0,-33.2,,61.88167580567254,0.0,Unknown,2027,2013,Flexible / Multi-System,info@andijantown.uz,Club sporting director / first-team office
2154,Patrick Onana-Etoo,DF,21,Cameroon,Cameroon Amateur League,2,Douala United,101740,no,101740,-33.2,,40.985460604932086,0.0,Yes,2027,2169,Flexible / Multi-System,info@doualaunited.cm,Go through the player's agent - ask the club to confirm representation first
1661,Noah Wilson-Taylor,MF,26,New Zealand,New Zealand Amateur League,3,Auckland FC,65700,yes,0,-33.2,,35.917635530500995,0.0,Yes,2028,2101,Flexible / Multi-System,info@aucklandfc.nz,Go through the player's agent - ask the club to confirm representation first
3604,Omar Jabbar-Mahmoud,MF,26,Iraq,Iraq Third Tier - South,3,Baghdad Athletic,74600,yes,0,-33.2,,68.58143955145782,0.0,No,2027,2466,Flexible / Multi-System,info@baghdadathletic.iq,Club sporting director / first-team office
1218,Marko Horvat-Kovac,MF,21,Croatia,Croatia Regional League,2,Belisce Town,72656,no,72656,-33.3,,65.83034181224225,0.0,No,2026,2598,Flexible / Multi-System,info@beliscetown.hr,Club sporting director / first-team office
2872,Karim Abbas-Mahmoud,FW,23,Iraq,Iraq Regional League,3,Basra City,96647,no,96647,-33.4,,76.3114477185879,0.0,No,2026,1979,Flexible / Multi-System,info@basracity.iq,Club sporting director / first-team office
171,Janis Vitols-Liepa,GK,26,Latvia,Latvia Second Division - West,4,Riga Wanderers,107023,no,107023,-33.4,,52.096634603661855,0.0,Yes,2027,1744,Sweeper-Keeper / Build-from-the-Back,info@rigawanderers.lv,Go through the player's agent - ask the club to confirm representation first
4059,Devon Bailey,MF,19,Jamaica,Jamaica Reserve League,3,Kingston Town,112185,no,112185,-33.4,,37.07336286153642,0.0,Unknown,2028,2394,Flexible / Multi-System,info@kingstontown.jm,Club sporting director / first-team office
926,Cristian Lopez-Sanchez,MF,17,Paraguay,Paraguay Regional League,3,Asuncion City,115782,no,115782,-33.5,,23.192107346211216,0.0,No,2027,2615,Flexible / Multi-System,info@asuncioncity.py,"Club youth/academy office ONLY - player is a minor, do not contact directly"
2637,Andres Suarez-Zambrano,FW,25,Ecuador,Ecuador Second Division - West,3,Guayaquil Athletic,75400,yes,0,-33.5,,35.48744367771674,0.0,Yes,2028,2585,Flexible / Multi-System,info@guayaquilathletic.ec,Go through the player's agent - ask the club to confirm representation first
2261,Balazs Nagy,FW,19,Hungary,Hungary Provincial League,2,Szombathely Wanderers,110731,no,110731,-33.5,,53.1619014273493,0.0,No,2027,2209,Flexible / Multi-System,info@szombathelywanderers.hu,Club sporting director / first-team office
218,Kristers Berzins-Kalns,MF,26,Latvia,Latvia Second Division - West,2,Jelgava Athletic,68102,no,68102,-33.6,,46.08031288071492,0.0,Yes,2027,2690,Flexible / Multi-System,info@jelgavaathletic.lv,Go through the player's agent - ask the club to confirm representation first
3829,Eric Mbia,DF,22,Cameroon,Cameroon Second Division - West,2,Garoua Town,117667,no,117667,-33.6,,36.90556178900405,0.0,Unknown,2028,1571,Flexible / Multi-System,info@garouatown.cm,Club sporting director / first-team office
4967,Ronaldo Perez-Rondon,DF,26,Venezuela,Venezuela Second Division,2,Barquisimeto Town,63800,yes,0,-33.6,,57.05636461787277,0.0,Unknown,2027,2445,Flexible / Multi-System,info@barquisimetotown.ve,Club sporting director / first-team office
1126,Otabek Karimov-Yusupov,DF,25,Uzbekistan,Uzbekistan Third Tier - North,3,Bukhara United,76659,no,76659,-33.6,,68.4182511145097,0.0,No,2027,2056,Flexible / Multi-System,info@bukharaunited.uz,Club sporting director / first-team office
2826,Duc Tran,MF,19,Vietnam,Vietnam Third Tier - South,2,Hanoi City,84651,no,84651,-33.8,,54.4259796118727,0.0,No,2027,2642,Flexible / Multi-System,info@hanoicity.vn,Club sporting director / first-team office
3598,Bence Toth,MF,24,Hungary,Hungary Second Division - East,2,Kecskemet FC,65200,yes,0,-33.8,,72.13935601777277,0.0,No,2026,2567,Flexible / Multi-System,info@kecskemetfc.hu,Club sporting director / first-team office
3198,Josip Kovac,DF,26,Croatia,Croatia Amateur League,2,Bijelo Brdo Wanderers,114209,no,114209,-33.8,,60.345892594966756,0.0,No,2027,1849,Flexible / Multi-System,info@bijelobrdowanderers.hr,Club sporting director / first-team office
275,Ibrahima Gueye-Diop,FW,22,Senegal,Senegal Second Division,4,Thies Rovers,80975,no,80975,-33.8,,58.42864133355411,0.0,Yes,2026,2210,Low Block / Park the Bus,info@thiesrovers.sn,Go through the player's agent - ask the club to confirm representation first
1382,Bruno Gonzalez,DF,25,Uruguay,Uruguay Reserve League,4,Montevideo Town,90672,no,90672,-33.8,,35.10371640823965,0.0,No,2029,1595,Flexible / Multi-System,info@montevideotown.uy,Club sporting director / first-team office
1844,Enock Sakala-Mwansa,DF,24,Zambia,Zambia Second Division - East,3,Livingstone Town,87700,no,87700,-33.8,,23.918981957934324,0.0,Yes,2029,2298,Flexible / Multi-System,info@livingstonetown.zm,Go through the player's agent - ask the club to confirm representation first
3903,Modibo Diarra-Traore,DF,17,Mali,Mali Second Division - East,4,Sikasso SC,72959,no,72959,-33.9,,21.549118391504415,0.0,Yes,2026,2669,Flexible / Multi-System,info@sikassosc.ml,"Club youth/academy office ONLY - player is a minor, do not contact directly"
3579,Thomas Gruber,MF,19,Austria,Austria Third Tier - South,2,Salzburg City,87180,no,87180,-33.9,,23.641797719195722,0.0,Unknown,2029,2673,Flexible / Multi-System,info@salzburgcity.at,Club sporting director / first-team office
4030,Diego Fernandez,GK,21,Bolivia,Bolivia Amateur League,2,Sucre Town,89972,no,89972,-34.0,,41.42866621707212,0.0,Yes,2027,2331,Shot-Stopper / Traditional,info@sucretown.bo,Go through the player's agent - ask the club to confirm representation first
3365,Do-yun Park-Jung,MF,26,South Korea,South Korea Amateur League,4,Daejeon FC,66044,no,66044,-34.1,,61.85515919040547,0.0,Yes,2026,2229,Flexible / Multi-System,info@daejeonfc.kr,Go through the player's agent - ask the club to confirm representation first
1906,Callum Mitchell-Wilson,MF,20,New Zealand,New Zealand Third Tier - South,3,Hamilton Town,73228,no,73228,-34.1,,68.69292219823716,0.0,No,2026,2374,Flexible / Multi-System,info@hamiltontown.nz,Club sporting director / first-team office
181,Miguel Campos-Morales,GK,24,Costa Rica,Costa Rica Second Division,2,San Jose Town,116164,no,116164,-34.1,,26.241922161378195,0.0,Unknown,2029,1432,Sweeper-Keeper / High Line,info@sanjosetown.cr,Club sporting director / first-team office
3058,Marko Kovac-Kovacevic,MF,26,Croatia,Croatia Second Division - East,3,Osijek Wanderers,77400,yes,0,-34.1,,61.423678586741595,0.0,Unknown,2027,2499,Flexible / Multi-System,info@osijekwanderers.hr,Club sporting director / first-team office
411,Marek Saar-Mets,DF,24,Estonia,Estonia Reserve League,3,Tartu Athletic,89212,no,89212,-34.2,,32.72447634418572,0.0,No,2029,1703,Flexible / Multi-System,info@tartuathletic.ee,Club sporting director / first-team office
1610,Karlo Horvat-Barisic,DF,26,Croatia,Croatia Amateur League,3,Bijelo Brdo Town,86524,no,86524,-34.2,,67.69736935118378,0.0,No,2027,1431,Flexible / Multi-System,info@bijelobrdotown.hr,Club sporting director / first-team office
856,Mateo Torres-Vargas,GK,25,Bolivia,Bolivia Reserve League,3,La Paz Wanderers,97480,no,97480,-34.2,,66.99480636954982,0.0,No,2027,2352,Flexible / Multi-System,info@lapazwanderers.bo,Club sporting director / first-team office
1466,Randall Solano-Castillo,DF,26,Costa Rica,Costa Rica Amateur League,2,Cartago Rovers,105239,no,105239,-34.4,,29.459103749577956,0.0,No,2029,1995,Flexible / Multi-System,info@cartagorovers.cr,Club sporting director / first-team office
3502,Gunnar Sigurdsson-Bjornsson,FW,24,Iceland,Iceland Second Division - West,2,Hafnarfjordur Wanderers,107437,no,107437,-34.5,,29.40586969385168,0.0,No,2029,2004,Flexible / Multi-System,info@hafnarfjordurwanderers.is,Club sporting director / first-team office
3503,Sekou Coulibaly-Keita,FW,25,Mali,Mali Second Division - East,2,Bamako Rangers,118500,yes,0,-34.5,,60.15145522973974,0.0,No,2027,2314,Flexible / Multi-System,info@bamakorangers.ml,Club sporting director / first-team office
1983,Petr Vesely-Kucera,MF,24,Czechia,Czechia Amateur League,2,Zlin SC,72900,yes,0,-34.5,,45.806620187847024,0.0,Yes,2027,2194,Flexible / Multi-System,info@zlinsc.cz,Go through the player's agent - ask the club to confirm representation first
1373,Wojciech Kowalski,FW,17,Poland,Poland Second Division - East,3,Tychy Athletic,87796,no,87796,-34.6,,17.341041540485335,0.0,Yes,2027,2678,Flexible / Multi-System,info@tychyathletic.pl,"Club youth/academy office ONLY - player is a minor, do not contact directly"
1330,Somchai Rattanakosin,FW,25,Thailand,Thailand Second Division - East,2,Khon Kaen Athletic,70900,yes,0,-34.6,,52.26461955705099,0.0,Yes,2026,2638,Flexible / Multi-System,info@khonkaenathletic.th,Go through the player's agent - ask the club to confirm representation first
1120,Carlos Morales-Castillo,MF,25,Costa Rica,Costa Rica Second Division,3,San Jose Athletic,80473,no,80473,-34.7,,61.21477598010504,0.0,Unknown,2027,2410,Flexible / Multi-System,info@sanjoseathletic.cr,Club sporting director / first-team office
1016,Diyorbek Tashkentov-Yusupov,MF,26,Uzbekistan,Uzbekistan Amateur League,2,Samarkand FC,68000,yes,0,-34.7,,52.45595633635006,0.0,Yes,2026,2350,Flexible / Multi-System,info@samarkandfc.uz,Go through the player's agent - ask the club to confirm representation first
1550,Fidel Escobar-Perez,MF,26,Panama,Panama Second Division - West,2,Santiago Athletic,64000,yes,0,-34.7,,46.33147855065212,0.0,Yes,2027,2302,Flexible / Multi-System,info@santiagoathletic.pa,Go through the player's agent - ask the club to confirm representation first
3128,Mustafa Abbas-Mahmoud,MF,20,Iraq,Iraq Third Tier - South,2,Baghdad SC,84853,no,84853,-34.7,,26.374193045931477,0.0,No,2029,2495,Flexible / Multi-System,info@baghdadsc.iq,Club sporting director / first-team office
1329,Philipp Bauer-Moser,GK,23,Austria,Austria Second Division,4,Linz Rangers,91404,no,91404,-34.7,,25.60165024083837,0.0,Yes,2029,2056,Sweeper-Keeper / Build-from-the-Back,info@linzrangers.at,Go through the player's agent - ask the club to confirm representation first
1773,Michael Huber,DF,22,Austria,Austria Reserve League,4,Graz SC,96261,no,96261,-34.8,,24.507310635295745,0.0,Yes,2029,2190,Flexible / Multi-System,info@grazsc.at,Go through the player's agent - ask the club to confirm representation first
2966,Jack Taylor,GK,26,New Zealand,New Zealand Amateur League,4,Hamilton Rovers,67332,no,67332,-34.8,,74.33598857656511,0.0,No,2027,1650,Sweeper-Keeper / High Line,info@hamiltonrovers.nz,Club sporting director / first-team office
1428,Liam Mitchell-Brown,DF,26,New Zealand,New Zealand Reserve League,3,Wellington Rangers,91341,no,91341,-34.9,,76.68941441457464,0.0,No,2026,2115,Flexible / Multi-System,info@wellingtonrangers.nz,Club sporting director / first-team office
4386,Ibrahim Owusu-Agyemang,DF,21,Ghana,Ghana Second Division,2,Accra Town,102294,no,102294,-34.9,,56.13103424654641,0.0,No,2027,2303,Flexible / Multi-System,info@accratown.gh,Club sporting director / first-team office
4900,Kevin Figueroa,MF,18,Honduras,Honduras Provincial League,2,La Ceiba Athletic,78411,no,78411,-34.9,,49.23177430090156,0.0,Unknown,2027,2690,Flexible / Multi-System,info@laceibaathletic.hn,Club sporting director / first-team office
4682,Bence Varga,DF,24,Hungary,Hungary Amateur League,3,Szeged Town,72106,no,72106,-35.0,,43.86127074400663,0.0,Unknown,2028,2522,Flexible / Multi-System,info@szegedtown.hu,Club sporting director / first-team office
3894,Samuel Mbia-Njie,FW,25,Cameroon,Cameroon Provincial League,3,Douala Rovers,81412,no,81412,-35.0,,24.07520082728094,0.0,Yes,2029,2419,Flexible / Multi-System,info@doualarovers.cm,Go through the player's agent - ask the club to confirm representation first
1393,Andrej Perovic-Ilic,DF,20,Montenegro,Montenegro Amateur League,3,Berane City,85246,no,85246,-35.0,,59.5545348533201,0.0,No,2027,2449,Flexible / Multi-System,info@beranecity.me,Club sporting director / first-team office
2730,Jan Vesely-Prochazka,MF,25,Czechia,Czechia Third Tier - North,3,Jihlava Rangers,92148,no,92148,-35.3,,42.930029833316496,0.0,Unknown,2028,1933,Flexible / Multi-System,info@jihlavarangers.cz,Club sporting director / first-team office
2999,Lukas Svoboda,MF,25,Czechia,Czechia Reserve League,3,Ceske Budejovice United,65911,no,65911,-35.3,,62.29337195526637,0.0,Unknown,2027,2691,Flexible / Multi-System,info@ceskebudejoviceunited.cz,Club sporting director / first-team office
2548,Wilfried Bamba-Kone,DF,25,Ivory Coast,Ivory Coast Third Tier - North,2,Yamoussoukro United,69300,yes,0,-35.4,,64.47393539024772,0.0,Unknown,2026,2639,Flexible / Multi-System,info@yamoussoukrounited.ci,Club sporting director / first-team office
2062,Josip Barisic-Kovac,MF,21,Croatia,Croatia Third Tier - South,2,Belisce United,103915,no,103915,-35.4,,19.82848342943106,0.0,Yes,2029,2153,Flexible / Multi-System,info@belisceunited.hr,Go through the player's agent - ask the club to confirm representation first
3913,Yaw Owusu-Agyemang,MF,19,Ghana,Ghana Second Division - West,3,Sekondi Town,70599,no,70599,-35.4,,60.54509148129142,0.0,No,2027,2601,Flexible / Multi-System,info@sekonditown.gh,Club sporting director / first-team office
4051,Ronaldo Martinez-Rojas,MF,17,Venezuela,Venezuela Third Tier - North,2,Valencia FC,108930,no,108930,-35.4,,24.238518919812314,0.0,No,2026,2417,Flexible / Multi-System,info@valenciafc.ve,"Club youth/academy office ONLY - player is a minor, do not contact directly"
3814,Levente Molnar,FW,24,Hungary,Hungary Reserve League,2,Szeged FC,101100,yes,0,-35.5,,54.8037378360585,0.0,Unknown,2027,2664,Flexible / Multi-System,info@szegedfc.hu,Club sporting director / first-team office
1410,Luis Morales-Solano,MF,24,Costa Rica,Costa Rica Amateur League,2,San Jose Wanderers,72600,yes,0,-35.7,,27.343710666835527,0.0,Unknown,2029,2656,Flexible / Multi-System,info@sanjosewanderers.cr,Club sporting director / first-team office
3299,Ibrahim Asante-Boateng,GK,22,Ghana,Ghana Provincial League,4,Sekondi Athletic,68844,no,68844,-35.7,,81.20313561322864,0.0,No,2026,1206,Flexible / Multi-System,info@sekondiathletic.gh,Club sporting director / first-team office
204,Jean Njie-Ngoy,MF,21,Cameroon,Cameroon Amateur League,3,Yaounde Town,92612,no,92612,-35.7,,70.56327505665877,0.0,No,2026,1923,Flexible / Multi-System,info@yaoundetown.cm,Club sporting director / first-team office
4618,Uros Ilic,FW,25,Serbia,Serbia Amateur League,2,Kraljevo Rovers,85000,yes,0,-35.8,,70.48468605779576,0.0,No,2026,1933,Flexible / Multi-System,info@kraljevorovers.rs,Club sporting director / first-team office
139,Karlo Radic,MF,26,Croatia,Croatia Provincial League,4,Bijelo Brdo FC,71164,no,71164,-35.8,,32.21726232211008,0.0,Unknown,2029,2253,Flexible / Multi-System,info@bijelobrdofc.hr,Club sporting director / first-team office
3666,Wilfried Traore-Kone,GK,24,Ivory Coast,Ivory Coast Second Division,2,Bouake Rangers,68900,yes,0,-35.8,,71.7917837137844,0.0,No,2026,1897,Flexible / Multi-System,info@bouakerangers.ci,Club sporting director / first-team office
1166,Kwabena Agyemang-Mensah,DF,18,Ghana,Ghana Reserve League,2,Sekondi Athletic,116398,no,116398,-35.8,,52.93023594455553,0.0,No,2027,2442,Flexible / Multi-System,info@sekondiathletic.gh,Club sporting director / first-team office
3422,Daniel Kovacs-Kiss,DF,25,Hungary,Hungary Third Tier - South,2,Debrecen Town,88029,no,88029,-35.8,,29.923007233144947,0.0,No,2029,2034,Flexible / Multi-System,info@debrecentown.hu,Club sporting director / first-team office
4373,Ziga Kranjc-Zupan,MF,24,Slovenia,Slovenia Second Division,2,Ljubljana Town,68913,no,68913,-35.9,,63.073240329401926,0.0,No,2027,2617,Flexible / Multi-System,info@ljubljanatown.si,Club sporting director / first-team office
4551,Emmanuel Sakala-Zulu,MF,18,Zambia,Zambia Second Division,2,Kitwe Rovers,102797,no,102797,-35.9,,48.07897343862742,0.0,Unknown,2027,2393,Flexible / Multi-System,info@kitwerovers.zm,Club sporting director / first-team office
1542,Karl Mets,GK,23,Estonia,Estonia Reserve League,4,Parnu Rovers,94166,no,94166,-35.9,,31.437331759687524,0.0,Unknown,2029,1321,Shot-Stopper / Traditional,info@parnurovers.ee,Club sporting director / first-team office
2946,Vasil Trajkovski-Angelovski,DF,26,North Macedonia,North Macedonia Reserve League,2,Negotino Rangers,114475,no,114475,-36.0,,44.03314703713504,0.0,Yes,2027,2011,Flexible / Multi-System,info@negotinorangers.mk,Go through the player's agent - ask the club to confirm representation first
241,Ardit Meta-Hoxha,FW,26,Albania,Albania Provincial League,3,Durres Wanderers,84300,no,84300,-36.0,,24.001879046734388,0.0,Yes,2029,1938,Flexible / Multi-System,info@durreswanderers.al,Go through the player's agent - ask the club to confirm representation first
3023,Franck Kone-Diabate,FW,26,Ivory Coast,Ivory Coast Reserve League,4,Yamoussoukro Wanderers,75545,no,75545,-36.0,,83.76217278984214,0.0,No,2026,2375,Flexible / Multi-System,info@yamoussoukrowanderers.ci,Club sporting director / first-team office
180,Jesus Gonzalez-Perez,DF,23,Venezuela,Venezuela Regional League,4,Valencia Rovers,103731,no,103731,-36.0,,59.45923938149189,0.0,Yes,2026,1928,Flexible / Multi-System,info@valenciarovers.ve,Go through the player's agent - ask the club to confirm representation first
2224,Mustafa Abbas,DF,26,Iraq,Iraq Third Tier - South,2,Erbil Rangers,72400,yes,0,-36.0,,52.16896425561873,0.0,Yes,2026,2377,Flexible / Multi-System,info@erbilrangers.iq,Go through the player's agent - ask the club to confirm representation first
23,Kwabena Owusu,MF,21,Ghana,Ghana Amateur League,3,Sekondi United,83591,no,83591,-36.1,,51.96292269085736,0.0,Yes,2026,2389,Flexible / Multi-System,info@sekondiunited.gh,Go through the player's agent - ask the club to confirm representation first
3061,Santiago Vargas-Flores,DF,26,Bolivia,Bolivia Provincial League,2,La Paz United,69900,yes,0,-36.2,,32.62707987095756,0.0,Yes,2028,2361,Flexible / Multi-System,info@lapazunited.bo,Go through the player's agent - ask the club to confirm representation first
2083,Emmanuel Sakala,GK,23,Zambia,Zambia Amateur League,3,Kitwe City,73103,no,73103,-36.3,,78.19866623948963,0.0,No,2026,1015,Sweeper-Keeper / High Line,info@kitwecity.zm,Club sporting director / first-team office
2265,Nikola Perovic-Ilic,MF,24,Montenegro,Montenegro Reserve League,2,Bar FC,75400,yes,0,-36.5,,22.13657427130865,0.0,Yes,2029,2309,Flexible / Multi-System,info@barfc.me,Go through the player's agent - ask the club to confirm representation first
2686,Nico Bianchi,FW,20,Switzerland,Switzerland Second Division - East,3,St. Gallen Town,78312,no,78312,-36.5,,21.223780554527682,0.0,Yes,2029,2528,Flexible / Multi-System,info@stgallentown.ch,Go through the player's agent - ask the club to confirm representation first
4526,Sherzod Rustamov-Tashkentov,MF,25,Uzbekistan,Uzbekistan Third Tier - South,2,Tashkent Athletic,67700,yes,0,-36.5,,27.511412951746788,0.0,Unknown,2029,2543,Flexible / Multi-System,info@tashkentathletic.uz,Club sporting director / first-team office
4427,Rasmus Mets-Pikk,GK,24,Estonia,Estonia Second Division - West,4,Tallinn Rovers,113767,no,113767,-36.6,,50.387188763325675,0.0,No,2028,1993,Sweeper-Keeper / Build-from-the-Back,info@tallinnrovers.ee,Club sporting director / first-team office
3370,Luka Kapanadze-Beridze,FW,24,Georgia,Georgia Third Tier - South,2,Kutaisi Rangers,78900,yes,0,-36.6,,22.048861416991066,0.0,Yes,2029,2464,Flexible / Multi-System,info@kutaisirangers.ge,Go through the player's agent - ask the club to confirm representation first
3600,Fabian Meier,DF,20,Switzerland,Switzerland Regional League,2,St. Gallen Town,99473,no,99473,-36.7,,39.16474197510043,0.0,Yes,2027,2152,Flexible / Multi-System,info@stgallentown.ch,Go through the player's agent - ask the club to confirm representation first
2086,Marlon Martinez-Elvir,MF,24,Honduras,Honduras Second Division,2,La Ceiba Rovers,76400,yes,0,-36.7,,62.506592651839185,0.0,No,2027,2269,Flexible / Multi-System,info@laceibarovers.hn,Club sporting director / first-team office
2747,Jon Gudmundsson-Petursson,DF,23,Iceland,Iceland Third Tier - North,4,Reykjavik City,66257,no,66257,-36.8,,66.88675646256672,0.0,Unknown,2027,2653,Flexible / Multi-System,info@reykjavikcity.is,Club sporting director / first-team office
3262,Junior Hernandez,DF,20,Venezuela,Venezuela Second Division - East,3,Barquisimeto Wanderers,103138,no,103138,-36.8,,37.34712192849227,0.0,Unknown,2028,2672,Flexible / Multi-System,info@barquisimetowanderers.ve,Club sporting director / first-team office
1277,Anthony Chirinos-Palacios,FW,17,Honduras,Honduras Provincial League,2,San Pedro Sula United,118430,no,118430,-36.8,,21.620114829378267,0.0,Unknown,2026,1964,Flexible / Multi-System,info@sanpedrosulaunited.hn,"Club youth/academy office ONLY - player is a minor, do not contact directly"
2469,Bryan Suarez-Chavez,MF,22,Ecuador,Ecuador Amateur League,2,Quito Wanderers,89314,no,89314,-36.9,,43.271962831109974,0.0,Yes,2027,2669,Flexible / Multi-System,info@quitowanderers.ec,Go through the player's agent - ask the club to confirm representation first
3255,Rodrigo Lopez,DF,23,Paraguay,Paraguay Second Division - East,3,Luque Town,100050,no,100050,-36.9,,29.11019795320333,0.0,Unknown,2029,2193,Flexible / Multi-System,info@luquetown.py,Club sporting director / first-team office
671,Sota Ito-Watanabe,DF,26,Japan,Japan Second Division - East,2,Sapporo Rovers,71100,yes,0,-37.1,,71.59461131398525,0.0,No,2026,2423,Flexible / Multi-System,info@sappororovers.jp,Club sporting director / first-team office
1559,Zsolt Nagy-Kovacs,FW,21,Hungary,Hungary Third Tier - North,3,Debrecen City,91609,no,91609,-37.1,,21.95098472094014,0.0,Yes,2029,1988,Flexible / Multi-System,info@debrecencity.hu,Go through the player's agent - ask the club to confirm representation first
3155,Andre Reid-Brown,FW,26,Jamaica,Jamaica Reserve League,3,Spanish Town Athletic,83658,no,83658,-37.2,,32.90904943400031,0.0,No,2029,1826,Flexible / Multi-System,info@spanishtownathletic.jm,Club sporting director / first-team office
532,Luka Kovac-Novak,MF,26,Croatia,Croatia Provincial League,2,Rudes Wanderers,92900,yes,0,-37.3,,62.84156074812235,0.0,Unknown,2026,2471,Flexible / Multi-System,info@rudeswanderers.hr,Club sporting director / first-team office
3705,Andre Perez-Murillo,GK,21,Panama,Panama Third Tier - North,2,Panama City United,70207,no,70207,-37.3,,66.02814230589098,0.0,No,2026,1251,Flexible / Multi-System,info@panamacityunited.pa,Club sporting director / first-team office
2833,Ha-joon Lee-Jung,DF,19,South Korea,South Korea Reserve League,4,Incheon FC,91187,no,91187,-37.3,,57.14541003607356,0.0,Unknown,2027,2111,Flexible / Multi-System,info@incheonfc.kr,Club sporting director / first-team office
2216,Erion Shala-Bardhi,DF,19,Albania,Albania Provincial League,3,Elbasan Athletic,106567,no,106567,-37.6,,52.47606182650201,0.0,Unknown,2027,2506,Flexible / Multi-System,info@elbasanathletic.al,Club sporting director / first-team office
798,Bakary Traore,DF,21,Mali,Mali Third Tier - South,3,Bamako Rovers,76201,no,76201,-37.6,,27.463825748848485,0.0,Unknown,2029,2138,Flexible / Multi-System,info@bamakorovers.ml,Club sporting director / first-team office
2348,Kofi Asante-Owusu,DF,24,Ghana,Ghana Second Division - West,3,Kumasi FC,72435,no,72435,-37.7,,78.26150316613706,0.0,No,2026,2545,Flexible / Multi-System,info@kumasifc.gh,Club sporting director / first-team office
4872,Phong Hoang-Le,FW,26,Vietnam,Vietnam Provincial League,2,Can Tho United,96800,yes,0,-37.7,,29.6753533255085,0.0,No,2029,2356,Flexible / Multi-System,info@canthounited.vn,Club sporting director / first-team office
4210,Jasur Rashidov-Yuldashev,DF,25,Uzbekistan,Uzbekistan Provincial League,4,Tashkent SC,104088,no,104088,-37.8,,71.55598194854544,0.0,No,2027,1424,Counter-Attack / Transition,info@tashkentsc.uz,Club sporting director / first-team office
196,Callum Smith-Taylor,GK,23,New Zealand,New Zealand Third Tier - North,2,Wellington Athletic,108227,no,108227,-37.8,,50.36571135928475,0.0,Yes,2026,2210,Flexible / Multi-System,info@wellingtonathletic.nz,Go through the player's agent - ask the club to confirm representation first
1191,Rok Horvat-Krajnc,GK,17,Slovenia,Slovenia Regional League,3,Koper Town,80700,no,80700,-37.9,,23.936319318520233,0.0,No,2027,2352,Flexible / Multi-System,info@kopertown.si,"Club youth/academy office ONLY - player is a minor, do not contact directly"
4553,Edgars Liepa 93,GK,24,Latvia,Latvia Third Tier - South,4,Jelgava City,62764,no,62764,-37.9,,53.07889543222645,0.0,No,2028,2613,Shot-Stopper / Traditional,info@jelgavacity.lv,Club sporting director / first-team office
2179,Chai Wongsa,DF,26,Thailand,Thailand Second Division - West,4,Nonthaburi Town,66655,no,66655,-38.0,,76.09129637520431,0.0,Unknown,2026,2372,Flexible / Multi-System,info@nonthaburitown.th,Club sporting director / first-team office
2148,Levan Gelashvili-Beridze,DF,24,Georgia,Georgia Third Tier - South,3,Tbilisi City,93662,no,93662,-38.1,,34.820332119982176,0.0,Yes,2028,2078,Flexible / Multi-System,info@tbilisicity.ge,Go through the player's agent - ask the club to confirm representation first
1660,Jefferson Preciado-Quinonez,MF,20,Ecuador,Ecuador Third Tier - North,2,Quito Rangers,100479,no,100479,-38.1,,34.188097755618216,0.0,Unknown,2028,2347,Flexible / Multi-System,info@quitorangers.ec,Club sporting director / first-team office
692,Sora Tanaka,MF,19,Japan,Japan Second Division - West,3,Fukuoka FC,108307,no,108307,-38.3,,59.64419895725432,0.0,Unknown,2026,2239,Flexible / Multi-System,info@fukuokafc.jp,Club sporting director / first-team office
2425,Jose Godoy-Torres,MF,26,Panama,Panama Amateur League,2,Panama City FC,72410,no,72410,-38.3,,40.0448420287157,0.0,Unknown,2028,2614,Flexible / Multi-System,info@panamacityfc.pa,Club sporting director / first-team office
3095,Martin Vesely,MF,18,Czechia,Czechia Third Tier - North,3,Zlin Rangers,80665,no,80665,-38.4,,61.20201298800827,0.0,Unknown,2026,2483,Flexible / Multi-System,info@zlinrangers.cz,Club sporting director / first-team office
1238,Piotr Zielinski-Nowak,FW,26,Poland,Poland Third Tier - North,2,Olsztyn SC,84400,yes,0,-38.6,,30.033436508290933,0.0,No,2029,1952,Flexible / Multi-System,info@olsztynsc.pl,Club sporting director / first-team office
1545,Rodrigo Ramirez-Cardozo,FW,23,Paraguay,Paraguay Second Division - West,4,Ciudad del Este City,103077,no,103077,-38.6,,71.6171194488999,0.0,No,2027,2395,Flexible / Multi-System,info@ciudaddelestecity.py,Club sporting director / first-team office
3358,Tomas Horak-Dvorak,MF,21,Czechia,Czechia Reserve League,3,Jihlava Athletic,89345,no,89345,-38.6,,70.78536370848207,0.0,No,2026,2230,Flexible / Multi-System,info@jihlavaathletic.cz,Club sporting director / first-team office
2811,Amadou Keita-Camara,GK,23,Mali,Mali Third Tier - South,3,Mopti FC,72900,yes,0,-38.8,,33.30781038300961,0.0,No,2029,2523,Shot-Stopper / Traditional,info@moptifc.ml,Club sporting director / first-team office
3955,Kristers Ozols-Vitols,GK,21,Latvia,Latvia Amateur League,4,Daugavpils City,113736,no,113736,-38.8,,65.41025956647205,0.0,No,2027,1243,Sweeper-Keeper / High Line,info@daugavpilscity.lv,Club sporting director / first-team office
4657,Kwame Owusu-Boateng,GK,23,Ghana,Ghana Amateur League,4,Tamale Wanderers,109849,no,109849,-38.8,,72.83677159862579,0.0,Unknown,2026,1921,Flexible / Multi-System,info@tamalewanderers.gh,Club sporting director / first-team office
2873,Karl Sigurdsson-Olafsson,DF,17,Iceland,Iceland Third Tier - North,4,Selfoss Rangers,114812,no,114812,-38.8,,12.08427707948506,0.0,No,2029,1966,Flexible / Multi-System,info@selfossrangers.is,"Club youth/academy office ONLY - player is a minor, do not contact directly"
3650,Hoang Le-Nguyen,DF,26,Vietnam,Vietnam Second Division - West,2,Can Tho United,67154,no,67154,-39.0,,32.741695779287184,0.0,Yes,2028,2233,Flexible / Multi-System,info@canthounited.vn,Go through the player's agent - ask the club to confirm representation first
3285,Adalberto Murillo,GK,21,Panama,Panama Regional League,2,Panama City Rangers,82814,no,82814,-39.0,,57.17824936191767,0.0,No,2027,1879,Flexible / Multi-System,info@panamacityrangers.pa,Club sporting director / first-team office
3824,Mustafa Salim-Jabbar,MF,26,Iraq,Iraq Second Division - East,3,Najaf Rangers,82625,no,82625,-39.0,,43.341751111330815,0.0,Unknown,2028,1748,Flexible / Multi-System,info@najafrangers.iq,Club sporting director / first-team office
3811,Karl Olafsson-Einarsson,MF,25,Iceland,Iceland Second Division - West,2,Reykjavik City,73100,yes,0,-39.1,,56.38104690543029,0.0,Unknown,2027,2491,Flexible / Multi-System,info@reykjavikcity.is,Club sporting director / first-team office
3755,Anon Charoensuk,GK,22,Thailand,Thailand Third Tier - South,3,Chiang Mai Town,95441,no,95441,-39.2,,64.54157824192065,0.0,No,2027,2075,Shot-Stopper / Traditional,info@chiangmaitown.th,Club sporting director / first-team office
111,Kevin Tamm-Saar,FW,22,Estonia,Estonia Regional League,4,Parnu Town,87363,no,87363,-39.2,,49.585025770739364,0.0,No,2028,2286,Flexible / Multi-System,info@parnutown.ee,Club sporting director / first-team office
3217,Kwabena Owusu-Appiah,FW,25,Ghana,Ghana Second Division - West,3,Sekondi FC,94960,no,94960,-39.2,,42.817262352904685,0.0,Unknown,2028,1764,Flexible / Multi-System,info@sekondifc.gh,Club sporting director / first-team office
21,Vladimir Nikolic,FW,21,Serbia,Serbia Provincial League,2,Dobanovci United,118998,no,118998,-39.3,,46.014855001576336,0.0,Yes,2026,2490,Flexible / Multi-System,info@dobanovciunited.rs,Go through the player's agent - ask the club to confirm representation first
4000,Anthony Quinonez,FW,25,Ecuador,Ecuador Second Division,2,Quito Rangers,76000,yes,0,-39.3,,22.12122719965561,0.0,Yes,2029,2235,Flexible / Multi-System,info@quitorangers.ec,Go through the player's agent - ask the club to confirm representation first
383,Ren Takahashi-Suzuki,FW,23,Japan,Japan Third Tier - North,2,Sendai Athletic,106474,no,106474,-39.3,,44.31319818402187,0.0,Yes,2027,2437,Flexible / Multi-System,info@sendaiathletic.jp,Go through the player's agent - ask the club to confirm representation first
613,Federico Ferreira-Gonzalez,GK,24,Uruguay,Uruguay Second Division - East,3,Montevideo City,70800,yes,0,-39.4,,78.41800072390642,0.0,No,2026,2224,Shot-Stopper / Traditional,info@montevideocity.uy,Club sporting director / first-team office
3308,Martin Urban-Kovac,DF,21,Slovakia,Slovakia Amateur League,2,Trencin Athletic,109188,no,109188,-39.4,,39.607522740725,0.0,No,2028,2298,Flexible / Multi-System,info@trencinathletic.sk,Club sporting director / first-team office
162,Hussein Jabbar-Abbas,FW,21,Iraq,Iraq Provincial League,2,Basra Rovers,108927,no,108927,-39.4,,24.311316852843703,0.0,Unknown,2029,2284,Flexible / Multi-System,info@basrarovers.iq,Club sporting director / first-team office
457,Bruno Acosta-Gonzalez,FW,25,Uruguay,Uruguay Reserve League,2,Paysandu FC,77900,yes,0,-39.5,,71.02469839371174,0.0,No,2026,2553,Flexible / Multi-System,info@paysandufc.uy,Club sporting director / first-team office
1861,Carlos Zambrano-Preciado,MF,18,Ecuador,Ecuador Amateur League,3,Quito United,89520,no,89520,-39.6,,30.71349725747206,0.0,Yes,2028,2519,Flexible / Multi-System,info@quitounited.ec,Go through the player's agent - ask the club to confirm representation first
253,Andres Suarez,MF,19,Ecuador,Ecuador Regional League,3,Quito City,85754,no,85754,-39.7,,42.24176978922031,0.0,No,2028,2446,Flexible / Multi-System,info@quitocity.ec,Club sporting director / first-team office
191,Agustin Gonzalez-Ferreira,DF,20,Uruguay,Uruguay Reserve League,3,Rivera Rangers,96618,no,96618,-39.7,,41.803176661103535,0.0,No,2028,2637,Flexible / Multi-System,info@riverarangers.uy,Club sporting director / first-team office
4472,Marton Kiss-Toth,GK,20,Hungary,Hungary Reserve League,3,Pecs City,116884,no,116884,-39.7,,52.05346649240362,0.0,Unknown,2027,1748,Sweeper-Keeper / High Line,info@pecscity.hu,Club sporting director / first-team office
4847,Devon Bailey-Campbell,FW,25,Jamaica,Jamaica Regional League,3,Kingston Rovers,76616,no,76616,-39.8,,35.43780018178615,0.0,Yes,2028,2055,Flexible / Multi-System,info@kingstonrovers.jm,Go through the player's agent - ask the club to confirm representation first
874,Bruno Silva-Ferreira,MF,22,Uruguay,Uruguay Amateur League,3,Montevideo Rangers,116454,no,116454,-39.8,,40.44458136014441,0.0,Unknown,2028,1895,Flexible / Multi-System,info@montevideorangers.uy,Club sporting director / first-team office
231,Do-yun Park-Lee,MF,21,South Korea,South Korea Reserve League,2,Gwangju United,76636,no,76636,-39.8,,65.52386282939612,0.0,No,2026,2677,Flexible / Multi-System,info@gwangjuunited.kr,Club sporting director / first-team office
3456,Blaze Stojanovski-Trajkovski,FW,25,North Macedonia,North Macedonia Second Division,2,Tetovo United,98400,yes,0,-39.9,,26.625779627686704,0.0,Unknown,2029,2403,Flexible / Multi-System,info@tetovounited.mk,Club sporting director / first-team office
3109,Sota Tanaka-Suzuki,FW,25,Japan,Japan Second Division,2,Sapporo Athletic,79400,yes,0,-39.9,,30.19435093364497,0.0,No,2029,2580,Flexible / Multi-System,info@sapporoathletic.jp,Club sporting director / first-team office
941,Adam Varga-Horvath,DF,18,Hungary,Hungary Second Division - West,2,Gyor Athletic,104077,no,104077,-40.0,,25.907112967923897,0.0,No,2029,2587,Flexible / Multi-System,info@gyorathletic.hu,Club sporting director / first-team office
1581,Yeferson Martinez,DF,24,Venezuela,Venezuela Second Division - West,3,Caracas United,102428,no,102428,-40.0,,48.68330142878288,0.0,Yes,2027,2210,Flexible / Multi-System,info@caracasunited.ve,Go through the player's agent - ask the club to confirm representation first
2470,Mamadou Sow-Diallo,GK,26,Senegal,Senegal Reserve League,2,Thies City,95939,no,95939,-40.0,,61.27339093879706,0.0,No,2027,2114,Shot-Stopper / Traditional,info@thiescity.sn,Club sporting director / first-team office
118,Amadou Traore-Coulibaly,GK,24,Mali,Mali Regional League,4,Kayes Town,60979,no,60979,-40.2,,62.2885286963265,0.0,Yes,2026,2195,Sweeper-Keeper / High Line,info@kayestown.ml,Go through the player's agent - ask the club to confirm representation first
858,Gentian Bardhi,MF,23,Albania,Albania Third Tier - North,3,Vlore Rovers,105205,no,105205,-40.3,,59.79604678072236,0.0,Unknown,2027,1815,Flexible / Multi-System,info@vlorerovers.al,Club sporting director / first-team office
255,Kittipong Boonmee-Srisawat,DF,23,Thailand,Thailand Third Tier - South,4,Nonthaburi Athletic,97065,no,97065,-40.4,,51.09207872690982,0.0,No,2028,1837,Flexible / Multi-System,info@nonthaburiathletic.th,Club sporting director / first-team office
2049,Adam Kovacs-Molnar,MF,24,Hungary,Hungary Second Division,3,Debrecen City,100173,no,100173,-40.4,,23.642286241850034,0.0,Yes,2029,1529,Flexible / Multi-System,info@debrecencity.hu,Go through the player's agent - ask the club to confirm representation first
3736,Janis Kalns-Ozols,DF,17,Latvia,Latvia Third Tier - North,3,Liepaja Athletic,102882,no,102882,-40.5,,12.136754621113319,0.0,Yes,2028,2365,Flexible / Multi-System,info@liepajaathletic.lv,"Club youth/academy office ONLY - player is a minor, do not contact directly"
1853,Yuto Takahashi-Suzuki,FW,26,Japan,Japan Reserve League,4,Fukuoka City,81968,no,81968,-40.7,,46.591542384105765,0.0,Unknown,2028,2315,Flexible / Multi-System,info@fukuokacity.jp,Club sporting director / first-team office
1607,Ji-ho Kang-Kim,GK,19,South Korea,South Korea Regional League,3,Daejeon Athletic,81715,no,81715,-40.7,,26.032466409450116,0.0,Unknown,2029,954,Flexible / Multi-System,info@daejeonathletic.kr,Club sporting director / first-team office
3740,Ardit Krasniqi-Hoxha,GK,23,Albania,Albania Regional League,2,Durres City,86261,no,86261,-40.8,,70.39392124795941,0.0,No,2026,2220,Flexible / Multi-System,info@durrescity.al,Club sporting director / first-team office
2181,Abdoulaye Diallo,DF,23,Senegal,Senegal Regional League,2,Ziguinchor Town,100830,no,100830,-40.9,,29.569629820035416,0.0,No,2029,1989,Flexible / Multi-System,info@ziguinchortown.sn,Club sporting director / first-team office
2547,Phong Vu-Le,MF,24,Vietnam,Vietnam Third Tier - South,3,Hai Phong SC,119375,no,119375,-41.0,,41.9685327832768,0.0,Unknown,2028,1657,Flexible / Multi-System,info@haiphongsc.vn,Club sporting director / first-team office
2986,Luis Morales-Castillo,GK,22,Costa Rica,Costa Rica Third Tier - South,3,Cartago Rangers,114990,no,114990,-41.0,,72.2738295072151,0.0,No,2026,1102,Shot-Stopper / Traditional,info@cartagorangers.cr,Club sporting director / first-team office
157,Lukas Novak-Horak,DF,26,Czechia,Czechia Regional League,2,Olomouc Rangers,87860,no,87860,-41.0,,70.28088082022524,0.0,No,2026,2366,Flexible / Multi-System,info@olomoucrangers.cz,Club sporting director / first-team office
3094,Kristijan Naumovski-Ristovski,DF,23,North Macedonia,North Macedonia Regional League,2,Ohrid Rangers,81825,no,81825,-41.0,,44.093240731853825,0.0,No,2028,2309,Flexible / Multi-System,info@ohridrangers.mk,Club sporting director / first-team office
4376,Karim Salim-Abbas,FW,17,Iraq,Iraq Second Division,2,Basra Town,104360,no,104360,-41.0,,21.37530512923875,0.0,No,2027,2326,Flexible / Multi-System,info@basratown.iq,"Club youth/academy office ONLY - player is a minor, do not contact directly"
363,Emiliano Perez-Sanchez,MF,24,Paraguay,Paraguay Third Tier - South,3,Ciudad del Este Wanderers,84991,no,84991,-41.1,,32.8635602149961,0.0,No,2029,2557,Flexible / Multi-System,info@ciudaddelestewanderers.py,Club sporting director / first-team office
3409,Ziga Zupan-Kovac,GK,20,Slovenia,Slovenia Reserve League,4,Maribor SC,79352,no,79352,-41.2,,33.34327259131868,0.0,Yes,2028,1429,Sweeper-Keeper / High Line,info@mariborsc.si,Go through the player's agent - ask the club to confirm representation first
3856,Jose Escobar-Perez,DF,18,Panama,Panama Reserve League,3,David Town,119632,no,119632,-41.2,,59.127431279681815,0.0,Unknown,2026,1727,Flexible / Multi-System,info@davidtown.pa,Club sporting director / first-team office
1623,Jakub Mazur,MF,26,Poland,Poland Provincial League,2,Gdynia Town,75700,yes,0,-41.5,,63.97752692556285,0.0,Unknown,2026,2691,Flexible / Multi-System,info@gdyniatown.pl,Club sporting director / first-team office
4830,Emmanuel Mensah-Boateng,DF,17,Ghana,Ghana Second Division - East,4,Sekondi Wanderers,97260,no,97260,-41.5,,11.016781236953092,0.0,Unknown,2029,2433,Flexible / Multi-System,info@sekondiwanderers.gh,"Club youth/academy office ONLY - player is a minor, do not contact directly"
2019,Vladimir Ilic,GK,21,Serbia,Serbia Regional League,3,Dobanovci Athletic,67056,no,67056,-41.6,,63.77146437799061,0.0,No,2027,1353,Flexible / Multi-System,info@dobanovciathletic.rs,Club sporting director / first-team office
2721,Carlos Suarez-Preciado,DF,24,Ecuador,Ecuador Second Division - East,2,Manta Rangers,116614,no,116614,-41.7,,31.19818100246599,0.0,Yes,2028,2385,Flexible / Multi-System,info@mantarangers.ec,Go through the player's agent - ask the club to confirm representation first
3717,Fidel Torres-Murillo,FW,25,Panama,Panama Reserve League,2,Panama City SC,80561,no,80561,-41.7,,22.00870459917357,0.0,Yes,2029,2391,Flexible / Multi-System,info@panamacitysc.pa,Go through the player's agent - ask the club to confirm representation first
3028,Franck Toure-Bamba,DF,20,Ivory Coast,Ivory Coast Amateur League,2,San Pedro Wanderers,86602,no,86602,-41.8,,48.805614092191476,0.0,Unknown,2027,2375,Flexible / Multi-System,info@sanpedrowanderers.ci,Club sporting director / first-team office
3291,Mateo Martinez-Flores,DF,25,Bolivia,Bolivia Third Tier - South,4,Oruro City,110102,no,110102,-41.9,,71.20515288024649,0.0,No,2027,1584,Flexible / Multi-System,info@orurocity.bo,Club sporting director / first-team office
2142,Mateo Vargas-Rodriguez,DF,24,Bolivia,Bolivia Second Division,2,La Paz Town,118749,no,118749,-42.0,,42.67950994078917,0.0,No,2028,2065,Flexible / Multi-System,info@lapaztown.bo,Club sporting director / first-team office
857,Mateusz Wojcik-Nowak,FW,21,Poland,Poland Provincial League,4,Rzeszow Athletic,92161,no,92161,-42.1,,47.281594769426945,0.0,No,2028,2572,Flexible / Multi-System,info@rzeszowathletic.pl,Club sporting director / first-team office
4245,Thomas Wagner-Bauer,MF,18,Austria,Austria Third Tier - South,4,Wels FC,119573,no,119573,-42.1,,55.806217317761224,0.0,Unknown,2027,1975,High Press / Gegenpressing,info@welsfc.at,Club sporting director / first-team office
508,Andre Godoy,MF,24,Panama,Panama Second Division - East,2,David Rangers,88102,no,88102,-42.1,,55.46763532471123,0.0,Unknown,2027,2137,Flexible / Multi-System,info@davidrangers.pa,Club sporting director / first-team office
4857,Blaze Naumovski-Ristovski,FW,19,North Macedonia,North Macedonia Third Tier - North,4,Stip United,111403,no,111403,-42.2,,44.35020650345538,0.0,No,2028,2436,Flexible / Multi-System,info@stipunited.mk,Club sporting director / first-team office
425,Duc Tran-Le,GK,20,Vietnam,Vietnam Second Division - West,4,Da Nang Rangers,118287,no,118287,-42.3,,62.16759739700415,0.0,No,2027,1790,Flexible / Multi-System,info@danangrangers.vn,Club sporting director / first-team office
203,Gentian Duro-Shala,FW,21,Albania,Albania Third Tier - North,3,Shkoder Rovers,93640,no,93640,-42.6,,21.90890751118582,0.0,Yes,2029,2598,Flexible / Multi-System,info@shkoderrovers.al,Go through the player's agent - ask the club to confirm representation first
2243,Franck Toure 21,FW,24,Ivory Coast,Ivory Coast Third Tier - North,2,San Pedro Town,88911,no,88911,-42.6,,29.89691567388541,0.0,No,2029,2543,Flexible / Multi-System,info@sanpedrotown.ci,Club sporting director / first-team office
435,Emiliano Lopez-Cardozo,DF,21,Paraguay,Paraguay Provincial League,2,Ciudad del Este City,76903,no,76903,-42.6,,29.807006417092413,0.0,Yes,2028,2553,Flexible / Multi-System,info@ciudaddelestecity.py,Go through the player's agent - ask the club to confirm representation first
578,Bence Kiss-Nagy,FW,24,Hungary,Hungary Third Tier - South,4,Szeged Town,82978,no,82978,-42.7,,65.58260400749401,0.0,Unknown,2027,2352,Flexible / Multi-System,info@szegedtown.hu,Club sporting director / first-team office
2050,Kofi Appiah-Boateng,DF,24,Ghana,Ghana Provincial League,2,Kumasi United,76355,no,76355,-43.1,,22.112208765260622,0.0,Yes,2029,2227,Flexible / Multi-System,info@kumasiunited.gh,Go through the player's agent - ask the club to confirm representation first
1845,Bledi Hoxha-Bardhi,GK,26,Albania,Albania Second Division - East,2,Vlore Rovers,71140,no,71140,-43.2,,56.51528778241178,0.0,Unknown,2027,2558,Shot-Stopper / Traditional,info@vlorerovers.al,Club sporting director / first-team office
2958,Roberts Vitols 94,GK,23,Latvia,Latvia Reserve League,3,Jelgava City,64855,no,64855,-43.2,,33.65035802359621,0.0,No,2029,1318,Flexible / Multi-System,info@jelgavacity.lv,Club sporting director / first-team office
843,Phong Hoang-Pham,MF,24,Vietnam,Vietnam Third Tier - North,2,Hai Phong United,76448,no,76448,-43.2,,71.14172467731183,0.0,No,2026,2461,Flexible / Multi-System,info@haiphongunited.vn,Club sporting director / first-team office
3344,Marco Baumann-Meier,MF,26,Switzerland,Switzerland Second Division,4,Sion United,108769,no,108769,-43.3,,36.918816398480004,0.0,Yes,2028,1672,Flexible / Multi-System,info@sionunited.ch,Go through the player's agent - ask the club to confirm representation first
1118,Bryan Chavez-Suarez,MF,18,Ecuador,Ecuador Second Division - West,2,Cuenca Town,104561,no,104561,-43.4,,23.268700067726723,0.0,Unknown,2029,2442,Flexible / Multi-System,info@cuencatown.ec,Club sporting director / first-team office
1502,Chanda Sakala-Mwansa,DF,23,Zambia,Zambia Third Tier - North,3,Lusaka SC,108279,no,108279,-43.4,,34.38128372962054,0.0,Yes,2028,2010,Flexible / Multi-System,info@lusakasc.zm,Go through the player's agent - ask the club to confirm representation first
25,Kelvin Mwansa-Phiri,DF,26,Zambia,Zambia Third Tier - North,3,Kitwe Town,88101,no,88101,-43.6,,60.7316153862093,0.0,Unknown,2027,2063,Flexible / Multi-System,info@kitwetown.zm,Club sporting director / first-team office
4570,Junior Hernandez-Gonzalez,FW,26,Venezuela,Venezuela Regional League,4,Valencia Town,104681,no,104681,-43.7,,50.755500810126904,0.0,No,2028,1734,Flexible / Multi-System,info@valenciatown.ve,Club sporting director / first-team office
3357,Jose Castillo-Ramirez,DF,22,Costa Rica,Costa Rica Reserve League,2,San Jose City,117416,no,117416,-43.7,,65.88900302128802,0.0,No,2026,1852,Flexible / Multi-System,info@sanjosecity.cr,Club sporting director / first-team office
1568,Irakli Gelashvili,MF,21,Georgia,Georgia Second Division,4,Tbilisi Wanderers,100472,no,100472,-43.7,,67.62539970120176,0.0,Unknown,2026,1942,Flexible / Multi-System,info@tbilisiwanderers.ge,Club sporting director / first-team office
4370,Jack Brown-Mitchell,FW,26,New Zealand,New Zealand Third Tier - South,2,Auckland FC,95800,yes,0,-43.8,,62.67276504720896,0.0,Unknown,2026,2342,Flexible / Multi-System,info@aucklandfc.nz,Club sporting director / first-team office
1824,Jasur Yusupov-Rashidov,DF,23,Uzbekistan,Uzbekistan Provincial League,4,Samarkand Athletic,79217,no,79217,-43.8,,53.486269464638795,0.0,Yes,2027,2176,Flexible / Multi-System,info@samarkandathletic.uz,Go through the player's agent - ask the club to confirm representation first
2397,Mateusz Wisniewski,DF,25,Poland,Poland Amateur League,2,Legnica Rovers,105453,no,105453,-43.9,,43.1252760914213,0.0,No,2028,1796,Flexible / Multi-System,info@legnicarovers.pl,Club sporting director / first-team office
64,Phong Le,GK,18,Vietnam,Vietnam Provincial League,3,Hanoi Athletic,94846,no,94846,-43.9,,41.87093895181557,0.0,No,2028,958,Flexible / Multi-System,info@hanoiathletic.vn,Club sporting director / first-team office
666,Karl Kukk-Pikk,GK,18,Estonia,Estonia Second Division - East,3,Parnu Rangers,94890,no,94890,-43.9,,49.010018733361505,0.0,Yes,2026,1923,Flexible / Multi-System,info@parnurangers.ee,Go through the player's agent - ask the club to confirm representation first
2997,Gunnar Bjornsson,DF,26,Iceland,Iceland Second Division - West,2,Hafnarfjordur FC,89731,no,89731,-43.9,,61.633101779934115,0.0,No,2027,2680,Flexible / Multi-System,info@hafnarfjordurfc.is,Club sporting director / first-team office
390,Esteban Castillo-Morales,GK,24,Costa Rica,Costa Rica Second Division,3,Heredia FC,60879,no,60879,-44.0,,69.81204133549691,0.0,No,2027,1286,Flexible / Multi-System,info@herediafc.cr,Club sporting director / first-team office
4379,Noah Brown-Taylor,GK,20,New Zealand,New Zealand Amateur League,2,Auckland Town,87920,no,87920,-44.0,,34.58986398324001,0.0,Unknown,2028,1781,Shot-Stopper / Traditional,info@aucklandtown.nz,Club sporting director / first-team office
2797,Edgars Liepa,DF,25,Latvia,Latvia Provincial League,2,Riga United,77637,no,77637,-44.1,,63.83624347811273,0.0,Unknown,2026,2521,Flexible / Multi-System,info@rigaunited.lv,Club sporting director / first-team office
4348,Janis Berzins-Ozols,MF,25,Latvia,Latvia Third Tier - North,3,Liepaja Wanderers,94701,no,94701,-44.1,,76.44738799857971,0.0,No,2026,2257,Flexible / Multi-System,info@liepajawanderers.lv,Club sporting director / first-team office
582,David Bauer-Gruber,MF,22,Austria,Austria Provincial League,4,Graz SC,88731,no,88731,-44.1,,33.8197625572529,0.0,No,2029,2572,Flexible / Multi-System,info@grazsc.at,Club sporting director / first-team office
3944,Otabek Rustamov-Tashkentov,FW,26,Uzbekistan,Uzbekistan Regional League,2,Tashkent City,119442,no,119442,-44.5,,43.86980098112689,0.0,Yes,2027,1942,Flexible / Multi-System,info@tashkentcity.uz,Go through the player's agent - ask the club to confirm representation first
335,Yoon-seo Choi-Kang,MF,23,South Korea,South Korea Third Tier - North,3,Gwangju United,82207,no,82207,-44.5,,43.36098984832565,0.0,Unknown,2028,2671,Flexible / Multi-System,info@gwangjuunited.kr,Club sporting director / first-team office
4335,Nikola Ilic-Vukotic,FW,18,Montenegro,Montenegro Regional League,4,Niksic City,94104,no,94104,-44.5,,45.00993818845725,0.0,No,2028,2433,Flexible / Multi-System,info@niksiccity.me,Club sporting director / first-team office
647,Given Sakala-Banda,MF,19,Zambia,Zambia Regional League,3,Kitwe FC,111034,no,111034,-44.6,,58.19308941504125,0.0,No,2027,1976,Flexible / Multi-System,info@kitwefc.zm,Club sporting director / first-team office
4513,Noah Schmid-Meier,DF,25,Switzerland,Switzerland Second Division - East,4,Lucerne Town,81077,no,81077,-44.7,,74.79831271013616,0.0,Unknown,2026,2118,Flexible / Multi-System,info@lucernetown.ch,Club sporting director / first-team office
4864,Somchai Wongsa,MF,25,Thailand,Thailand Amateur League,3,Khon Kaen United,97494,no,97494,-44.8,,32.471262686280724,0.0,No,2029,1964,Flexible / Multi-System,info@khonkaenunited.th,Club sporting director / first-team office
4494,Nicolas Silva,DF,19,Uruguay,Uruguay Third Tier - South,4,Rivera FC,90870,no,90870,-44.9,,40.56642531632359,0.0,Unknown,2028,2152,Flexible / Multi-System,info@riverafc.uy,Club sporting director / first-team office
3651,Szymon Zielinski,FW,26,Poland,Poland Regional League,2,Tychy United,87700,yes,0,-44.9,,39.379164109880584,0.0,Unknown,2028,2670,Flexible / Multi-System,info@tychyunited.pl,Club sporting director / first-team office
4694,Adalberto Barrios-Torres,FW,19,Panama,Panama Second Division,3,Santiago United,99340,no,99340,-45.1,,28.48157143278772,0.0,No,2029,2327,Flexible / Multi-System,info@santiagounited.pa,Club sporting director / first-team office
2535,Enock Sakala-Zulu,MF,19,Zambia,Zambia Reserve League,2,Ndola Rangers,104891,no,104891,-45.2,,25.889458449930213,0.0,No,2029,2083,Flexible / Multi-System,info@ndolarangers.zm,Club sporting director / first-team office
674,Tim Krajnc-Novak,FW,18,Slovenia,Slovenia Reserve League,4,Ljubljana SC,93044,no,93044,-45.5,,30.771547531314546,0.0,No,2029,2558,Flexible / Multi-System,info@ljubljanasc.si,Club sporting director / first-team office
1704,Michael Barrios-Murillo,MF,26,Panama,Panama Third Tier - North,2,Colon Athletic,102024,no,102024,-45.6,,60.94457304765911,0.0,No,2027,1937,Flexible / Multi-System,info@colonathletic.pa,Club sporting director / first-team office
2805,Irakli Beridze-Lomidze,GK,24,Georgia,Georgia Reserve League,2,Rustavi Rovers,71100,yes,0,-45.8,,71.59461131398525,0.0,No,2026,1834,Shot-Stopper / Traditional,info@rustavirovers.ge,Club sporting director / first-team office
1014,Bekzod Karimov,FW,24,Uzbekistan,Uzbekistan Second Division - West,2,Tashkent Wanderers,100301,no,100301,-45.9,,26.5812373749467,0.0,Unknown,2029,2446,Flexible / Multi-System,info@tashkentwanderers.uz,Club sporting director / first-team office
2837,Stefan Petrovic-Nikolic,FW,24,Serbia,Serbia Third Tier - North,3,Vojvodina FC,93097,no,93097,-46.0,,67.26503488109917,0.0,No,2027,2211,Flexible / Multi-System,info@vojvodinafc.rs,Club sporting director / first-team office
1513,Given Tembo-Zulu,GK,21,Zambia,Zambia Regional League,4,Kitwe Town,89713,no,89713,-46.1,,32.36872519299722,0.0,No,2029,1828,Sweeper-Keeper / High Line,info@kitwetown.zm,Club sporting director / first-team office
3525,Nam Nguyen-Vu,DF,18,Vietnam,Vietnam Third Tier - North,4,Can Tho Town,100727,no,100727,-46.2,,44.74287201078305,0.0,No,2028,2417,Flexible / Multi-System,info@canthotown.vn,Club sporting director / first-team office
205,Toni Novak-Kovacevic,DF,26,Croatia,Croatia Second Division - East,3,Osijek United,93845,no,93845,-46.3,,34.814385535226585,0.0,Yes,2028,2317,Flexible / Multi-System,info@osijekunited.hr,Go through the player's agent - ask the club to confirm representation first
1940,Ali Jabbar-Mahmoud,GK,20,Iraq,Iraq Amateur League,4,Najaf City,65608,no,65608,-46.3,,66.94439114341826,0.0,Unknown,2026,1780,Flexible / Multi-System,info@najafcity.iq,Club sporting director / first-team office
2576,Diego Vargas-Fernandez,MF,20,Bolivia,Bolivia Provincial League,2,Oruro City,111030,no,111030,-46.4,,38.78988091685811,0.0,Yes,2027,2246,Flexible / Multi-System,info@orurocity.bo,Go through the player's agent - ask the club to confirm representation first
1816,Somchai Srisawat,MF,24,Thailand,Thailand Reserve League,2,Khon Kaen Athletic,109916,no,109916,-46.4,,68.9169573985771,0.0,No,2026,2293,Flexible / Multi-System,info@khonkaenathletic.th,Club sporting director / first-team office
126,Jan Dvorak-Vesely,GK,26,Czechia,Czechia Second Division,3,Olomouc Town,76457,no,76457,-46.5,,33.1692561872592,0.0,No,2029,2304,Flexible / Multi-System,info@olomouctown.cz,Club sporting director / first-team office
3699,Anon Charoensuk-Srisawat,GK,21,Thailand,Thailand Regional League,4,Nonthaburi FC,90597,no,90597,-46.5,,59.95410114192935,0.0,Unknown,2027,2338,Flexible / Multi-System,info@nonthaburifc.th,Club sporting director / first-team office
3671,Karim Mahmoud-Kareem,DF,20,Iraq,Iraq Third Tier - North,4,Najaf Athletic,118161,no,118161,-46.5,,30.134783917526843,0.0,No,2029,2500,Flexible / Multi-System,info@najafathletic.iq,Club sporting director / first-team office
4899,Diyorbek Yusupov-Rustamov,MF,25,Uzbekistan,Uzbekistan Second Division,3,Bukhara City,83724,no,83724,-46.6,,61.00301275063743,0.0,Unknown,2027,2258,Flexible / Multi-System,info@bukharacity.uz,Club sporting director / first-team office
221,Vasil Naumovski-Ristovski,MF,24,North Macedonia,North Macedonia Amateur League,4,Bitola Rovers,114746,no,114746,-46.6,,25.097206218918124,0.0,Yes,2029,1651,Flexible / Multi-System,info@bitolarovers.mk,Go through the player's agent - ask the club to confirm representation first
1021,Filip Kovacevic-Radovic,GK,26,Montenegro,Montenegro Regional League,2,Bar United,103606,no,103606,-46.8,,29.499442803430817,0.0,No,2029,2289,Flexible / Multi-System,info@barunited.me,Club sporting director / first-team office
4866,Karim Hassan-Salim,DF,19,Iraq,Iraq Regional League,4,Erbil Rangers,112712,no,112712,-46.9,,62.43076890485513,0.0,No,2027,1823,Flexible / Multi-System,info@erbilrangers.iq,Club sporting director / first-team office
539,Serge Kouassi-Bamba,DF,24,Ivory Coast,Ivory Coast Second Division - West,2,Abidjan Wanderers,113817,no,113817,-47.0,,68.7069707964398,0.0,No,2026,2109,Flexible / Multi-System,info@abidjanwanderers.ci,Club sporting director / first-team office
1594,Serge Kouassi-Toure,MF,19,Ivory Coast,Ivory Coast Second Division - East,3,Yamoussoukro Wanderers,89436,no,89436,-47.1,,49.264527915892764,0.0,Yes,2026,2676,Flexible / Multi-System,info@yamoussoukrowanderers.ci,Go through the player's agent - ask the club to confirm representation first
1621,Kevin Kukk,MF,25,Estonia,Estonia Regional League,2,Tartu Rangers,114741,no,114741,-47.1,,26.27023901294264,0.0,Unknown,2029,2156,Flexible / Multi-System,info@tarturangers.ee,Club sporting director / first-team office
277,Jan Krajnc-Kranjc,MF,21,Slovenia,Slovenia Amateur League,4,Maribor City,97026,no,97026,-47.3,,66.3260649773392,0.0,No,2027,2001,Flexible / Multi-System,info@mariborcity.si,Club sporting director / first-team office
2710,Diyorbek Rashidov,DF,19,Uzbekistan,Uzbekistan Third Tier - North,3,Tashkent Rovers,103631,no,103631,-47.3,,20.70987017353415,0.0,Yes,2029,1817,Flexible / Multi-System,info@tashkentrovers.uz,Go through the player's agent - ask the club to confirm representation first
2709,Franck Diabate-Kouassi,DF,18,Ivory Coast,Ivory Coast Provincial League,3,Abidjan Rovers,117377,no,117377,-47.4,,28.068796889133477,0.0,No,2029,2272,Flexible / Multi-System,info@abidjanrovers.ci,Club sporting director / first-team office
512,Jefferson Suarez-Chavez,GK,17,Ecuador,Ecuador Amateur League,4,Guayaquil FC,98733,no,98733,-47.4,,11.002300936739363,0.0,Unknown,2029,2543,Shot-Stopper / Traditional,info@guayaquilfc.ec,"Club youth/academy office ONLY - player is a minor, do not contact directly"
828,Bojan Krstic,DF,21,Serbia,Serbia Third Tier - North,4,Nis Rovers,83334,no,83334,-47.5,,32.5783058550695,0.0,No,2029,2604,Flexible / Multi-System,info@nisrovers.rs,Club sporting director / first-team office
1321,Carlos Zambrano,GK,23,Ecuador,Ecuador Second Division - East,3,Quito FC,94196,no,94196,-47.6,,76.48316217531013,0.0,No,2026,1254,Sweeper-Keeper / High Line,info@quitofc.ec,Club sporting director / first-team office
3521,Matias Sanchez-Gonzalez,FW,23,Paraguay,Paraguay Second Division - East,4,Encarnacion Wanderers,108200,no,108200,-47.6,,25.22653081909094,0.0,Yes,2029,2122,Flexible / Multi-System,info@encarnacionwanderers.py,Go through the player's agent - ask the club to confirm representation first
2156,Giorgi Gelashvili,MF,24,Georgia,Georgia Amateur League,2,Rustavi FC,106487,no,106487,-47.8,,43.088472041801815,0.0,No,2028,2058,Flexible / Multi-System,info@rustavifc.ge,Club sporting director / first-team office
768,Arturs Ozols,FW,20,Latvia,Latvia Third Tier - North,4,Liepaja FC,118318,no,118318,-47.8,,21.990648512605855,0.0,Yes,2029,1928,Flexible / Multi-System,info@liepajafc.lv,Go through the player's agent - ask the club to confirm representation first
2935,Vasil Naumovski-Stojanovski,FW,21,North Macedonia,North Macedonia Provincial League,4,Negotino Rangers,96863,no,96863,-47.9,,55.10499538502484,0.0,Yes,2026,2683,Flexible / Multi-System,info@negotinorangers.mk,Go through the player's agent - ask the club to confirm representation first
1714,Minh Vu-Nguyen,GK,17,Vietnam,Vietnam Second Division - West,4,Can Tho United,111452,no,111452,-47.9,,12.946707617730628,0.0,Yes,2028,1231,Flexible / Multi-System,info@canthounited.vn,"Club youth/academy office ONLY - player is a minor, do not contact directly"
4781,Josip Radic-Kovacevic,FW,21,Croatia,Croatia Second Division - West,3,Medimurje SC,106499,no,106499,-48.0,,62.63236243292504,0.0,Unknown,2026,2500,Flexible / Multi-System,info@medimurjesc.hr,Club sporting director / first-team office
3801,Santiago Vargas-Martinez,DF,22,Bolivia,Bolivia Regional League,4,Sucre United,98921,no,98921,-48.1,,44.07155471151574,0.0,Unknown,2028,2209,Flexible / Multi-System,info@sucreunited.bo,Club sporting director / first-team office
1702,Domagoj Barisic-Kovac,GK,24,Croatia,Croatia Amateur League,4,Medimurje City,82472,no,82472,-48.2,,73.02838271011413,0.0,No,2027,1354,Shot-Stopper / Traditional,info@medimurjecity.hr,Club sporting director / first-team office
1243,Nicolas Ferreira-Gonzalez,GK,22,Uruguay,Uruguay Regional League,3,Paysandu Wanderers,70798,no,70798,-48.3,,28.85243460647743,0.0,Unknown,2029,1461,Sweeper-Keeper / High Line,info@paysanduwanderers.uy,Club sporting director / first-team office
1360,Rodrigo Lopez-Gonzalez,FW,22,Paraguay,Paraguay Third Tier - South,2,Luque City,110682,no,110682,-48.3,,66.23039359342073,0.0,No,2026,2512,Flexible / Multi-System,info@luquecity.py,Club sporting director / first-team office
2239,Roberts Vitols-Berzins,GK,18,Latvia,Latvia Second Division - West,2,Daugavpils SC,96632,no,96632,-48.7,,53.79921986202149,0.0,No,2027,2157,Flexible / Multi-System,info@daugavpilssc.lv,Club sporting director / first-team office
405,Damion Brown-Lowe,FW,22,Jamaica,Jamaica Amateur League,4,Kingston Athletic,115653,no,115653,-48.7,,68.1769270858103,0.0,No,2027,1935,Flexible / Multi-System,info@kingstonathletic.jm,Club sporting director / first-team office
1693,Facundo Gonzalez-Rodriguez,GK,24,Uruguay,Uruguay Second Division,2,Paysandu United,78811,no,78811,-48.8,,45.49519797308788,0.0,Yes,2027,2247,Flexible / Multi-System,info@paysanduunited.uy,Go through the player's agent - ask the club to confirm representation first
224,Given Zulu-Tembo,DF,25,Zambia,Zambia Amateur League,4,Ndola City,84063,no,84063,-48.9,,31.751078853844426,0.0,Unknown,2029,2664,Flexible / Multi-System,info@ndolacity.zm,Club sporting director / first-team office
781,Carlos Ramirez-Solano,DF,25,Costa Rica,Costa Rica Second Division - East,2,Heredia Rovers,103579,no,103579,-48.9,,54.68769655538576,0.0,Unknown,2027,1987,Flexible / Multi-System,info@herediarovers.cr,Club sporting director / first-team office
4414,Bledi Krasniqi,DF,24,Albania,Albania Provincial League,2,Shkoder Rovers,81170,no,81170,-48.9,,30.136157851915424,0.0,No,2029,2502,Flexible / Multi-System,info@shkoderrovers.al,Club sporting director / first-team office
4928,Sota Suzuki-Sato,MF,19,Japan,Japan Third Tier - North,3,Osaka Athletic,103983,no,103983,-48.9,,66.61730192089027,0.0,No,2026,2339,Flexible / Multi-System,info@osakaathletic.jp,Club sporting director / first-team office
3237,Ened Duro,FW,18,Albania,Albania Second Division - West,4,Durres Rangers,91915,no,91915,-49.1,,45.10272841712473,0.0,No,2028,2532,Flexible / Multi-System,info@durresrangers.al,Club sporting director / first-team office
460,Oumar Coulibaly,FW,25,Mali,Mali Second Division,3,Sikasso FC,107967,no,107967,-49.1,,59.66061018085699,0.0,Unknown,2027,2343,Low Block / Park the Bus,info@sikassofc.ml,Club sporting director / first-team office
4156,Callum Smith-Clarke,DF,25,New Zealand,New Zealand Provincial League,3,Christchurch City,86403,no,86403,-49.1,,48.048299704806645,0.0,No,2028,2381,Flexible / Multi-System,info@christchurchcity.nz,Club sporting director / first-team office
4134,Sekou Sidibe-Camara,GK,23,Mali,Mali Amateur League,4,Bamako SC,85471,no,85471,-49.1,,51.663926717437164,0.0,No,2028,2433,Flexible / Multi-System,info@bamakosc.ml,Club sporting director / first-team office
2736,Adalberto Barrios,FW,19,Panama,Panama Regional League,4,Santiago Wanderers,101379,no,101379,-49.2,,71.72128361689117,0.0,No,2026,2670,Flexible / Multi-System,info@santiagowanderers.pa,Club sporting director / first-team office
500,Aleksandar Milic,DF,23,Serbia,Serbia Second Division - West,2,Nis United,95869,no,95869,-49.3,,21.67622065638554,0.0,Yes,2029,2573,Flexible / Multi-System,info@nisunited.rs,Go through the player's agent - ask the club to confirm representation first
1131,Jakub Kucera-Dvorak,MF,18,Czechia,Czechia Second Division,2,Ceske Budejovice Town,110671,no,110671,-49.3,,60.512282373158065,0.0,No,2026,2557,Flexible / Multi-System,info@ceskebudejovicetown.cz,Club sporting director / first-team office
847,Kevin Saar,FW,18,Estonia,Estonia Amateur League,2,Parnu City,101809,no,101809,-49.4,,53.554105862795254,0.0,No,2027,2311,Flexible / Multi-System,info@parnucity.ee,Club sporting director / first-team office
3776,Ibrahim Mensah,GK,24,Ghana,Ghana Second Division - West,3,Kumasi SC,100895,no,100895,-49.6,,66.79326148424461,0.0,No,2027,2467,Sweeper-Keeper / High Line,info@kumasisc.gh,Club sporting director / first-team office
1810,Lukas Steiner,FW,26,Austria,Austria Second Division - West,3,Innsbruck Athletic,119356,no,119356,-49.7,,48.0361049730461,0.0,Yes,2027,2015,Flexible / Multi-System,info@innsbruckathletic.at,Go through the player's agent - ask the club to confirm representation first
156,Hussein Kareem-Jabbar,MF,24,Iraq,Iraq Reserve League,4,Najaf City,84394,no,84394,-49.7,,51.72128340241955,0.0,No,2028,2488,Flexible / Multi-System,info@najafcity.iq,Club sporting director / first-team office
80,Luca Keller-Schmid,FW,18,Switzerland,Switzerland Third Tier - South,3,Aarau Athletic,113528,no,113528,-49.7,,66.10734766798971,0.0,No,2026,2481,Flexible / Multi-System,info@aarauathletic.ch,Club sporting director / first-team office
2111,Petr Kucera-Svoboda,DF,22,Czechia,Czechia Third Tier - North,2,Olomouc City,101221,no,101221,-50.0,,48.716189040458154,0.0,Yes,2026,2696,Flexible / Multi-System,info@olomouccity.cz,Go through the player's agent - ask the club to confirm representation first
2787,Romell Palacios-Mejia,DF,24,Honduras,Honduras Second Division - West,2,Choluteca Athletic,119721,no,119721,-50.0,,60.0975254245935,0.0,No,2027,2166,Flexible / Multi-System,info@cholutecaathletic.hn,Club sporting director / first-team office
2901,Uros Stankovic,GK,23,Serbia,Serbia Second Division,2,Cacak United,102549,no,102549,-50.0,,62.3005438192847,0.0,Unknown,2026,1717,Flexible / Multi-System,info@cacakunited.rs,Club sporting director / first-team office
2983,Andrej Nikolic-Vukotic,MF,25,Montenegro,Montenegro Provincial League,2,Berane United,113413,no,113413,-50.0,,42.85155115658023,0.0,No,2028,2064,Flexible / Multi-System,info@beraneunited.me,Club sporting director / first-team office
4886,Matias Perez-Lopez,FW,26,Paraguay,Paraguay Second Division,3,Encarnacion Athletic,97865,no,97865,-50.2,,34.68684594497422,0.0,Yes,2028,2149,Flexible / Multi-System,info@encarnacionathletic.py,Go through the player's agent - ask the club to confirm representation first
1298,Domagoj Matic-Kovacevic,DF,18,Croatia,Croatia Second Division - West,2,Zagreb Town,115154,no,115154,-50.6,,52.980023645908894,0.0,No,2027,2455,Flexible / Multi-System,info@zagrebtown.hr,Club sporting director / first-team office
3156,Eric Njie-Fotso,DF,26,Cameroon,Cameroon Second Division - West,3,Bafoussam Rangers,106881,no,106881,-50.7,,47.16235698186424,0.0,No,2028,1918,Flexible / Multi-System,info@bafoussamrangers.cm,Club sporting director / first-team office
1952,Marek Toth-Varga,MF,25,Slovakia,Slovakia Second Division - West,3,Trnava SC,85418,no,85418,-50.7,,56.29936762163491,0.0,Yes,2026,2614,Flexible / Multi-System,info@trnavasc.sk,Go through the player's agent - ask the club to confirm representation first
4790,Jakub Cerny-Dvorak,GK,23,Czechia,Czechia Second Division - East,4,Ostrava Rangers,99799,no,99799,-50.7,,31.27792056697259,0.0,Unknown,2029,1005,Flexible / Multi-System,info@ostravarangers.cz,Club sporting director / first-team office
2583,Ardit Hoxha-Meta,DF,23,Albania,Albania Third Tier - North,2,Shkoder FC,92795,no,92795,-50.7,,43.61050796495838,0.0,No,2028,2297,Flexible / Multi-System,info@shkoderfc.al,Club sporting director / first-team office
1587,Stefan Gruber-Mayer,MF,24,Austria,Austria Provincial League,2,Innsbruck United,95760,no,95760,-50.9,,43.4906535132224,0.0,No,2028,2246,Flexible / Multi-System,info@innsbruckunited.at,Club sporting director / first-team office
2653,Ji-ho Park,GK,19,South Korea,South Korea Third Tier - South,3,Incheon FC,96461,no,96461,-51.0,,60.25177939493069,0.0,Unknown,2026,1610,Flexible / Multi-System,info@incheonfc.kr,Club sporting director / first-team office
1256,Noah Brown,DF,20,New Zealand,New Zealand Reserve League,2,Christchurch Wanderers,109356,no,109356,-51.0,,53.22005681409536,0.0,No,2027,2643,Flexible / Multi-System,info@christchurchwanderers.nz,Club sporting director / first-team office
3730,Roman Torres-Escobar,MF,26,Panama,Panama Second Division - East,2,David Athletic,113270,no,113270,-51.1,,42.85628207775435,0.0,No,2028,2067,Flexible / Multi-System,info@davidathletic.pa,Club sporting director / first-team office
2109,Matias Lopez-Perez,DF,26,Paraguay,Paraguay Second Division,2,Encarnacion Athletic,83199,no,83199,-51.1,,63.45093167741602,0.0,Unknown,2026,2569,Flexible / Multi-System,info@encarnacionathletic.py,Club sporting director / first-team office
1551,Nicolas Rodriguez-Gonzalez,MF,26,Uruguay,Uruguay Provincial League,2,Salto Athletic,112884,no,112884,-51.1,,68.7564731576155,0.0,No,2026,2261,Flexible / Multi-System,info@saltoathletic.uy,Club sporting director / first-team office
360,Aron Sigurdsson,DF,22,Iceland,Iceland Second Division - West,4,Keflavik United,102800,no,102800,-51.1,,57.221218117234194,0.0,Yes,2026,2036,Flexible / Multi-System,info@keflavikunited.is,Go through the player's agent - ask the club to confirm representation first
325,Luis Ramirez-Vargas,GK,25,Costa Rica,Costa Rica Amateur League,2,Heredia United,86664,no,86664,-51.3,,45.118641902948504,0.0,Yes,2027,2290,Flexible / Multi-System,info@herediaunited.cr,Go through the player's agent - ask the club to confirm representation first
3201,Yoon-seo Park,MF,26,South Korea,South Korea Provincial League,2,Daegu Wanderers,91340,no,91340,-51.4,,44.91165605965814,0.0,Yes,2027,2602,Flexible / Multi-System,info@daeguwanderers.kr,Go through the player's agent - ask the club to confirm representation first
4883,Bekzod Rashidov,MF,26,Uzbekistan,Uzbekistan Regional League,3,Bukhara City,119757,no,119757,-51.4,,67.29328947824402,0.0,Unknown,2026,2326,Flexible / Multi-System,info@bukharacity.uz,Club sporting director / first-team office
3111,Karlo Horvat-Kovac,GK,26,Croatia,Croatia Second Division - West,2,Rudes FC,88022,no,88022,-51.5,,21.8387950586204,0.0,Yes,2029,1573,Flexible / Multi-System,info@rudesfc.hr,Go through the player's agent - ask the club to confirm representation first
1973,Michael Torres-Godoy,MF,23,Panama,Panama Third Tier - South,4,Santiago Town,95879,no,95879,-51.5,,31.38778058964903,0.0,Unknown,2029,1730,Flexible / Multi-System,info@santiagotown.pa,Club sporting director / first-team office
1517,Adalberto Godoy-Barrios,GK,26,Panama,Panama Amateur League,3,Panama City Rangers,65280,no,65280,-51.6,,69.38697934115945,0.0,No,2027,2616,Sweeper-Keeper / High Line,info@panamacityrangers.pa,Club sporting director / first-team office
4733,Jean Onana-Fotso,DF,24,Cameroon,Cameroon Second Division,3,Garoua FC,114582,no,114582,-51.7,,67.55389630896182,0.0,Unknown,2026,2299,Flexible / Multi-System,info@garouafc.cm,Club sporting director / first-team office
1328,Roberts Vitols-Liepa,GK,19,Latvia,Latvia Provincial League,4,Liepaja Rovers,110532,no,110532,-51.7,,62.537550986164,0.0,No,2027,1049,Flexible / Multi-System,info@liepajarovers.lv,Club sporting director / first-team office
829,Kwame Appiah-Mensah,MF,18,Ghana,Ghana Provincial League,4,Sekondi Rovers,111181,no,111181,-51.8,,45.61826989830354,0.0,Yes,2027,2255,Flexible / Multi-System,info@sekondirovers.gh,Go through the player's agent - ask the club to confirm representation first
1127,Bartosz Kowalski,DF,19,Poland,Poland Regional League,4,Bytom Rangers,88248,no,88248,-52.1,,46.549745346797756,0.0,Yes,2027,2411,Flexible / Multi-System,info@bytomrangers.pl,Go through the player's agent - ask the club to confirm representation first
4278,Josip Matic,MF,19,Croatia,Croatia Reserve League,4,Medimurje SC,92305,no,92305,-52.1,,30.793025608584525,0.0,No,2029,2599,Flexible / Multi-System,info@medimurjesc.hr,Club sporting director / first-team office
2632,Sander Mets-Saar,DF,25,Estonia,Estonia Third Tier - North,4,Parnu Wanderers,106574,no,106574,-52.2,,52.11580271986066,0.0,Yes,2027,1650,Flexible / Multi-System,info@parnuwanderers.ee,Go through the player's agent - ask the club to confirm representation first
3157,Kristijan Angelovski-Trajkovski,FW,23,North Macedonia,North Macedonia Second Division - East,3,Tetovo Rovers,115134,no,115134,-52.3,,46.85640677851102,0.0,No,2028,2175,Flexible / Multi-System,info@tetovorovers.mk,Club sporting director / first-team office
4177,Aleksandar Jovanovic-Milic,MF,23,Serbia,Serbia Third Tier - North,2,Nis Athletic,105234,no,105234,-52.4,,60.779599969236756,0.0,No,2027,2461,Flexible / Multi-System,info@nisathletic.rs,Club sporting director / first-team office
3319,Franco Flores-Martinez,MF,17,Bolivia,Bolivia Third Tier - South,4,Cochabamba Wanderers,103718,no,103718,-52.4,,22.602071220916315,0.0,Unknown,2027,2560,Flexible / Multi-System,info@cochabambawanderers.bo,"Club youth/academy office ONLY - player is a minor, do not contact directly"
1158,Franck Kone,DF,18,Ivory Coast,Ivory Coast Second Division,4,San Pedro SC,116351,no,116351,-52.5,,30.17551459120002,0.0,No,2029,2202,Flexible / Multi-System,info@sanpedrosc.ci,Club sporting director / first-team office
3591,Rodrigo Gonzalez-Lopez,GK,17,Paraguay,Paraguay Third Tier - South,4,Luque Rovers,109457,no,109457,-52.9,,25.604959747370742,0.0,Unknown,2026,2303,Flexible / Multi-System,info@luquerovers.py,"Club youth/academy office ONLY - player is a minor, do not contact directly"
69,Wuilker Hernandez-Martinez,FW,25,Venezuela,Venezuela Amateur League,4,Caracas FC,92868,no,92868,-53.0,,60.03756441245539,0.0,Yes,2026,2694,Flexible / Multi-System,info@caracasfc.ve,Go through the player's agent - ask the club to confirm representation first
1105,Liam Brown-Taylor,FW,23,New Zealand,New Zealand Reserve League,4,Hamilton Wanderers,115167,no,115167,-53.2,,63.728208683401604,0.0,Unknown,2027,1945,Flexible / Multi-System,info@hamiltonwanderers.nz,Club sporting director / first-team office
4720,Gergo Kiss,GK,17,Hungary,Hungary Third Tier - North,4,Gyor Athletic,97835,no,97835,-53.3,,21.002967567332476,0.0,Yes,2026,930,Flexible / Multi-System,info@gyorathletic.hu,"Club youth/academy office ONLY - player is a minor, do not contact directly"
1498,Andrej Vukotic,DF,21,Montenegro,Montenegro Second Division - West,3,Podgorica Wanderers,98196,no,98196,-53.3,,55.41928116513355,0.0,Unknown,2027,2263,Flexible / Multi-System,info@podgoricawanderers.me,Club sporting director / first-team office
1945,Yves Bamba-Toure,GK,25,Ivory Coast,Ivory Coast Reserve League,3,Abidjan Rovers,66415,no,66415,-53.4,,78.85793227121601,0.0,No,2026,1036,Flexible / Multi-System,info@abidjanrovers.ci,Club sporting director / first-team office
4195,Shamar Brown-Lowe,GK,17,Jamaica,Jamaica Third Tier - South,3,Montego Bay Rovers,79685,no,79685,-53.5,,8.476611226393288,0.0,Yes,2029,2043,Flexible / Multi-System,info@montegobayrovers.jm,"Club youth/academy office ONLY - player is a minor, do not contact directly"
2168,Do-yun Choi,DF,25,South Korea,South Korea Third Tier - South,2,Daejeon SC,116068,no,116068,-53.7,,42.764874496592675,0.0,No,2028,1884,Flexible / Multi-System,info@daejeonsc.kr,Club sporting director / first-team office
2202,Karl Sigurdsson,MF,18,Iceland,Iceland Third Tier - South,4,Vestmannaeyjar SC,110294,no,110294,-53.8,,56.20205482938643,0.0,Unknown,2027,2082,Flexible / Multi-System,info@vestmannaeyjarsc.is,Club sporting director / first-team office
1493,Duc Vu,DF,22,Vietnam,Vietnam Second Division,2,Hanoi United,104087,no,104087,-53.9,,28.35521514795449,0.0,No,2029,2224,Flexible / Multi-System,info@hanoiunited.vn,Club sporting director / first-team office
34,Ronaldo Perez-Rojas,GK,26,Venezuela,Venezuela Provincial League,4,Barquisimeto SC,107569,no,107569,-54.0,,59.27051825952713,0.0,Yes,2026,1364,Sweeper-Keeper / High Line,info@barquisimetosc.ve,Go through the player's agent - ask the club to confirm representation first
1033,Wilfried Toure-Traore,MF,18,Ivory Coast,Ivory Coast Reserve League,2,Abidjan SC,98457,no,98457,-54.1,,44.617766892438034,0.0,Yes,2026,2507,Flexible / Multi-System,info@abidjansc.ci,Go through the player's agent - ask the club to confirm representation first
3438,Adalberto Torres-Escobar,FW,23,Panama,Panama Regional League,4,Colon SC,92324,no,92324,-54.1,,31.491720291471413,0.0,Unknown,2029,2691,Flexible / Multi-System,info@colonsc.pa,Club sporting director / first-team office
3444,Goran Trajkovski-Angelovski,DF,18,North Macedonia,North Macedonia Provincial League,3,Skopje Town,103373,no,103373,-54.1,,42.73744974399768,0.0,Yes,2027,2600,Flexible / Multi-System,info@skopjetown.mk,Go through the player's agent - ask the club to confirm representation first
3990,Chanda Sakala-Zulu,MF,23,Zambia,Zambia Provincial League,4,Lusaka SC,115382,no,115382,-54.2,,25.085071012495938,0.0,Yes,2029,2491,Flexible / Multi-System,info@lusakasc.zm,Go through the player's agent - ask the club to confirm representation first
4476,Maximiliano Rodriguez,MF,17,Uruguay,Uruguay Third Tier - North,3,Rivera City,108687,no,108687,-54.2,,16.549935877640586,0.0,No,2028,2330,Flexible / Multi-System,info@riveracity.uy,"Club youth/academy office ONLY - player is a minor, do not contact directly"
3455,Luka Zupan-Krajnc,DF,24,Slovenia,Slovenia Second Division,2,Maribor SC,90382,no,90382,-54.4,,61.59412979284146,0.0,No,2027,2413,Flexible / Multi-System,info@mariborsc.si,Club sporting director / first-team office
4433,Vuk Jovanovic,DF,23,Montenegro,Montenegro Second Division - West,3,Podgorica United,94662,no,94662,-54.5,,76.45014335645357,0.0,No,2026,2595,Flexible / Multi-System,info@podgoricaunited.me,Club sporting director / first-team office
1528,Shamar Brown-Bailey,GK,20,Jamaica,Jamaica Provincial League,3,Spanish Town United,109666,no,109666,-54.5,,28.236184474334888,0.0,No,2029,2324,Flexible / Multi-System,info@spanishtownunited.jm,Club sporting director / first-team office
640,Damion Bailey-Lowe,FW,26,Jamaica,Jamaica Third Tier - North,3,Montego Bay Rangers,107977,no,107977,-54.6,,75.57483206032218,0.0,No,2026,2105,Flexible / Multi-System,info@montegobayrangers.jm,Club sporting director / first-team office
314,Marlon Reid-Brown,DF,19,Jamaica,Jamaica Second Division - East,3,Kingston SC,96448,no,96448,-54.6,,41.8096187101962,0.0,No,2028,2371,Flexible / Multi-System,info@kingstonsc.jm,Club sporting director / first-team office
506,Duc Le-Vu,DF,26,Vietnam,Vietnam Second Division,3,Hanoi Athletic,98176,no,98176,-54.9,,29.15839988339655,0.0,Unknown,2029,1941,Flexible / Multi-System,info@hanoiathletic.vn,Club sporting director / first-team office
1616,Karl Kask-Mets,MF,20,Estonia,Estonia Third Tier - North,2,Parnu Rangers,117266,no,117266,-55.2,,27.39649268558428,0.0,Yes,2028,2079,Flexible / Multi-System,info@parnurangers.ee,Go through the player's agent - ask the club to confirm representation first
1841,Karlo Barisic,MF,21,Croatia,Croatia Regional League,2,Bijelo Brdo SC,101405,no,101405,-55.3,,35.819308887201515,0.0,Unknown,2028,2615,Flexible / Multi-System,info@bijelobrdosc.hr,Club sporting director / first-team office
2297,Marko Kovacevic,DF,19,Montenegro,Montenegro Third Tier - North,4,Niksic Wanderers,117390,no,117390,-55.4,,30.152050305558337,0.0,No,2029,1907,Flexible / Multi-System,info@niksicwanderers.me,Club sporting director / first-team office
4459,Omar Mahmoud-Jabbar,DF,23,Iraq,Iraq Regional League,2,Baghdad Rovers,102839,no,102839,-55.7,,29.518628874395613,0.0,No,2029,2441,Flexible / Multi-System,info@baghdadrovers.iq,Club sporting director / first-team office
4439,Stefan Hofer-Steiner,FW,22,Austria,Austria Third Tier - South,4,Graz FC,101225,no,101225,-55.8,,30.039581665952454,0.0,Unknown,2029,2542,Flexible / Multi-System,info@grazfc.at,Club sporting director / first-team office
3644,Sota Watanabe,GK,26,Japan,Japan Third Tier - North,2,Fukuoka Athletic,94358,no,94358,-55.9,,69.8434666253586,0.0,No,2026,1938,Sweeper-Keeper / High Line,info@fukuokaathletic.jp,Club sporting director / first-team office
4814,Aron Bjornsson-Einarsson,MF,22,Iceland,Iceland Regional League,2,Akureyri City,105831,no,105831,-55.9,,37.24950248337644,0.0,Unknown,2028,2363,Flexible / Multi-System,info@akureyricity.is,Club sporting director / first-team office
217,Marton Toth,DF,19,Hungary,Hungary Provincial League,3,Pecs Athletic,98364,no,98364,-55.9,,20.8046090099916,0.0,Yes,2029,2579,Flexible / Multi-System,info@pecsathletic.hu,Go through the player's agent - ask the club to confirm representation first
3124,Kofi Agyemang,GK,21,Ghana,Ghana Second Division - East,2,Sekondi Rovers,73106,no,73106,-56.1,,36.85967550011945,0.0,Unknown,2028,1838,Flexible / Multi-System,info@sekondirovers.gh,Club sporting director / first-team office
2076,Piotr Kaminski-Zielinski,FW,25,Poland,Poland Second Division,3,Legnica Wanderers,102239,no,102239,-56.1,,29.05512194059675,0.0,Unknown,2029,2677,Flexible / Multi-System,info@legnicawanderers.pl,Club sporting director / first-team office
4150,Duc Pham-Nguyen,DF,21,Vietnam,Vietnam Second Division - East,2,Can Tho Rangers,104743,no,104743,-56.1,,56.01495549674902,0.0,No,2027,2571,Flexible / Multi-System,info@canthorangers.vn,Club sporting director / first-team office
4381,Pongsak Sanguan-Srisawat,MF,25,Thailand,Thailand Second Division - East,2,Chiang Mai United,97251,no,97251,-56.3,,39.024578954242706,0.0,Unknown,2028,2030,Flexible / Multi-System,info@chiangmaiunited.th,Club sporting director / first-team office
4854,Yeferson Gonzalez-Hernandez,MF,23,Venezuela,Venezuela Provincial League,3,Barquisimeto Rangers,118177,no,118177,-56.4,,54.72269216261952,0.0,Yes,2026,2474,Flexible / Multi-System,info@barquisimetorangers.ve,Go through the player's agent - ask the club to confirm representation first
3687,Mamadou Gueye-Faye,GK,25,Senegal,Senegal Third Tier - North,4,Dakar Town,71431,no,71431,-56.6,,35.84403668106148,0.0,No,2029,1560,Flexible / Multi-System,info@dakartown.sn,Club sporting director / first-team office
4885,Nico Schmid-Muller,GK,26,Switzerland,Switzerland Provincial League,4,St. Gallen SC,92317,no,92317,-56.6,,35.048533804640314,0.0,No,2029,1651,Sweeper-Keeper / High Line,info@stgallensc.ch,Club sporting director / first-team office
4424,Peter Varga,MF,21,Slovakia,Slovakia Second Division - West,3,Trnava Rangers,105566,no,105566,-56.7,,31.74349873439796,0.0,Yes,2028,2288,Flexible / Multi-System,info@trnavarangers.sk,Go through the player's agent - ask the club to confirm representation first
586,Christian Fotso,MF,21,Cameroon,Cameroon Provincial League,4,Yaounde Town,91854,no,91854,-56.7,,66.6447375110131,0.0,No,2027,2444,Flexible / Multi-System,info@yaoundetown.cm,Club sporting director / first-team office
4726,Kwabena Boateng-Appiah,GK,23,Ghana,Ghana Third Tier - South,2,Sekondi Rovers,76937,no,76937,-57.0,,71.1020449449091,0.0,No,2026,1405,Flexible / Multi-System,info@sekondirovers.gh,Club sporting director / first-team office
1863,Mamadou Diallo-Gueye,FW,26,Senegal,Senegal Second Division - West,2,Thies Rangers,101352,no,101352,-57.0,,38.88379362026556,0.0,Unknown,2028,2304,Flexible / Multi-System,info@thiesrangers.sn,Club sporting director / first-team office
629,Emmanuel Boateng-Owusu,MF,21,Ghana,Ghana Third Tier - North,4,Kumasi Athletic,114697,no,114697,-57.1,,74.39582591943041,0.0,No,2026,2306,Flexible / Multi-System,info@kumasiathletic.gh,Club sporting director / first-team office
2745,Vuk Ilic,FW,26,Montenegro,Montenegro Second Division,2,Berane FC,99340,no,99340,-57.4,,54.88801722697772,0.0,Unknown,2027,2648,Flexible / Multi-System,info@beranefc.me,Club sporting director / first-team office
299,Eric Njie-Onana,FW,23,Cameroon,Cameroon Second Division,2,Douala SC,101591,no,101591,-57.6,,69.39354794715744,0.0,No,2026,2682,Flexible / Multi-System,info@doualasc.cm,Club sporting director / first-team office
3402,Janis Vitols-Ozols,MF,26,Latvia,Latvia Provincial League,4,Daugavpils SC,90559,no,90559,-57.6,,46.186967721152115,0.0,Unknown,2028,2558,Flexible / Multi-System,info@daugavpilssc.lv,Club sporting director / first-team office
1823,Nemanja Nikolic-Milic,GK,20,Serbia,Serbia Second Division - East,3,Kraljevo Rovers,116322,no,116322,-57.7,,52.075423680516245,0.0,Unknown,2027,2038,Flexible / Multi-System,info@kraljevorovers.rs,Club sporting director / first-team office
4615,Yoon-seo Kim-Park,MF,25,South Korea,South Korea Second Division - East,3,Busan SC,118419,no,118419,-57.7,,54.7128978321149,0.0,Yes,2026,2202,Flexible / Multi-System,info@busansc.kr,Go through the player's agent - ask the club to confirm representation first
720,Ahmed Mahmoud-Salim,DF,25,Iraq,Iraq Reserve League,2,Erbil Town,117963,no,117963,-57.8,,54.06897641326381,0.0,Unknown,2027,1889,Flexible / Multi-System,info@erbiltown.iq,Club sporting director / first-team office
3491,Toni Kovac,FW,25,Croatia,Croatia Amateur League,4,Bijelo Brdo United,98772,no,98772,-58.1,,71.88496113060859,0.0,No,2027,2744,Flexible / Multi-System,info@bijelobrdounited.hr,Club sporting director / first-team office
2258,Ousmane Faye-Gueye,MF,26,Senegal,Senegal Reserve League,2,Saint-Louis Rovers,97349,no,97349,-58.2,,43.42807107095743,0.0,No,2028,2456,Flexible / Multi-System,info@saintlouisrovers.sn,Club sporting director / first-team office
2825,Nicolas Rodriguez-Flores,FW,22,Bolivia,Bolivia Second Division - East,3,Oruro Wanderers,108894,no,108894,-58.4,,30.923742211841702,0.0,No,2029,2437,Flexible / Multi-System,info@orurowanderers.bo,Club sporting director / first-team office
4106,Junior Gonzalez-Martinez,FW,22,Venezuela,Venezuela Third Tier - South,3,Valencia Rovers,111944,no,111944,-59.1,,30.849087197203577,0.0,No,2029,2210,Flexible / Multi-System,info@valenciarovers.ve,Club sporting director / first-team office
4079,Karl Tamm-Pikk,MF,23,Estonia,Estonia Reserve League,2,Parnu United,111527,no,111527,-59.2,,44.13378304811306,0.0,Yes,2027,2621,Flexible / Multi-System,info@parnuunited.ee,Go through the player's agent - ask the club to confirm representation first
1427,Min-jun Jung,FW,22,South Korea,South Korea Second Division - West,2,Incheon SC,108364,no,108364,-59.3,,28.25548068607386,0.0,No,2029,2680,Flexible / Multi-System,info@incheonsc.kr,Club sporting director / first-team office
4336,Gonzalo Martinez-Vargas,DF,20,Bolivia,Bolivia Second Division,4,Cochabamba City,118706,no,118706,-59.8,,44.104486005931314,0.0,No,2028,2426,Flexible / Multi-System,info@cochabambacity.bo,Club sporting director / first-team office
503,Klodian Meta-Bardhi,MF,22,Albania,Albania Third Tier - North,2,Tirana SC,116636,no,116636,-60.0,,29.99972354258409,0.0,Yes,2028,2481,Flexible / Multi-System,info@tiranasc.al,Go through the player's agent - ask the club to confirm representation first
33,Levente Kovacs-Molnar,DF,22,Hungary,Hungary Third Tier - North,2,Szombathely SC,109495,no,109495,-60.0,,41.33307280956306,0.0,No,2028,2461,Flexible / Multi-System,info@szombathelysc.hu,Club sporting director / first-team office
1701,Diyorbek Karimov-Yuldashev,MF,26,Uzbekistan,Uzbekistan Second Division - West,4,Andijan United,114754,no,114754,-60.0,,50.34911833214075,0.0,No,2028,2379,Flexible / Multi-System,info@andijanunited.uz,Club sporting director / first-team office
1083,Mateo Rodriguez-Fernandez,MF,25,Bolivia,Bolivia Amateur League,3,Oruro SC,102113,no,102113,-60.1,,59.95232991771458,0.0,Unknown,2027,2127,Flexible / Multi-System,info@orurosc.bo,Club sporting director / first-team office
3071,Nico Bianchi-Weber,FW,26,Switzerland,Switzerland Reserve League,3,Lucerne Wanderers,113447,no,113447,-60.5,,66.11147632072458,0.0,No,2027,2465,Flexible / Multi-System,info@lucernewanderers.ch,Club sporting director / first-team office
2212,Wuilker Perez-Gonzalez,DF,26,Venezuela,Venezuela Third Tier - North,2,Caracas Athletic,114633,no,114633,-60.8,,29.23953065686839,0.0,No,2029,2462,Flexible / Multi-System,info@caracasathletic.ve,Club sporting director / first-team office
4497,Moussa Faye,DF,25,Senegal,Senegal Second Division - West,3,Dakar Rangers,116235,no,116235,-61.0,,23.336631858290698,0.0,Yes,2029,2563,Flexible / Multi-System,info@dakarrangers.sn,Go through the player's agent - ask the club to confirm representation first
3099,Igor Mitrovski-Ristovski,MF,26,North Macedonia,North Macedonia Second Division - West,2,Bitola Town,108522,no,108522,-61.4,,61.99269705506125,0.0,Unknown,2026,1993,Flexible / Multi-System,info@bitolatown.mk,Club sporting director / first-team office
2967,Saba Lomidze-Gelashvili,DF,26,Georgia,Georgia Reserve League,3,Rustavi City,107517,no,107517,-61.4,,67.93112988713085,0.0,Unknown,2026,2445,Flexible / Multi-System,info@rustavicity.ge,Club sporting director / first-team office
3764,Dusan Stankovic-Krstic,MF,23,Serbia,Serbia Second Division - East,3,Backa Topola Rovers,117614,no,117614,-61.4,,48.097941889240595,0.0,Yes,2027,2491,Flexible / Multi-System,info@backatopolarovers.rs,Go through the player's agent - ask the club to confirm representation first
627,Wuilker Perez-Rondon,GK,26,Venezuela,Venezuela Third Tier - South,3,Valencia Athletic,88250,no,88250,-61.6,,47.95945709904465,0.0,No,2028,2168,Flexible / Multi-System,info@valenciaathletic.ve,Club sporting director / first-team office
988,Adam Kucera-Novak,GK,22,Czechia,Czechia Regional League,3,Pardubice SC,98453,no,98453,-61.7,,73.2624250124435,0.0,No,2026,920,Flexible / Multi-System,info@pardubicesc.cz,Club sporting director / first-team office
4460,Anon Srisawat-Charoensuk,GK,25,Thailand,Thailand Second Division,2,Nonthaburi United,102432,no,102432,-61.9,,60.923293708466055,0.0,No,2027,1137,Shot-Stopper / Traditional,info@nonthaburiunited.th,Club sporting director / first-team office
697,Kemar Campbell-Powell,MF,22,Jamaica,Jamaica Regional League,3,Kingston Wanderers,111873,no,111873,-62.0,,72.44782653471982,0.0,No,2026,2578,Flexible / Multi-System,info@kingstonwanderers.jm,Club sporting director / first-team office
1674,Nejc Novak-Zupan,MF,25,Slovenia,Slovenia Third Tier - North,2,Maribor City,97045,no,97045,-62.1,,62.60199677465602,0.0,Unknown,2026,2385,Flexible / Multi-System,info@mariborcity.si,Club sporting director / first-team office
2383,Jose Escobar,FW,20,Panama,Panama Reserve League,4,David Athletic,106281,no,106281,-62.2,,44.53323619104412,0.0,No,2028,2678,Flexible / Multi-System,info@davidathletic.pa,Club sporting director / first-team office
2789,Karl Pikk-Saar,GK,24,Estonia,Estonia Reserve League,3,Tartu Rangers,98943,no,98943,-62.2,,42.66360145776326,0.0,Unknown,2028,967,Flexible / Multi-System,info@tarturangers.ee,Club sporting director / first-team office
12,Jack Smith-Wilson,GK,20,New Zealand,New Zealand Regional League,2,Auckland City,108686,no,108686,-62.6,,44.23354201754578,0.0,Yes,2026,1312,Flexible / Multi-System,info@aucklandcity.nz,Go through the player's agent - ask the club to confirm representation first
1423,Lukas Urban-Toth,GK,20,Slovakia,Slovakia Third Tier - North,3,Banska Bystrica SC,82084,no,82084,-62.6,,68.01013305758448,0.0,No,2026,1543,Flexible / Multi-System,info@banskabystricasc.sk,Club sporting director / first-team office
2429,Balazs Horvath,MF,21,Hungary,Hungary Second Division - West,3,Pecs United,108914,no,108914,-62.6,,69.56924505771988,0.0,No,2026,2619,Flexible / Multi-System,info@pecsunited.hu,Club sporting director / first-team office
1687,Anthony Elvir,DF,20,Honduras,Honduras Second Division,3,Choluteca Rovers,119137,no,119137,-62.6,,51.96658070608248,0.0,Unknown,2027,2520,Flexible / Multi-System,info@cholutecarovers.hn,Club sporting director / first-team office
172,Mamadou Diop,MF,19,Senegal,Senegal Provincial League,4,Ziguinchor Wanderers,108218,no,108218,-62.9,,56.295577405081296,0.0,Unknown,2027,2305,Flexible / Multi-System,info@ziguinchorwanderers.sn,Club sporting director / first-team office
3396,Minh Nguyen,MF,17,Vietnam,Vietnam Provincial League,3,Da Nang Rangers,108298,no,108298,-63.0,,11.30688601386448,0.0,No,2029,2659,Flexible / Multi-System,info@danangrangers.vn,"Club youth/academy office ONLY - player is a minor, do not contact directly"
1601,Carlos Mendoza-Suarez,MF,22,Ecuador,Ecuador Provincial League,3,Manta United,105874,no,105874,-63.1,,22.62461708459677,0.0,Yes,2029,2568,Flexible / Multi-System,info@mantaunited.ec,Go through the player's agent - ask the club to confirm representation first
2552,Peter Balaz-Kovac,GK,23,Slovakia,Slovakia Reserve League,2,Banska Bystrica Rangers,118627,no,118627,-63.3,,68.45857665056025,0.0,No,2026,1348,Flexible / Multi-System,info@banskabystricarangers.sk,Club sporting director / first-team office
2499,Minh Tran-Hoang,MF,23,Vietnam,Vietnam Second Division - East,2,Hanoi Athletic,102759,no,102759,-63.5,,69.32417136718487,0.0,No,2026,2455,Flexible / Multi-System,info@hanoiathletic.vn,Club sporting director / first-team office
1949,Jan Novak-Zupan,DF,26,Slovenia,Slovenia Amateur League,2,Ljubljana SC,102587,no,102587,-63.6,,50.6021255895789,0.0,Yes,2026,2531,Flexible / Multi-System,info@ljubljanasc.si,Go through the player's agent - ask the club to confirm representation first
2889,Bakary Keita-Diarra,FW,26,Mali,Mali Second Division,4,Mopti Wanderers,115096,no,115096,-63.8,,36.73662021110136,0.0,Yes,2028,1631,Flexible / Multi-System,info@moptiwanderers.ml,Go through the player's agent - ask the club to confirm representation first
2027,Erion Hoxha,DF,20,Albania,Albania Third Tier - North,4,Vlore SC,113717,no,113717,-64.0,,71.00415803691793,0.0,No,2026,2471,Flexible / Multi-System,info@vloresc.al,Club sporting director / first-team office
3536,Chanda Tembo-Banda,MF,26,Zambia,Zambia Second Division - West,2,Ndola City,98016,no,98016,-64.1,,26.634890702067718,0.0,Unknown,2029,2643,Flexible / Multi-System,info@ndolacity.zm,Club sporting director / first-team office
249,Emiliano Sanchez-Lopez,GK,23,Paraguay,Paraguay Regional League,2,Luque Rangers,104639,no,104639,-64.3,,38.775353819163605,0.0,Unknown,2028,1325,Flexible / Multi-System,info@luquerangers.py,Club sporting director / first-team office
3942,Amadou Coulibaly-Diarra,GK,23,Mali,Mali Third Tier - South,4,Kayes Rangers,96459,no,96459,-64.4,,45.93259440101361,0.0,Unknown,2028,1578,Flexible / Multi-System,info@kayesrangers.ml,Club sporting director / first-team office
974,Milan Horvath-Urban,DF,21,Slovakia,Slovakia Second Division - West,4,Zilina Rovers,116976,no,116976,-64.4,,54.20274996116831,0.0,Yes,2026,2385,Flexible / Multi-System,info@zilinarovers.sk,Go through the player's agent - ask the club to confirm representation first
2250,Sander Kask,DF,25,Estonia,Estonia Second Division - East,2,Tartu City,102649,no,102649,-64.6,,69.33066845084203,0.0,No,2026,2678,Flexible / Multi-System,info@tartucity.ee,Club sporting director / first-team office
854,Carlos Campos-Castillo,MF,19,Costa Rica,Costa Rica Second Division,4,San Jose SC,106303,no,106303,-64.7,,40.0134319871044,0.0,Unknown,2028,2554,Flexible / Multi-System,info@sanjosesc.cr,Club sporting director / first-team office
2496,Giorgi Kapanadze-Kiknadze,GK,25,Georgia,Georgia Third Tier - North,3,Batumi Wanderers,96379,no,96379,-64.9,,29.205570420088065,0.0,Unknown,2029,2216,Flexible / Multi-System,info@batumiwanderers.ge,Club sporting director / first-team office
2615,Cristian Lopez,MF,19,Paraguay,Paraguay Second Division,4,Asuncion City,118125,no,118125,-65.1,,44.12342480762994,0.0,No,2028,2402,Flexible / Multi-System,info@asuncioncity.py,Club sporting director / first-team office
4776,Karim Kareem,GK,26,Iraq,Iraq Third Tier - North,3,Erbil SC,96911,no,96911,-65.3,,67.02913273125965,0.0,No,2027,2670,Sweeper-Keeper / High Line,info@erbilsc.iq,Club sporting director / first-team office
4879,Kristers Vitols 64,DF,21,Latvia,Latvia Third Tier - South,3,Liepaja FC,112660,no,112660,-65.4,,69.36370175012,0.0,No,2026,2521,Flexible / Multi-System,info@liepajafc.lv,Club sporting director / first-team office
1254,Domagoj Kovac,DF,23,Croatia,Croatia Amateur League,3,Osijek FC,112684,no,112684,-66.0,,54.951068531543,0.0,Yes,2026,2577,Flexible / Multi-System,info@osijekfc.hr,Go through the player's agent - ask the club to confirm representation first
1994,Bruno Ferreira-Silva,GK,26,Uruguay,Uruguay Second Division - West,2,Rivera United,86327,no,86327,-66.0,,70.3892104764977,0.0,No,2026,2651,Flexible / Multi-System,info@riveraunited.uy,Club sporting director / first-team office
210,Sekou Sidibe-Coulibaly,GK,26,Mali,Mali Regional League,2,Kayes Town,85572,no,85572,-66.4,,21.89280371822196,0.0,Yes,2029,1278,Flexible / Multi-System,info@kayestown.ml,Go through the player's agent - ask the club to confirm representation first
4980,Jean Mbia-Njie,FW,25,Cameroon,Cameroon Reserve League,4,Yaounde Athletic,108270,no,108270,-66.6,,64.07350089745027,0.0,Unknown,2027,2375,Flexible / Multi-System,info@yaoundeathletic.cm,Club sporting director / first-team office
453,Marek Mets-Kukk,MF,25,Estonia,Estonia Amateur League,4,Tallinn Town,104703,no,104703,-66.6,,73.1431944773669,0.0,Unknown,2026,2504,Flexible / Multi-System,info@tallinntown.ee,Club sporting director / first-team office
351,Ji-ho Kim-Choi,DF,23,South Korea,South Korea Regional League,4,Gwangju City,115952,no,115952,-66.8,,25.07425677205902,0.0,Yes,2029,2114,Flexible / Multi-System,info@gwangjucity.kr,Go through the player's agent - ask the club to confirm representation first
4949,Kofi Mensah-Asante,GK,25,Ghana,Ghana Second Division,2,Sekondi Rovers,119661,no,119661,-66.9,,60.100161537039966,0.0,No,2027,1161,Shot-Stopper / Traditional,info@sekondirovers.gh,Club sporting director / first-team office
1936,Wilfried Diabate-Kone,DF,24,Ivory Coast,Ivory Coast Provincial League,3,Yamoussoukro SC,105279,no,105279,-67.0,,55.27887371090982,0.0,Yes,2026,2533,Flexible / Multi-System,info@yamoussoukrosc.ci,Go through the player's agent - ask the club to confirm representation first
1231,Gunnar Karlsson-Petursson,MF,20,Iceland,Iceland Provincial League,2,Hafnarfjordur City,118928,no,118928,-67.2,,37.492098910281726,0.0,No,2028,2514,Flexible / Multi-System,info@hafnarfjordurcity.is,Club sporting director / first-team office
3040,Petr Kucera,GK,25,Czechia,Czechia Third Tier - South,3,Ceske Budejovice Town,91630,no,91630,-67.4,,67.35858365709633,0.0,No,2027,2531,Sweeper-Keeper / High Line,info@ceskebudejovicetown.cz,Club sporting director / first-team office
4099,Haruto Takahashi-Sato,GK,24,Japan,Japan Amateur League,2,Fukuoka Town,92521,no,92521,-67.5,,39.19520406047792,0.0,Unknown,2028,2038,Flexible / Multi-System,info@fukuokatown.jp,Club sporting director / first-team office
1194,Modibo Diarra 25,GK,20,Mali,Mali Regional League,4,Kayes SC,114851,no,114851,-67.6,,45.48882222431362,0.0,Yes,2027,2577,Sweeper-Keeper / High Line,info@kayessc.ml,Go through the player's agent - ask the club to confirm representation first
2081,Cole Clarke,GK,18,New Zealand,New Zealand Second Division,2,Christchurch City,96748,no,96748,-67.6,,48.334786001351056,0.0,Unknown,2027,2301,Flexible / Multi-System,info@christchurchcity.nz,Club sporting director / first-team office
2691,Tim Novak,MF,25,Slovenia,Slovenia Second Division - East,2,Kranj Rangers,111366,no,111366,-67.8,,61.85253210382191,0.0,Unknown,2026,2376,Flexible / Multi-System,info@kranjrangers.si,Club sporting director / first-team office
1941,Kemar Brown,GK,21,Jamaica,Jamaica Reserve League,3,May Pen SC,109281,no,109281,-67.8,,26.61092284761197,0.0,Unknown,2029,2009,Flexible / Multi-System,info@maypensc.jm,Club sporting director / first-team office
3983,Serge Bamba-Kouassi,DF,26,Ivory Coast,Ivory Coast Second Division - East,3,San Pedro United,112615,no,112615,-68.0,,54.95401373749059,0.0,Yes,2026,2591,Flexible / Multi-System,info@sanpedrounited.ci,Go through the player's agent - ask the club to confirm representation first
1272,Otabek Rashidov-Rustamov,DF,26,Uzbekistan,Uzbekistan Second Division - West,2,Tashkent SC,107336,no,107336,-68.1,,29.40828978470302,0.0,No,2029,2350,Flexible / Multi-System,info@tashkentsc.uz,Club sporting director / first-team office
41,Einar Olafsson,DF,26,Iceland,Iceland Second Division,3,Hafnarfjordur Wanderers,105623,no,105623,-68.5,,32.24451683796812,0.0,No,2029,2050,Flexible / Multi-System,info@hafnarfjordurwanderers.is,Club sporting director / first-team office
2867,Kristers Liepa-Kalns,MF,25,Latvia,Latvia Second Division - East,3,Daugavpils FC,106278,no,106278,-68.6,,68.00005948691428,0.0,Unknown,2026,2178,Flexible / Multi-System,info@daugavpilsfc.lv,Club sporting director / first-team office
4655,Moussa Diallo-Faye,DF,24,Senegal,Senegal Amateur League,3,Dakar Rangers,118424,no,118424,-68.6,,41.997915139854925,0.0,Unknown,2028,2427,Flexible / Multi-System,info@dakarrangers.sn,Club sporting director / first-team office
1930,Adam Toth,MF,24,Hungary,Hungary Regional League,4,Gyor United,110567,no,110567,-68.7,,71.17889971532907,0.0,No,2027,2516,Flexible / Multi-System,info@gyorunited.hu,Club sporting director / first-team office
83,Peter Horvath-Kovac,MF,25,Slovakia,Slovakia Second Division - East,2,Presov Wanderers,115972,no,115972,-68.9,,60.26506008429488,0.0,No,2027,2423,Flexible / Multi-System,info@presovwanderers.sk,Club sporting director / first-team office
134,Serge Diabate,MF,22,Ivory Coast,Ivory Coast Amateur League,2,Yamoussoukro City,117908,no,117908,-68.9,,57.867084964725194,0.0,No,2027,2490,Flexible / Multi-System,info@yamoussoukrocity.ci,Club sporting director / first-team office
235,Milan Kovac,GK,25,Slovakia,Slovakia Second Division - West,3,Nitra City,97696,no,97696,-69.8,,32.465382489497635,0.0,No,2029,861,Flexible / Multi-System,info@nitracity.sk,Club sporting director / first-team office
48,Yuto Tanaka,GK,26,Japan,Japan Second Division - East,3,Sendai United,108800,no,108800,-70.0,,67.8606569106388,0.0,Unknown,2026,2357,Flexible / Multi-System,info@sendaiunited.jp,Club sporting director / first-team office
86,Ha-joon Park-Jung,GK,26,South Korea,South Korea Second Division - West,2,Daegu SC,90760,no,90760,-70.0,,55.32356254587935,0.0,Unknown,2027,2391,Flexible / Multi-System,info@daegusc.kr,Club sporting director / first-team office
684,Yves Toure-Diabate,FW,24,Ivory Coast,Ivory Coast Amateur League,3,San Pedro Wanderers,117760,no,117760,-70.1,,28.698014263375768,0.0,Unknown,2029,2149,Flexible / Multi-System,info@sanpedrowanderers.ci,Club sporting director / first-team office
2000,Bryan Zambrano-Suarez,MF,25,Ecuador,Ecuador Third Tier - South,3,Quito Rangers,109805,no,109805,-70.2,,32.135148203457284,0.0,No,2029,2269,Flexible / Multi-System,info@quitorangers.ec,Club sporting director / first-team office
3318,Gentian Duro-Krasniqi,FW,23,Albania,Albania Amateur League,2,Elbasan FC,113911,no,113911,-70.6,,61.730364602418135,0.0,Unknown,2026,2497,Flexible / Multi-System,info@elbasanfc.al,Club sporting director / first-team office
4969,Yves Traore-Kone,GK,25,Ivory Coast,Ivory Coast Second Division - West,3,Yamoussoukro Town,93197,no,93197,-70.9,,34.83549931796097,0.0,Yes,2028,2453,Flexible / Multi-System,info@yamoussoukrotown.ci,Go through the player's agent - ask the club to confirm representation first
3287,Martin Urban,GK,26,Slovakia,Slovakia Third Tier - South,3,Trnava Rovers,99123,no,99123,-71.3,,23.664094575405933,0.0,Yes,2029,1058,Flexible / Multi-System,info@trnavarovers.sk,Go through the player's agent - ask the club to confirm representation first
4041,Shamar Reid-Bailey,GK,23,Jamaica,Jamaica Third Tier - South,3,Kingston Wanderers,116792,no,116792,-71.5,,31.962158179319932,0.0,No,2029,1798,Flexible / Multi-System,info@kingstonwanderers.jm,Club sporting director / first-team office
2570,Max Diabate-Kouassi,MF,25,Ivory Coast,Ivory Coast Third Tier - South,3,Yamoussoukro Rangers,116439,no,116439,-72.0,,48.14021679354448,0.0,Yes,2027,2429,Flexible / Multi-System,info@yamoussoukrorangers.ci,Go through the player's agent - ask the club to confirm representation first
511,Yuto Suzuki-Tanaka,GK,26,Japan,Japan Regional League,2,Nagoya FC,107878,no,107878,-72.7,,69.02990856989278,0.0,No,2026,2638,Flexible / Multi-System,info@nagoyafc.jp,Club sporting director / first-team office
1052,Ardit Krasniqi-Meta,GK,25,Albania,Albania Third Tier - South,3,Vlore Town,105553,no,105553,-72.9,,48.55544981297643,0.0,Yes,2027,1700,Flexible / Multi-System,info@vloretown.al,Go through the player's agent - ask the club to confirm representation first
2058,Nejc Kovac-Zupan,DF,23,Slovenia,Slovenia Reserve League,4,Koper Wanderers,116840,no,116840,-73.9,,58.84330917970241,0.0,Yes,2026,1925,Flexible / Multi-System,info@koperwanderers.si,Go through the player's agent - ask the club to confirm representation first
2302,Marlon Elvir-Chirinos,GK,26,Honduras,Honduras Third Tier - South,3,Choluteca Wanderers,98277,no,98277,-74.0,,34.674097703048155,0.0,Yes,2028,1427,Flexible / Multi-System,info@cholutecawanderers.hn,Go through the player's agent - ask the club to confirm representation first
754,Jesus Martinez-Rojas,MF,26,Venezuela,Venezuela Third Tier - North,4,Maracaibo Rangers,113309,no,113309,-74.0,,36.786954322471075,0.0,Yes,2028,2618,Flexible / Multi-System,info@maracaiborangers.ve,Go through the player's agent - ask the club to confirm representation first
454,Kelvin Zulu-Banda,MF,25,Zambia,Zambia Provincial League,2,Livingstone Town,119168,no,119168,-74.8,,42.66635831183895,0.0,No,2028,2619,Flexible / Multi-System,info@livingstonetown.zm,Club sporting director / first-team office
2529,Karlo Barisic-Horvat,DF,26,Croatia,Croatia Second Division,3,Osijek Rovers,115720,no,115720,-75.0,,46.83559679591336,0.0,No,2028,2514,Flexible / Multi-System,info@osijekrovers.hr,Club sporting director / first-team office
3513,Milan Varga,GK,24,Slovakia,Slovakia Third Tier - North,2,Zilina Athletic,119976,no,119976,-77.6,,53.988983181836616,0.0,Unknown,2027,2184,Shot-Stopper / Traditional,info@zilinaathletic.sk,Club sporting director / first-team office
1872,Amadou Coulibaly-Keita,GK,23,Mali,Mali Regional League,4,Kayes United,111935,no,111935,-78.7,,59.06454083608326,0.0,Yes,2026,1840,Flexible / Multi-System,info@kayesunited.ml,Go through the player's agent - ask the club to confirm representation first
